Linux 6.8.0-124-generic (sok-com) 	2026년 08월 01일 	_x86_64_	(12 CPU)

avg-cpu:  %user   %nice %system %iowait  %steal   %idle
           4.25    0.01    0.77    0.02    0.00   94.94

Device            r/s     rkB/s   rrqm/s  %rrqm r_await rareq-sz     w/s     wkB/s   wrqm/s  %wrqm w_await wareq-sz     d/s     dkB/s   drqm/s  %drqm d_await dareq-sz     f/s f_await  aqu-sz  %util
nvme1n1p3        7.00    412.08     0.00   0.00    0.17    58.90   21.47   1538.30     0.01   0.03    0.25    71.64    0.00      0.00     0.00   0.00    0.00     0.00    0.00    0.00    0.01   0.18
nvme1n1p4        6.75    298.76     0.00   0.00    0.18    44.28   21.72   1537.72     0.01   0.05    0.25    70.79    0.00      0.00     0.00   0.00    0.00     0.00    0.00    0.00    0.01   0.17
nvme1n1p5        7.45    354.67     0.00   0.00    0.18    47.59   21.96   1541.42     0.01   0.04    0.25    70.21    0.00      0.00     0.00   0.00    0.00     0.00    0.00    0.00    0.01   0.19


avg-cpu:  %user   %nice %system %iowait  %steal   %idle
          15.62    0.00    3.11    0.25    0.00   81.02

Device            r/s     rkB/s   rrqm/s  %rrqm r_await rareq-sz     w/s     wkB/s   wrqm/s  %wrqm w_await wareq-sz     d/s     dkB/s   drqm/s  %drqm d_await dareq-sz     f/s f_await  aqu-sz  %util
nvme1n1p3        0.00      0.00     0.00   0.00    0.00     0.00   56.00    220.00     0.00   0.00    0.18     3.93    0.00      0.00     0.00   0.00    0.00     0.00    0.00    0.00    0.01   1.00
nvme1n1p4        0.00      0.00     0.00   0.00    0.00     0.00   56.00    220.00     0.00   0.00    0.18     3.93    0.00      0.00     0.00   0.00    0.00     0.00    0.00    0.00    0.01   0.90
nvme1n1p5        0.00      0.00     0.00   0.00    0.00     0.00   56.00    220.00     0.00   0.00    0.18     3.93    0.00      0.00     0.00   0.00    0.00     0.00    0.00    0.00    0.01   0.70


avg-cpu:  %user   %nice %system %iowait  %steal   %idle
          14.25    0.00    2.73    0.09    0.00   82.94

Device            r/s     rkB/s   rrqm/s  %rrqm r_await rareq-sz     w/s     wkB/s   wrqm/s  %wrqm w_await wareq-sz     d/s     dkB/s   drqm/s  %drqm d_await dareq-sz     f/s f_await  aqu-sz  %util
nvme1n1p3        0.00      0.00     0.00   0.00    0.00     0.00   44.00    196.00     0.00   0.00    0.14     4.45    0.00      0.00     0.00   0.00    0.00     0.00    0.00    0.00    0.01   0.80
nvme1n1p4        0.00      0.00     0.00   0.00    0.00     0.00   72.00    420.00     0.00   0.00    0.10     5.83    0.00      0.00     0.00   0.00    0.00     0.00    0.00    0.00    0.01   0.60
nvme1n1p5        0.00      0.00     0.00   0.00    0.00     0.00   44.00    196.00     0.00   0.00    0.14     4.45    0.00      0.00     0.00   0.00    0.00     0.00    0.00    0.00    0.01   0.80


avg-cpu:  %user   %nice %system %iowait  %steal   %idle
          14.52    0.00    2.68    0.26    0.00   82.54

Device            r/s     rkB/s   rrqm/s  %rrqm r_await rareq-sz     w/s     wkB/s   wrqm/s  %wrqm w_await wareq-sz     d/s     dkB/s   drqm/s  %drqm d_await dareq-sz     f/s f_await  aqu-sz  %util
nvme1n1p3        0.00      0.00     0.00   0.00    0.00     0.00  108.00    540.00     0.00   0.00    0.16     5.00    0.00      0.00     0.00   0.00    0.00     0.00    0.00    0.00    0.02   1.50
nvme1n1p4        0.00      0.00     0.00   0.00    0.00     0.00   72.00    328.00     0.00   0.00    0.18     4.56    0.00      0.00     0.00   0.00    0.00     0.00    0.00    0.00    0.01   1.20
nvme1n1p5        0.00      0.00     0.00   0.00    0.00     0.00  107.00    544.00     0.00   0.00    0.17     5.08    0.00      0.00     0.00   0.00    0.00     0.00    0.00    0.00    0.02   1.20


avg-cpu:  %user   %nice %system %iowait  %steal   %idle
          30.17    0.00    5.21    0.34    0.00   64.27

Device            r/s     rkB/s   rrqm/s  %rrqm r_await rareq-sz     w/s     wkB/s   wrqm/s  %wrqm w_await wareq-sz     d/s     dkB/s   drqm/s  %drqm d_await dareq-sz     f/s f_await  aqu-sz  %util
nvme1n1p3        2.00    156.00     0.00   0.00    0.50    78.00 2734.00  25844.00     0.00   0.00    0.06     9.45    0.00      0.00     0.00   0.00    0.00     0.00    0.00    0.00    0.17   4.10
nvme1n1p4        1.00     20.00     0.00   0.00    0.00    20.00 3066.00  28656.00     0.00   0.00    0.07     9.35    0.00      0.00     0.00   0.00    0.00     0.00    0.00    0.00    0.20   4.80
nvme1n1p5        0.00      0.00     0.00   0.00    0.00     0.00 3083.00  28800.00     0.00   0.00    0.08     9.34    0.00      0.00     0.00   0.00    0.00     0.00    0.00    0.00    0.24   4.70


avg-cpu:  %user   %nice %system %iowait  %steal   %idle
          68.10    0.00   15.35    1.29    0.00   15.27

Device            r/s     rkB/s   rrqm/s  %rrqm r_await rareq-sz     w/s     wkB/s   wrqm/s  %wrqm w_await wareq-sz     d/s     dkB/s   drqm/s  %drqm d_await dareq-sz     f/s f_await  aqu-sz  %util
nvme1n1p3        0.00      0.00     0.00   0.00    0.00     0.00 12412.00 111532.00     0.00   0.00    0.06     8.99    0.00      0.00     0.00   0.00    0.00     0.00    0.00    0.00    0.80  15.20
nvme1n1p4        0.00      0.00     0.00   0.00    0.00     0.00 12165.00 108796.00     0.00   0.00    0.06     8.94    0.00      0.00     0.00   0.00    0.00     0.00    0.00    0.00    0.72  16.50
nvme1n1p5        0.00      0.00     0.00   0.00    0.00     0.00 12680.00 110316.00     0.00   0.00    0.06     8.70    0.00      0.00     0.00   0.00    0.00     0.00    0.00    0.00    0.78  19.40


avg-cpu:  %user   %nice %system %iowait  %steal   %idle
          64.87    0.00   16.62    1.29    0.00   17.22

Device            r/s     rkB/s   rrqm/s  %rrqm r_await rareq-sz     w/s     wkB/s   wrqm/s  %wrqm w_await wareq-sz     d/s     dkB/s   drqm/s  %drqm d_await dareq-sz     f/s f_await  aqu-sz  %util
nvme1n1p3        0.00      0.00     0.00   0.00    0.00     0.00 12204.00 110036.00     0.00   0.00    0.06     9.02    0.00      0.00     0.00   0.00    0.00     0.00    0.00    0.00    0.70  14.00
nvme1n1p4        0.00      0.00     0.00   0.00    0.00     0.00 12741.00 110436.00     0.00   0.00    0.06     8.67    0.00      0.00     0.00   0.00    0.00     0.00    0.00    0.00    0.73  20.40
nvme1n1p5        0.00      0.00     0.00   0.00    0.00     0.00 12906.00 111176.00     0.00   0.00    0.06     8.61    0.00      0.00     0.00   0.00    0.00     0.00    0.00    0.00    0.79  19.00


avg-cpu:  %user   %nice %system %iowait  %steal   %idle
          66.04    0.00   15.74    1.20    0.00   17.02

Device            r/s     rkB/s   rrqm/s  %rrqm r_await rareq-sz     w/s     wkB/s   wrqm/s  %wrqm w_await wareq-sz     d/s     dkB/s   drqm/s  %drqm d_await dareq-sz     f/s f_await  aqu-sz  %util
nvme1n1p3        0.00      0.00     0.00   0.00    0.00     0.00 12633.00 114108.00     0.00   0.00    0.06     9.03    0.00      0.00     0.00   0.00    0.00     0.00    0.00    0.00    0.72  13.50
nvme1n1p4        0.00      0.00     0.00   0.00    0.00     0.00 13102.00 114468.00     0.00   0.00    0.06     8.74    0.00      0.00     0.00   0.00    0.00     0.00    0.00    0.00    0.77  19.20
nvme1n1p5        0.00      0.00     0.00   0.00    0.00     0.00 13280.00 115048.00     0.00   0.00    0.06     8.66    0.00      0.00     0.00   0.00    0.00     0.00    0.00    0.00    0.80  19.10


avg-cpu:  %user   %nice %system %iowait  %steal   %idle
          66.52    0.00   14.76    1.12    0.00   17.60

Device            r/s     rkB/s   rrqm/s  %rrqm r_await rareq-sz     w/s     wkB/s   wrqm/s  %wrqm w_await wareq-sz     d/s     dkB/s   drqm/s  %drqm d_await dareq-sz     f/s f_await  aqu-sz  %util
nvme1n1p3        5.00     52.00     0.00   0.00    0.00    10.40 12338.00 111072.00     0.00   0.00    0.06     9.00    0.00      0.00     0.00   0.00    0.00     0.00    0.00    0.00    0.71  12.40
nvme1n1p4        9.00    132.00     0.00   0.00    0.33    14.67 12854.00 112816.00     0.00   0.00    0.07     8.78    0.00      0.00     0.00   0.00    0.00     0.00    0.00    0.00    0.93  18.00
nvme1n1p5        2.00      8.00     0.00   0.00    0.00     4.00 13047.00 112652.00     0.00   0.00    0.06     8.63    0.00      0.00     0.00   0.00    0.00     0.00    0.00    0.00    0.83  18.90


avg-cpu:  %user   %nice %system %iowait  %steal   %idle
          66.30    0.00   15.74    1.11    0.00   16.85

Device            r/s     rkB/s   rrqm/s  %rrqm r_await rareq-sz     w/s     wkB/s   wrqm/s  %wrqm w_await wareq-sz     d/s     dkB/s   drqm/s  %drqm d_await dareq-sz     f/s f_await  aqu-sz  %util
nvme1n1p3        0.00      0.00     0.00   0.00    0.00     0.00 12538.00 111896.00     0.00   0.00    0.06     8.92    0.00      0.00     0.00   0.00    0.00     0.00    0.00    0.00    0.73  13.20
nvme1n1p4        0.00      0.00     0.00   0.00    0.00     0.00 12926.00 113036.00     0.00   0.00    0.06     8.74    0.00      0.00     0.00   0.00    0.00     0.00    0.00    0.00    0.76  16.50
nvme1n1p5        0.00      0.00     0.00   0.00    0.00     0.00 13090.00 113296.00     0.00   0.00    0.06     8.66    0.00      0.00     0.00   0.00    0.00     0.00    0.00    0.00    0.85  18.90


avg-cpu:  %user   %nice %system %iowait  %steal   %idle
          68.24    0.00   15.07    1.28    0.00   15.41

Device            r/s     rkB/s   rrqm/s  %rrqm r_await rareq-sz     w/s     wkB/s   wrqm/s  %wrqm w_await wareq-sz     d/s     dkB/s   drqm/s  %drqm d_await dareq-sz     f/s f_await  aqu-sz  %util
nvme1n1p3       13.00    212.00     0.00   0.00    0.23    16.31 12328.00 109740.00     0.00   0.00    0.06     8.90    0.00      0.00     0.00   0.00    0.00     0.00    0.00    0.00    0.73  13.60
nvme1n1p4        3.00    160.00     0.00   0.00    0.00    53.33 12932.00 111540.00     0.00   0.00    0.06     8.63    0.00      0.00     0.00   0.00    0.00     0.00    0.00    0.00    0.78  20.20
nvme1n1p5        2.00      8.00     0.00   0.00    0.00     4.00 12781.00 111296.00     0.00   0.00    0.06     8.71    0.00      0.00     0.00   0.00    0.00     0.00    0.00    0.00    0.78  19.10


avg-cpu:  %user   %nice %system %iowait  %steal   %idle
          66.30    0.00   15.65    1.20    0.00   16.85

Device            r/s     rkB/s   rrqm/s  %rrqm r_await rareq-sz     w/s     wkB/s   wrqm/s  %wrqm w_await wareq-sz     d/s     dkB/s   drqm/s  %drqm d_await dareq-sz     f/s f_await  aqu-sz  %util
nvme1n1p3        0.00      0.00     0.00   0.00    0.00     0.00 12847.00 114600.00     0.00   0.00    0.06     8.92    0.00      0.00     0.00   0.00    0.00     0.00    0.00    0.00    0.74  13.70
nvme1n1p4        0.00      0.00     0.00   0.00    0.00     0.00 13159.00 114220.00     0.00   0.00    0.06     8.68    0.00      0.00     0.00   0.00    0.00     0.00    0.00    0.00    0.79  20.50
nvme1n1p5        0.00      0.00     0.00   0.00    0.00     0.00 13454.00 115688.00     0.00   0.00    0.06     8.60    0.00      0.00     0.00   0.00    0.00     0.00    0.00    0.00    0.83  17.50


avg-cpu:  %user   %nice %system %iowait  %steal   %idle
          65.58    0.00   15.80    1.37    0.00   17.25

Device            r/s     rkB/s   rrqm/s  %rrqm r_await rareq-sz     w/s     wkB/s   wrqm/s  %wrqm w_await wareq-sz     d/s     dkB/s   drqm/s  %drqm d_await dareq-sz     f/s f_await  aqu-sz  %util
nvme1n1p3        4.00     16.00     0.00   0.00    0.00     4.00 11920.00 105484.00     0.00   0.00    0.06     8.85    0.00      0.00     0.00   0.00    0.00     0.00    0.00    0.00    0.69  14.30
nvme1n1p4        0.00      0.00     0.00   0.00    0.00     0.00 12416.00 107644.00     0.00   0.00    0.06     8.67    0.00      0.00     0.00   0.00    0.00     0.00    0.00    0.00    0.74  18.90
nvme1n1p5        0.00      0.00     0.00   0.00    0.00     0.00 12541.00 107196.00     0.00   0.00    0.06     8.55    0.00      0.00     0.00   0.00    0.00     0.00    0.00    0.00    0.80  24.30


avg-cpu:  %user   %nice %system %iowait  %steal   %idle
          65.62    0.00   16.00    1.36    0.00   17.02

Device            r/s     rkB/s   rrqm/s  %rrqm r_await rareq-sz     w/s     wkB/s   wrqm/s  %wrqm w_await wareq-sz     d/s     dkB/s   drqm/s  %drqm d_await dareq-sz     f/s f_await  aqu-sz  %util
nvme1n1p3        0.00      0.00     0.00   0.00    0.00     0.00 11056.00  97916.00     0.00   0.00    0.06     8.86    0.00      0.00     0.00   0.00    0.00     0.00    0.00    0.00    0.63  11.90
nvme1n1p4        0.00      0.00     0.00   0.00    0.00     0.00 11678.00  98484.00     0.00   0.00    0.06     8.43    0.00      0.00     0.00   0.00    0.00     0.00    0.00    0.00    0.71  18.10
nvme1n1p5        0.00      0.00     0.00   0.00    0.00     0.00 11658.00  98552.00     0.00   0.00    0.06     8.45    0.00      0.00     0.00   0.00    0.00     0.00    0.00    0.00    0.71  19.90


avg-cpu:  %user   %nice %system %iowait  %steal   %idle
          65.37    0.00   16.13    1.19    0.00   17.32

Device            r/s     rkB/s   rrqm/s  %rrqm r_await rareq-sz     w/s     wkB/s   wrqm/s  %wrqm w_await wareq-sz     d/s     dkB/s   drqm/s  %drqm d_await dareq-sz     f/s f_await  aqu-sz  %util
nvme1n1p3        0.00      0.00     0.00   0.00    0.00     0.00 11002.00  97856.00     0.00   0.00    0.06     8.89    0.00      0.00     0.00   0.00    0.00     0.00    0.00    0.00    0.63  12.20
nvme1n1p4        0.00      0.00     0.00   0.00    0.00     0.00 11498.00  99004.00     0.00   0.00    0.06     8.61    0.00      0.00     0.00   0.00    0.00     0.00    0.00    0.00    0.64  17.40
nvme1n1p5        0.00      0.00     0.00   0.00    0.00     0.00 11584.00  99144.00     0.00   0.00    0.06     8.56    0.00      0.00     0.00   0.00    0.00     0.00    0.00    0.00    0.73  17.80


avg-cpu:  %user   %nice %system %iowait  %steal   %idle
          72.26    0.00   13.49    0.76    0.00   13.49

Device            r/s     rkB/s   rrqm/s  %rrqm r_await rareq-sz     w/s     wkB/s   wrqm/s  %wrqm w_await wareq-sz     d/s     dkB/s   drqm/s  %drqm d_await dareq-sz     f/s f_await  aqu-sz  %util
nvme1n1p3        1.00     32.00     0.00   0.00    0.00    32.00 10273.00  90788.00     0.00   0.00    0.06     8.84    0.00      0.00     0.00   0.00    0.00     0.00    0.00    0.00    0.64   9.70
nvme1n1p4        0.00      0.00     0.00   0.00    0.00     0.00 10366.00  91312.00     0.00   0.00    0.06     8.81    0.00      0.00     0.00   0.00    0.00     0.00    0.00    0.00    0.64  12.60
nvme1n1p5        0.00      0.00     0.00   0.00    0.00     0.00 10714.00  91948.00     0.00   0.00    0.06     8.58    0.00      0.00     0.00   0.00    0.00     0.00    0.00    0.00    0.68  14.90


avg-cpu:  %user   %nice %system %iowait  %steal   %idle
          65.16    0.00   16.57    1.28    0.00   16.99

Device            r/s     rkB/s   rrqm/s  %rrqm r_await rareq-sz     w/s     wkB/s   wrqm/s  %wrqm w_await wareq-sz     d/s     dkB/s   drqm/s  %drqm d_await dareq-sz     f/s f_await  aqu-sz  %util
nvme1n1p3        0.00      0.00     0.00   0.00    0.00     0.00 11219.00  99336.00     0.00   0.00    0.08     8.85    0.00      0.00     0.00   0.00    0.00     0.00    0.00    0.00    0.95  13.20
nvme1n1p4        0.00      0.00     0.00   0.00    0.00     0.00 11666.00 100060.00     0.00   0.00    0.07     8.58    0.00      0.00     0.00   0.00    0.00     0.00    0.00    0.00    0.79  17.40
nvme1n1p5        1.00     12.00     0.00   0.00    0.00    12.00 11800.00 100312.00     0.00   0.00    0.09     8.50    0.00      0.00     0.00   0.00    0.00     0.00    0.00    0.00    1.12  20.30


avg-cpu:  %user   %nice %system %iowait  %steal   %idle
          64.49    0.00   15.89    1.44    0.00   18.18

Device            r/s     rkB/s   rrqm/s  %rrqm r_await rareq-sz     w/s     wkB/s   wrqm/s  %wrqm w_await wareq-sz     d/s     dkB/s   drqm/s  %drqm d_await dareq-sz     f/s f_await  aqu-sz  %util
nvme1n1p3        0.00      0.00     0.00   0.00    0.00     0.00 9088.00  81324.00     0.00   0.00    0.05     8.95    0.00      0.00     0.00   0.00    0.00     0.00    0.00    0.00    0.49   8.90
nvme1n1p4        0.00      0.00     0.00   0.00    0.00     0.00 10155.00  83764.00     0.00   0.00    0.06     8.25    0.00      0.00     0.00   0.00    0.00     0.00    0.00    0.00    0.60  21.00
nvme1n1p5        0.00      0.00     0.00   0.00    0.00     0.00 10230.00  84096.00     0.00   0.00    0.06     8.22    0.00      0.00     0.00   0.00    0.00     0.00    0.00    0.00    0.61  20.80


avg-cpu:  %user   %nice %system %iowait  %steal   %idle
          68.60    0.00   13.14    1.28    0.00   16.98

Device            r/s     rkB/s   rrqm/s  %rrqm r_await rareq-sz     w/s     wkB/s   wrqm/s  %wrqm w_await wareq-sz     d/s     dkB/s   drqm/s  %drqm d_await dareq-sz     f/s f_await  aqu-sz  %util
nvme1n1p3        0.00      0.00     0.00   0.00    0.00     0.00 9616.00  85328.00     0.00   0.00    0.06     8.87    0.00      0.00     0.00   0.00    0.00     0.00    0.00    0.00    0.55   9.30
nvme1n1p4        0.00      0.00     0.00   0.00    0.00     0.00 10170.00  86700.00     0.00   0.00    0.06     8.53    0.00      0.00     0.00   0.00    0.00     0.00    0.00    0.00    0.58  14.20
nvme1n1p5        0.00      0.00     0.00   0.00    0.00     0.00 10707.00  88124.00     0.00   0.00    0.06     8.23    0.00      0.00     0.00   0.00    0.00     0.00    0.00    0.00    0.65  18.70


avg-cpu:  %user   %nice %system %iowait  %steal   %idle
          72.27    0.00   12.94    0.92    0.00   13.87

Device            r/s     rkB/s   rrqm/s  %rrqm r_await rareq-sz     w/s     wkB/s   wrqm/s  %wrqm w_await wareq-sz     d/s     dkB/s   drqm/s  %drqm d_await dareq-sz     f/s f_await  aqu-sz  %util
nvme1n1p3        0.00      0.00     0.00   0.00    0.00     0.00 10415.00 139176.00     0.00   0.00    0.06    13.36    0.00      0.00     0.00   0.00    0.00     0.00    0.00    0.00    0.64  12.60
nvme1n1p4        0.00      0.00     0.00   0.00    0.00     0.00 11224.00 180252.00     0.00   0.00    0.06    16.06    0.00      0.00     0.00   0.00    0.00     0.00    0.00    0.00    0.68  17.40
nvme1n1p5        0.00      0.00     0.00   0.00    0.00     0.00 11281.00 173300.00     0.00   0.00    0.06    15.36    0.00      0.00     0.00   0.00    0.00     0.00    0.00    0.00    0.72  18.90


avg-cpu:  %user   %nice %system %iowait  %steal   %idle
          71.40    0.00   12.18    0.93    0.00   15.48

Device            r/s     rkB/s   rrqm/s  %rrqm r_await rareq-sz     w/s     wkB/s   wrqm/s  %wrqm w_await wareq-sz     d/s     dkB/s   drqm/s  %drqm d_await dareq-sz     f/s f_await  aqu-sz  %util
nvme1n1p3        0.00      0.00     0.00   0.00    0.00     0.00 10669.00 143200.00     0.00   0.00    0.06    13.42    0.00      0.00     0.00   0.00    0.00     0.00    0.00    0.00    0.66  12.90
nvme1n1p4        1.00     16.00     0.00   0.00    0.00    16.00 10808.00 106228.00     0.00   0.00    0.06     9.83    0.00      0.00     0.00   0.00    0.00     0.00    0.00    0.00    0.68  15.80
nvme1n1p5        0.00      0.00     0.00   0.00    0.00     0.00 10771.00 112612.00     0.00   0.00    0.06    10.46    0.00      0.00     0.00   0.00    0.00     0.00    0.00    0.00    0.68  15.40


avg-cpu:  %user   %nice %system %iowait  %steal   %idle
          68.07    0.00   15.07    1.28    0.00   15.58

Device            r/s     rkB/s   rrqm/s  %rrqm r_await rareq-sz     w/s     wkB/s   wrqm/s  %wrqm w_await wareq-sz     d/s     dkB/s   drqm/s  %drqm d_await dareq-sz     f/s f_await  aqu-sz  %util
nvme1n1p3        1.00      4.00     0.00   0.00    1.00     4.00 11778.00 104496.00     0.00   0.00    0.06     8.87    0.00      0.00     0.00   0.00    0.00     0.00    0.00    0.00    0.70  12.00
nvme1n1p4        0.00      0.00     0.00   0.00    0.00     0.00 11747.00 102564.00     0.00   0.00    0.06     8.73    0.00      0.00     0.00   0.00    0.00     0.00    0.00    0.00    0.70  14.50
nvme1n1p5        0.00      0.00     0.00   0.00    0.00     0.00 12329.00 104032.00     0.00   0.00    0.06     8.44    0.00      0.00     0.00   0.00    0.00     0.00    0.00    0.00    0.76  21.70


avg-cpu:  %user   %nice %system %iowait  %steal   %idle
          65.38    0.00   15.04    1.37    0.00   18.21

Device            r/s     rkB/s   rrqm/s  %rrqm r_await rareq-sz     w/s     wkB/s   wrqm/s  %wrqm w_await wareq-sz     d/s     dkB/s   drqm/s  %drqm d_await dareq-sz     f/s f_await  aqu-sz  %util
nvme1n1p3        1.00     36.00     0.00   0.00    0.00    36.00 11476.00 101544.00     0.00   0.00    0.06     8.85    0.00      0.00     0.00   0.00    0.00     0.00    0.00    0.00    0.64  11.80
nvme1n1p4        1.00     40.00     0.00   0.00    0.00    40.00 11916.00 102712.00     0.00   0.00    0.06     8.62    0.00      0.00     0.00   0.00    0.00     0.00    0.00    0.00    0.73  17.10
nvme1n1p5        0.00      0.00     0.00   0.00    0.00     0.00 12379.00 103640.00     0.00   0.00    0.06     8.37    0.00      0.00     0.00   0.00    0.00     0.00    0.00    0.00    0.76  24.20


avg-cpu:  %user   %nice %system %iowait  %steal   %idle
          73.64    0.00   11.99    1.02    0.00   13.35

Device            r/s     rkB/s   rrqm/s  %rrqm r_await rareq-sz     w/s     wkB/s   wrqm/s  %wrqm w_await wareq-sz     d/s     dkB/s   drqm/s  %drqm d_await dareq-sz     f/s f_await  aqu-sz  %util
nvme1n1p3        8.00    188.00     0.00   0.00    0.12    23.50 10041.00  89732.00     0.00   0.00    0.06     8.94    0.00      0.00     0.00   0.00    0.00     0.00    0.00    0.00    0.62  10.70
nvme1n1p4        0.00      0.00     0.00   0.00    0.00     0.00 10709.00  92336.00     0.00   0.00    0.06     8.62    0.00      0.00     0.00   0.00    0.00     0.00    0.00    0.00    0.66  15.90
nvme1n1p5        0.00      0.00     0.00   0.00    0.00     0.00 10780.00  92348.00     0.00   0.00    0.07     8.57    0.00      0.00     0.00   0.00    0.00     0.00    0.00    0.00    0.70  18.30


avg-cpu:  %user   %nice %system %iowait  %steal   %idle
          74.06    0.00   10.97    0.85    0.00   14.12

Device            r/s     rkB/s   rrqm/s  %rrqm r_await rareq-sz     w/s     wkB/s   wrqm/s  %wrqm w_await wareq-sz     d/s     dkB/s   drqm/s  %drqm d_await dareq-sz     f/s f_await  aqu-sz  %util
nvme1n1p3        7.00     28.00     0.00   0.00    0.00     4.00 10214.00  91348.00     0.00   0.00    0.06     8.94    0.00      0.00     0.00   0.00    0.00     0.00    0.00    0.00    0.62  10.10
nvme1n1p4        0.00      0.00     0.00   0.00    0.00     0.00 10408.00  90284.00     0.00   0.00    0.06     8.67    0.00      0.00     0.00   0.00    0.00     0.00    0.00    0.00    0.62  14.80
nvme1n1p5        2.00      8.00     0.00   0.00    0.50     4.00 10782.00  91888.00     0.00   0.00    0.06     8.52    0.00      0.00     0.00   0.00    0.00     0.00    0.00    0.00    0.69  16.00


avg-cpu:  %user   %nice %system %iowait  %steal   %idle
          73.59    0.00   11.84    1.02    0.00   13.54

Device            r/s     rkB/s   rrqm/s  %rrqm r_await rareq-sz     w/s     wkB/s   wrqm/s  %wrqm w_await wareq-sz     d/s     dkB/s   drqm/s  %drqm d_await dareq-sz     f/s f_await  aqu-sz  %util
nvme1n1p3        1.00      4.00     0.00   0.00    0.00     4.00 10084.00  88860.00     0.00   0.00    0.06     8.81    0.00      0.00     0.00   0.00    0.00     0.00    0.00    0.00    0.60  12.90
nvme1n1p4        0.00      0.00     0.00   0.00    0.00     0.00 10688.00  91584.00     0.00   0.00    0.06     8.57    0.00      0.00     0.00   0.00    0.00     0.00    0.00    0.00    0.69  16.60
nvme1n1p5        0.00      0.00     0.00   0.00    0.00     0.00 10562.00  90504.00     0.00   0.00    0.06     8.57    0.00      0.00     0.00   0.00    0.00     0.00    0.00    0.00    0.68  14.90


avg-cpu:  %user   %nice %system %iowait  %steal   %idle
          73.36    0.00   11.89    1.01    0.00   13.74

Device            r/s     rkB/s   rrqm/s  %rrqm r_await rareq-sz     w/s     wkB/s   wrqm/s  %wrqm w_await wareq-sz     d/s     dkB/s   drqm/s  %drqm d_await dareq-sz     f/s f_await  aqu-sz  %util
nvme1n1p3        2.00      8.00     0.00   0.00    0.50     4.00 11522.00 103160.00     0.00   0.00    0.06     8.95    0.00      0.00     0.00   0.00    0.00     0.00    0.00    0.00    0.71  14.70
nvme1n1p4        0.00      0.00     0.00   0.00    0.00     0.00 11574.00 101536.00     0.00   0.00    0.06     8.77    0.00      0.00     0.00   0.00    0.00     0.00    0.00    0.00    0.69  17.40
nvme1n1p5        6.00     24.00     0.00   0.00    0.00     4.00 11621.00 100916.00     0.00   0.00    0.06     8.68    0.00      0.00     0.00   0.00    0.00     0.00    0.00    0.00    0.71  16.90


avg-cpu:  %user   %nice %system %iowait  %steal   %idle
          73.22    0.00   11.61    0.93    0.00   14.24

Device            r/s     rkB/s   rrqm/s  %rrqm r_await rareq-sz     w/s     wkB/s   wrqm/s  %wrqm w_await wareq-sz     d/s     dkB/s   drqm/s  %drqm d_await dareq-sz     f/s f_await  aqu-sz  %util
nvme1n1p3        0.00      0.00     0.00   0.00    0.00     0.00 10408.00  92300.00     0.00   0.00    0.06     8.87    0.00      0.00     0.00   0.00    0.00     0.00    0.00    0.00    0.62  11.50
nvme1n1p4        0.00      0.00     0.00   0.00    0.00     0.00 10959.00  93716.00     0.00   0.00    0.06     8.55    0.00      0.00     0.00   0.00    0.00     0.00    0.00    0.00    0.70  15.00
nvme1n1p5        2.00      8.00     0.00   0.00    0.00     4.00 11083.00  94520.00     0.00   0.00    0.06     8.53    0.00      0.00     0.00   0.00    0.00     0.00    0.00    0.00    0.69  15.80


avg-cpu:  %user   %nice %system %iowait  %steal   %idle
          71.37    0.00   12.05    1.20    0.00   15.38

Device            r/s     rkB/s   rrqm/s  %rrqm r_await rareq-sz     w/s     wkB/s   wrqm/s  %wrqm w_await wareq-sz     d/s     dkB/s   drqm/s  %drqm d_await dareq-sz     f/s f_await  aqu-sz  %util
nvme1n1p3        2.00      8.00     0.00   0.00    0.00     4.00 10443.00  93816.00     0.00   0.00    0.06     8.98    0.00      0.00     0.00   0.00    0.00     0.00    0.00    0.00    0.63   9.20
nvme1n1p4        1.00      4.00     0.00   0.00    0.00     4.00 10995.00  94244.00     0.00   0.00    0.07     8.57    0.00      0.00     0.00   0.00    0.00     0.00    0.00    0.00    0.73  17.50
nvme1n1p5        0.00      0.00     0.00   0.00    0.00     0.00 11244.00  95508.00     0.00   0.00    0.06     8.49    0.00      0.00     0.00   0.00    0.00     0.00    0.00    0.00    0.70  18.50


avg-cpu:  %user   %nice %system %iowait  %steal   %idle
          63.68    0.00   16.22    1.38    0.00   18.72

Device            r/s     rkB/s   rrqm/s  %rrqm r_await rareq-sz     w/s     wkB/s   wrqm/s  %wrqm w_await wareq-sz     d/s     dkB/s   drqm/s  %drqm d_await dareq-sz     f/s f_await  aqu-sz  %util
nvme1n1p3        2.00      8.00     0.00   0.00    0.00     4.00 12409.00 111388.00     0.00   0.00    0.05     8.98    0.00      0.00     0.00   0.00    0.00     0.00    0.00    0.00    0.67  13.30
nvme1n1p4        0.00      0.00     0.00   0.00    0.00     0.00 13093.00 114084.00     0.00   0.00    0.06     8.71    0.00      0.00     0.00   0.00    0.00     0.00    0.00    0.00    0.81  20.10
nvme1n1p5        0.00      0.00     0.00   0.00    0.00     0.00 13254.00 113900.00     0.00   0.00    0.06     8.59    0.00      0.00     0.00   0.00    0.00     0.00    0.00    0.00    0.78  22.50


avg-cpu:  %user   %nice %system %iowait  %steal   %idle
          65.38    0.00   16.32    1.37    0.00   16.92

Device            r/s     rkB/s   rrqm/s  %rrqm r_await rareq-sz     w/s     wkB/s   wrqm/s  %wrqm w_await wareq-sz     d/s     dkB/s   drqm/s  %drqm d_await dareq-sz     f/s f_await  aqu-sz  %util
nvme1n1p3        1.00      4.00     0.00   0.00    0.00     4.00 11877.00 106048.00     0.00   0.00    0.06     8.93    0.00      0.00     0.00   0.00    0.00     0.00    0.00    0.00    0.69  10.80
nvme1n1p4        0.00      0.00     0.00   0.00    0.00     0.00 12642.00 107120.00     0.00   0.00    0.06     8.47    0.00      0.00     0.00   0.00    0.00     0.00    0.00    0.00    0.79  19.90
nvme1n1p5        0.00      0.00     0.00   0.00    0.00     0.00 12445.00 106468.00     0.00   0.00    0.06     8.56    0.00      0.00     0.00   0.00    0.00     0.00    0.00    0.00    0.74  18.00


avg-cpu:  %user   %nice %system %iowait  %steal   %idle
          66.81    0.00   14.46    1.28    0.00   17.45

Device            r/s     rkB/s   rrqm/s  %rrqm r_await rareq-sz     w/s     wkB/s   wrqm/s  %wrqm w_await wareq-sz     d/s     dkB/s   drqm/s  %drqm d_await dareq-sz     f/s f_await  aqu-sz  %util
nvme1n1p3        2.00      8.00     0.00   0.00    0.00     4.00 12410.00 110988.00     0.00   0.00    0.06     8.94    0.00      0.00     0.00   0.00    0.00     0.00    0.00    0.00    0.71  12.10
nvme1n1p4        0.00      0.00     0.00   0.00    0.00     0.00 13026.00 113032.00     0.00   0.00    0.06     8.68    0.00      0.00     0.00   0.00    0.00     0.00    0.00    0.00    0.74  17.10
nvme1n1p5        0.00      0.00     0.00   0.00    0.00     0.00 13287.00 113620.00     0.00   0.00    0.06     8.55    0.00      0.00     0.00   0.00    0.00     0.00    0.00    0.00    0.81  20.00


avg-cpu:  %user   %nice %system %iowait  %steal   %idle
          65.85    0.00   15.05    1.44    0.00   17.67

Device            r/s     rkB/s   rrqm/s  %rrqm r_await rareq-sz     w/s     wkB/s   wrqm/s  %wrqm w_await wareq-sz     d/s     dkB/s   drqm/s  %drqm d_await dareq-sz     f/s f_await  aqu-sz  %util
nvme1n1p3        1.00      4.00     0.00   0.00    0.00     4.00 11193.00 100400.00     0.00   0.00    0.06     8.97    0.00      0.00     0.00   0.00    0.00     0.00    0.00    0.00    0.63  13.80
nvme1n1p4       13.00    120.00     0.00   0.00    0.15     9.23 11764.00 100788.00     0.00   0.00    0.06     8.57    0.00      0.00     0.00   0.00    0.00     0.00    0.00    0.00    0.72  20.90
nvme1n1p5       12.00    416.00     0.00   0.00    0.17    34.67 11667.00 100888.00     0.00   0.00    0.06     8.65    0.00      0.00     0.00   0.00    0.00     0.00    0.00    0.00    0.73  17.40


avg-cpu:  %user   %nice %system %iowait  %steal   %idle
          65.96    0.00   15.00    1.18    0.00   17.86

Device            r/s     rkB/s   rrqm/s  %rrqm r_await rareq-sz     w/s     wkB/s   wrqm/s  %wrqm w_await wareq-sz     d/s     dkB/s   drqm/s  %drqm d_await dareq-sz     f/s f_await  aqu-sz  %util
nvme1n1p3        0.00      0.00     0.00   0.00    0.00     0.00 12525.00 111732.00     0.00   0.00    0.06     8.92    0.00      0.00     0.00   0.00    0.00     0.00    0.00    0.00    0.71  12.80
nvme1n1p4        0.00      0.00     0.00   0.00    0.00     0.00 12896.00 111704.00     0.00   0.00    0.06     8.66    0.00      0.00     0.00   0.00    0.00     0.00    0.00    0.00    0.77  15.10
nvme1n1p5        0.00      0.00     0.00   0.00    0.00     0.00 12860.00 111192.00     0.00   0.00    0.06     8.65    0.00      0.00     0.00   0.00    0.00     0.00    0.00    0.00    0.78  19.60


avg-cpu:  %user   %nice %system %iowait  %steal   %idle
          67.46    0.00   14.74    1.19    0.00   16.61

Device            r/s     rkB/s   rrqm/s  %rrqm r_await rareq-sz     w/s     wkB/s   wrqm/s  %wrqm w_await wareq-sz     d/s     dkB/s   drqm/s  %drqm d_await dareq-sz     f/s f_await  aqu-sz  %util
nvme1n1p3        3.00     96.00     0.00   0.00    0.33    32.00 11994.00 106740.00     0.00   0.00    0.06     8.90    0.00      0.00     0.00   0.00    0.00     0.00    0.00    0.00    0.73  13.00
nvme1n1p4        0.00      0.00     0.00   0.00    0.00     0.00 12670.00 109328.00     0.00   0.00    0.06     8.63    0.00      0.00     0.00   0.00    0.00     0.00    0.00    0.00    0.76  19.40
nvme1n1p5        0.00      0.00     0.00   0.00    0.00     0.00 12442.00 109084.00     0.00   0.00    0.06     8.77    0.00      0.00     0.00   0.00    0.00     0.00    0.00    0.00    0.78  18.40


avg-cpu:  %user   %nice %system %iowait  %steal   %idle
          72.22    0.00   11.98    0.93    0.00   14.87

Device            r/s     rkB/s   rrqm/s  %rrqm r_await rareq-sz     w/s     wkB/s   wrqm/s  %wrqm w_await wareq-sz     d/s     dkB/s   drqm/s  %drqm d_await dareq-sz     f/s f_await  aqu-sz  %util
nvme1n1p3        2.00     44.00     0.00   0.00    0.00    22.00 9880.00  87572.00     0.00   0.00    0.06     8.86    0.00      0.00     0.00   0.00    0.00     0.00    0.00    0.00    0.59  11.20
nvme1n1p4        0.00      0.00     0.00   0.00    0.00     0.00 10280.00  88300.00     0.00   0.00    0.06     8.59    0.00      0.00     0.00   0.00    0.00     0.00    0.00    0.00    0.62  14.00
nvme1n1p5        7.00     88.00     0.00   0.00    0.00    12.57 10281.00  88504.00     0.00   0.00    0.07     8.61    0.00      0.00     0.00   0.00    0.00     0.00    0.00    0.00    0.67  16.50


avg-cpu:  %user   %nice %system %iowait  %steal   %idle
          66.10    0.00   15.89    1.36    0.00   16.65

Device            r/s     rkB/s   rrqm/s  %rrqm r_await rareq-sz     w/s     wkB/s   wrqm/s  %wrqm w_await wareq-sz     d/s     dkB/s   drqm/s  %drqm d_await dareq-sz     f/s f_await  aqu-sz  %util
nvme1n1p3        2.00     12.00     0.00   0.00    0.00     6.00 12326.00 110132.00     0.00   0.00    0.06     8.93    0.00      0.00     0.00   0.00    0.00     0.00    0.00    0.00    0.78  14.90
nvme1n1p4        0.00      0.00     0.00   0.00    0.00     0.00 12867.00 110544.00     0.00   0.00    0.06     8.59    0.00      0.00     0.00   0.00    0.00     0.00    0.00    0.00    0.78  18.10
nvme1n1p5        0.00      0.00     0.00   0.00    0.00     0.00 12833.00 110268.00     0.00   0.00    0.06     8.59    0.00      0.00     0.00   0.00    0.00     0.00    0.00    0.00    0.78  17.40


avg-cpu:  %user   %nice %system %iowait  %steal   %idle
          71.22    0.00   12.66    1.18    0.00   14.94

Device            r/s     rkB/s   rrqm/s  %rrqm r_await rareq-sz     w/s     wkB/s   wrqm/s  %wrqm w_await wareq-sz     d/s     dkB/s   drqm/s  %drqm d_await dareq-sz     f/s f_await  aqu-sz  %util
nvme1n1p3        5.00     20.00     0.00   0.00    0.20     4.00 11840.00 139780.00     0.00   0.00    0.06    11.81    0.00      0.00     0.00   0.00    0.00     0.00    0.00    0.00    0.71  13.30
nvme1n1p4        0.00      0.00     0.00   0.00    0.00     0.00 12539.00 168768.00     0.00   0.00    0.06    13.46    0.00      0.00     0.00   0.00    0.00     0.00    0.00    0.00    0.78  17.50
nvme1n1p5        0.00      0.00     0.00   0.00    0.00     0.00 12765.00 179980.00     0.00   0.00    0.06    14.10    0.00      0.00     0.00   0.00    0.00     0.00    0.00    0.00    0.82  20.90


avg-cpu:  %user   %nice %system %iowait  %steal   %idle
          67.18    0.00   14.27    1.37    0.00   17.18

Device            r/s     rkB/s   rrqm/s  %rrqm r_await rareq-sz     w/s     wkB/s   wrqm/s  %wrqm w_await wareq-sz     d/s     dkB/s   drqm/s  %drqm d_await dareq-sz     f/s f_await  aqu-sz  %util
nvme1n1p3        1.00      4.00     0.00   0.00    0.00     4.00 12457.00 165348.00     0.00   0.00    0.06    13.27    0.00      0.00     0.00   0.00    0.00     0.00    0.00    0.00    0.78  16.50
nvme1n1p4        1.00    108.00     0.00   0.00    0.00   108.00 12550.00 145520.00     0.00   0.00    0.06    11.60    0.00      0.00     0.00   0.00    0.00     0.00    0.00    0.00    0.74  20.90
nvme1n1p5        0.00      0.00     0.00   0.00    0.00     0.00 12548.00 134124.00     0.00   0.00    0.06    10.69    0.00      0.00     0.00   0.00    0.00     0.00    0.00    0.00    0.75  23.40


avg-cpu:  %user   %nice %system %iowait  %steal   %idle
          65.47    0.00   15.13    1.62    0.00   17.78

Device            r/s     rkB/s   rrqm/s  %rrqm r_await rareq-sz     w/s     wkB/s   wrqm/s  %wrqm w_await wareq-sz     d/s     dkB/s   drqm/s  %drqm d_await dareq-sz     f/s f_await  aqu-sz  %util
nvme1n1p3        8.00    124.00     0.00   0.00    0.12    15.50 11914.00 105916.00     0.00   0.00    0.06     8.89    0.00      0.00     0.00   0.00    0.00     0.00    0.00    0.00    0.72  13.30
nvme1n1p4        1.00    128.00     0.00   0.00    0.00   128.00 12466.00 106312.00     0.00   0.00    0.06     8.53    0.00      0.00     0.00   0.00    0.00     0.00    0.00    0.00    0.75  21.60
nvme1n1p5        7.00    452.00     0.00   0.00    0.14    64.57 12582.00 106612.00     0.00   0.00    0.06     8.47    0.00      0.00     0.00   0.00    0.00     0.00    0.00    0.00    0.79  21.20


avg-cpu:  %user   %nice %system %iowait  %steal   %idle
          67.71    0.00   13.85    1.53    0.00   16.91

Device            r/s     rkB/s   rrqm/s  %rrqm r_await rareq-sz     w/s     wkB/s   wrqm/s  %wrqm w_await wareq-sz     d/s     dkB/s   drqm/s  %drqm d_await dareq-sz     f/s f_await  aqu-sz  %util
nvme1n1p3        1.00    124.00     0.00   0.00    0.00   124.00 12224.00 108036.00     0.00   0.00    0.06     8.84    0.00      0.00     0.00   0.00    0.00     0.00    0.00    0.00    0.72  15.30
nvme1n1p4        2.00     52.00     0.00   0.00    0.00    26.00 12744.00 109612.00     0.00   0.00    0.06     8.60    0.00      0.00     0.00   0.00    0.00     0.00    0.00    0.00    0.77  22.00
nvme1n1p5        6.00    240.00     0.00   0.00    0.17    40.00 12827.00 110056.00     0.00   0.00    0.06     8.58    0.00      0.00     0.00   0.00    0.00     0.00    0.00    0.00    0.77  20.50


avg-cpu:  %user   %nice %system %iowait  %steal   %idle
          66.35    0.00   14.55    1.37    0.00   17.72

Device            r/s     rkB/s   rrqm/s  %rrqm r_await rareq-sz     w/s     wkB/s   wrqm/s  %wrqm w_await wareq-sz     d/s     dkB/s   drqm/s  %drqm d_await dareq-sz     f/s f_await  aqu-sz  %util
nvme1n1p3        1.00      4.00     0.00   0.00    0.00     4.00 12680.00 112736.00     0.00   0.00    0.06     8.89    0.00      0.00     0.00   0.00    0.00     0.00    0.00    0.00    0.72  13.90
nvme1n1p4        1.00     96.00     0.00   0.00    0.00    96.00 13162.00 114012.00     0.00   0.00    0.06     8.66    0.00      0.00     0.00   0.00    0.00     0.00    0.00    0.00    0.74  19.70
nvme1n1p5        4.00    476.00     0.00   0.00    0.25   119.00 13255.00 114048.00     0.00   0.00    0.06     8.60    0.00      0.00     0.00   0.00    0.00     0.00    0.00    0.00    0.79  20.40


avg-cpu:  %user   %nice %system %iowait  %steal   %idle
          65.73    0.00   15.21    1.54    0.00   17.52

Device            r/s     rkB/s   rrqm/s  %rrqm r_await rareq-sz     w/s     wkB/s   wrqm/s  %wrqm w_await wareq-sz     d/s     dkB/s   drqm/s  %drqm d_await dareq-sz     f/s f_await  aqu-sz  %util
nvme1n1p3        3.00     12.00     0.00   0.00    0.00     4.00 12286.00 109808.00     0.00   0.00    0.06     8.94    0.00      0.00     0.00   0.00    0.00     0.00    0.00    0.00    0.69  12.90
nvme1n1p4        0.00      0.00     0.00   0.00    0.00     0.00 12879.00 110752.00     0.00   0.00    0.06     8.60    0.00      0.00     0.00   0.00    0.00     0.00    0.00    0.00    0.78  19.40
nvme1n1p5        2.00      8.00     0.00   0.00    0.00     4.00 12984.00 111056.00     0.00   0.00    0.06     8.55    0.00      0.00     0.00   0.00    0.00     0.00    0.00    0.00    0.79  23.90


avg-cpu:  %user   %nice %system %iowait  %steal   %idle
          65.25    0.00   16.01    1.53    0.00   17.21

Device            r/s     rkB/s   rrqm/s  %rrqm r_await rareq-sz     w/s     wkB/s   wrqm/s  %wrqm w_await wareq-sz     d/s     dkB/s   drqm/s  %drqm d_await dareq-sz     f/s f_await  aqu-sz  %util
nvme1n1p3        0.00      0.00     0.00   0.00    0.00     0.00 10776.00  95256.00     0.00   0.00    0.05     8.84    0.00      0.00     0.00   0.00    0.00     0.00    0.00    0.00    0.58  11.90
nvme1n1p4        0.00      0.00     0.00   0.00    0.00     0.00 11504.00  96204.00     0.00   0.00    0.06     8.36    0.00      0.00     0.00   0.00    0.00     0.00    0.00    0.00    0.68  23.10
nvme1n1p5        0.00      0.00     0.00   0.00    0.00     0.00 11550.00  97896.00     0.00   0.00    0.06     8.48    0.00      0.00     0.00   0.00    0.00     0.00    0.00    0.00    0.70  21.50


avg-cpu:  %user   %nice %system %iowait  %steal   %idle
          68.55    0.00   13.61    1.18    0.00   16.65

Device            r/s     rkB/s   rrqm/s  %rrqm r_await rareq-sz     w/s     wkB/s   wrqm/s  %wrqm w_await wareq-sz     d/s     dkB/s   drqm/s  %drqm d_await dareq-sz     f/s f_await  aqu-sz  %util
nvme1n1p3        0.00      0.00     0.00   0.00    0.00     0.00 11169.00  99156.00     0.00   0.00    0.06     8.88    0.00      0.00     0.00   0.00    0.00     0.00    0.00    0.00    0.65  13.60
nvme1n1p4        0.00      0.00     0.00   0.00    0.00     0.00 11697.00 101460.00     0.00   0.00    0.06     8.67    0.00      0.00     0.00   0.00    0.00     0.00    0.00    0.00    0.71  15.40
nvme1n1p5        0.00      0.00     0.00   0.00    0.00     0.00 11701.00 100600.00     0.00   0.00    0.06     8.60    0.00      0.00     0.00   0.00    0.00     0.00    0.00    0.00    0.71  17.60


avg-cpu:  %user   %nice %system %iowait  %steal   %idle
          68.72    0.00   15.18    1.10    0.00   15.01

Device            r/s     rkB/s   rrqm/s  %rrqm r_await rareq-sz     w/s     wkB/s   wrqm/s  %wrqm w_await wareq-sz     d/s     dkB/s   drqm/s  %drqm d_await dareq-sz     f/s f_await  aqu-sz  %util
nvme1n1p3        0.00      0.00     0.00   0.00    0.00     0.00 11086.00  98976.00     0.00   0.00    0.06     8.93    0.00      0.00     0.00   0.00    0.00     0.00    0.00    0.00    0.64  12.00
nvme1n1p4        0.00      0.00     0.00   0.00    0.00     0.00 11402.00  99108.00     0.00   0.00    0.06     8.69    0.00      0.00     0.00   0.00    0.00     0.00    0.00    0.00    0.70  16.50
nvme1n1p5        0.00      0.00     0.00   0.00    0.00     0.00 11572.00  99536.00     0.00   0.00    0.06     8.60    0.00      0.00     0.00   0.00    0.00     0.00    0.00    0.00    0.71  18.70


avg-cpu:  %user   %nice %system %iowait  %steal   %idle
          68.70    0.00   14.42    1.19    0.00   15.69

Device            r/s     rkB/s   rrqm/s  %rrqm r_await rareq-sz     w/s     wkB/s   wrqm/s  %wrqm w_await wareq-sz     d/s     dkB/s   drqm/s  %drqm d_await dareq-sz     f/s f_await  aqu-sz  %util
nvme1n1p3        2.97     11.88     0.00   0.00    0.00     4.00 12443.56 111401.98     0.00   0.00    0.06     8.95    0.00      0.00     0.00   0.00    0.00     0.00    0.00    0.00    0.78  12.38
nvme1n1p4        0.00      0.00     0.00   0.00    0.00     0.00 12688.12 110930.69     0.00   0.00    0.06     8.74    0.00      0.00     0.00   0.00    0.00     0.00    0.00    0.00    0.76  17.23
nvme1n1p5        0.00      0.00     0.00   0.00    0.00     0.00 13026.73 112649.50     0.00   0.00    0.07     8.65    0.00      0.00     0.00   0.00    0.00     0.00    0.00    0.00    0.85  20.00


avg-cpu:  %user   %nice %system %iowait  %steal   %idle
          68.41    0.00   14.47    1.11    0.00   16.01

Device            r/s     rkB/s   rrqm/s  %rrqm r_await rareq-sz     w/s     wkB/s   wrqm/s  %wrqm w_await wareq-sz     d/s     dkB/s   drqm/s  %drqm d_await dareq-sz     f/s f_await  aqu-sz  %util
nvme1n1p3        0.00      0.00     0.00   0.00    0.00     0.00 12458.00 110896.00     0.00   0.00    0.06     8.90    0.00      0.00     0.00   0.00    0.00     0.00    0.00    0.00    0.72  12.70
nvme1n1p4        0.00      0.00     0.00   0.00    0.00     0.00 13064.00 113768.00     0.00   0.00    0.06     8.71    0.00      0.00     0.00   0.00    0.00     0.00    0.00    0.00    0.78  19.00
nvme1n1p5        0.00      0.00     0.00   0.00    0.00     0.00 12868.00 112208.00     0.00   0.00    0.06     8.72    0.00      0.00     0.00   0.00    0.00     0.00    0.00    0.00    0.80  16.40


avg-cpu:  %user   %nice %system %iowait  %steal   %idle
          65.24    0.00   15.71    1.28    0.00   17.76

Device            r/s     rkB/s   rrqm/s  %rrqm r_await rareq-sz     w/s     wkB/s   wrqm/s  %wrqm w_await wareq-sz     d/s     dkB/s   drqm/s  %drqm d_await dareq-sz     f/s f_await  aqu-sz  %util
nvme1n1p3        3.00     12.00     0.00   0.00    0.33     4.00 11846.00 106028.00     0.00   0.00    0.06     8.95    0.00      0.00     0.00   0.00    0.00     0.00    0.00    0.00    0.68  11.80
nvme1n1p4        0.00      0.00     0.00   0.00    0.00     0.00 12386.00 106120.00     0.00   0.00    0.06     8.57    0.00      0.00     0.00   0.00    0.00     0.00    0.00    0.00    0.74  19.50
nvme1n1p5        0.00      0.00     0.00   0.00    0.00     0.00 12311.00 106108.00     0.00   0.00    0.06     8.62    0.00      0.00     0.00   0.00    0.00     0.00    0.00    0.00    0.75  17.30


avg-cpu:  %user   %nice %system %iowait  %steal   %idle
          64.66    0.00   15.48    1.55    0.00   18.31

Device            r/s     rkB/s   rrqm/s  %rrqm r_await rareq-sz     w/s     wkB/s   wrqm/s  %wrqm w_await wareq-sz     d/s     dkB/s   drqm/s  %drqm d_await dareq-sz     f/s f_await  aqu-sz  %util
nvme1n1p3        1.00      4.00     0.00   0.00    0.00     4.00 12186.00 108576.00     0.00   0.00    0.05     8.91    0.00      0.00     0.00   0.00    0.00     0.00    0.00    0.00    0.65  14.30
nvme1n1p4        0.00      0.00     0.00   0.00    0.00     0.00 13013.00 110860.00     0.00   0.00    0.06     8.52    0.00      0.00     0.00   0.00    0.00     0.00    0.00    0.00    0.79  21.50
nvme1n1p5        0.00      0.00     0.00   0.00    0.00     0.00 12863.00 110936.00     0.00   0.00    0.06     8.62    0.00      0.00     0.00   0.00    0.00     0.00    0.00    0.00    0.77  19.80


avg-cpu:  %user   %nice %system %iowait  %steal   %idle
          65.76    0.00   15.33    1.36    0.00   17.55

Device            r/s     rkB/s   rrqm/s  %rrqm r_await rareq-sz     w/s     wkB/s   wrqm/s  %wrqm w_await wareq-sz     d/s     dkB/s   drqm/s  %drqm d_await dareq-sz     f/s f_await  aqu-sz  %util
nvme1n1p3        0.00      0.00     0.00   0.00    0.00     0.00 11712.00 104328.00     0.00   0.00    0.06     8.91    0.00      0.00     0.00   0.00    0.00     0.00    0.00    0.00    0.66  12.20
nvme1n1p4        0.00      0.00     0.00   0.00    0.00     0.00 12324.00 105304.00     0.00   0.00    0.07     8.54    0.00      0.00     0.00   0.00    0.00     0.00    0.00    0.00    0.82  20.00
nvme1n1p5        0.00      0.00     0.00   0.00    0.00     0.00 12313.00 104980.00     0.00   0.00    0.06     8.53    0.00      0.00     0.00   0.00    0.00     0.00    0.00    0.00    0.74  18.60


avg-cpu:  %user   %nice %system %iowait  %steal   %idle
          65.45    0.00   15.53    1.36    0.00   17.66

Device            r/s     rkB/s   rrqm/s  %rrqm r_await rareq-sz     w/s     wkB/s   wrqm/s  %wrqm w_await wareq-sz     d/s     dkB/s   drqm/s  %drqm d_await dareq-sz     f/s f_await  aqu-sz  %util
nvme1n1p3        2.00      8.00     0.00   0.00    0.00     4.00 12483.00 111980.00     0.00   0.00    0.05     8.97    0.00      0.00     0.00   0.00    0.00     0.00    0.00    0.00    0.68  12.50
nvme1n1p4        0.00      0.00     0.00   0.00    0.00     0.00 13092.00 113092.00     0.00   0.00    0.06     8.64    0.00      0.00     0.00   0.00    0.00     0.00    0.00    0.00    0.78  16.60
nvme1n1p5        0.00      0.00     0.00   0.00    0.00     0.00 13329.00 113880.00     0.00   0.00    0.06     8.54    0.00      0.00     0.00   0.00    0.00     0.00    0.00    0.00    0.81  19.90


avg-cpu:  %user   %nice %system %iowait  %steal   %idle
          66.44    0.00   14.75    1.38    0.00   17.43

Device            r/s     rkB/s   rrqm/s  %rrqm r_await rareq-sz     w/s     wkB/s   wrqm/s  %wrqm w_await wareq-sz     d/s     dkB/s   drqm/s  %drqm d_await dareq-sz     f/s f_await  aqu-sz  %util
nvme1n1p3        0.00      0.00     0.00   0.00    0.00     0.00 12440.00 110436.00     0.00   0.00    0.06     8.88    0.00      0.00     0.00   0.00    0.00     0.00    0.00    0.00    0.74  13.50
nvme1n1p4        0.00      0.00     0.00   0.00    0.00     0.00 12816.00 111508.00     0.00   0.00    0.06     8.70    0.00      0.00     0.00   0.00    0.00     0.00    0.00    0.00    0.77  19.00
nvme1n1p5        0.00      0.00     0.00   0.00    0.00     0.00 12989.00 111712.00     0.00   0.00    0.06     8.60    0.00      0.00     0.00   0.00    0.00     0.00    0.00    0.00    0.79  21.40


avg-cpu:  %user   %nice %system %iowait  %steal   %idle
          66.39    0.00   14.95    1.27    0.00   17.40

Device            r/s     rkB/s   rrqm/s  %rrqm r_await rareq-sz     w/s     wkB/s   wrqm/s  %wrqm w_await wareq-sz     d/s     dkB/s   drqm/s  %drqm d_await dareq-sz     f/s f_await  aqu-sz  %util
nvme1n1p3        1.00      4.00     0.00   0.00    0.00     4.00 11291.00 100132.00     0.00   0.00    0.06     8.87    0.00      0.00     0.00   0.00    0.00     0.00    0.00    0.00    0.70  12.20
nvme1n1p4        0.00      0.00     0.00   0.00    0.00     0.00 11734.00 100496.00     0.00   0.00    0.07     8.56    0.00      0.00     0.00   0.00    0.00     0.00    0.00    0.00    0.76  19.10
nvme1n1p5        0.00      0.00     0.00   0.00    0.00     0.00 11500.00  98736.00     0.00   0.00    0.06     8.59    0.00      0.00     0.00   0.00    0.00     0.00    0.00    0.00    0.72  18.70


avg-cpu:  %user   %nice %system %iowait  %steal   %idle
          70.16    0.00   12.96    1.28    0.00   15.60

Device            r/s     rkB/s   rrqm/s  %rrqm r_await rareq-sz     w/s     wkB/s   wrqm/s  %wrqm w_await wareq-sz     d/s     dkB/s   drqm/s  %drqm d_await dareq-sz     f/s f_await  aqu-sz  %util
nvme1n1p3        0.00      0.00     0.00   0.00    0.00     0.00 11142.00 123668.00     0.00   0.00    0.06    11.10    0.00      0.00     0.00   0.00    0.00     0.00    0.00    0.00    0.68  13.70
nvme1n1p4        0.00      0.00     0.00   0.00    0.00     0.00 11838.00 144196.00     0.00   0.00    0.06    12.18    0.00      0.00     0.00   0.00    0.00     0.00    0.00    0.00    0.76  19.60
nvme1n1p5        0.00      0.00     0.00   0.00    0.00     0.00 12251.00 162908.00     0.00   0.00    0.06    13.30    0.00      0.00     0.00   0.00    0.00     0.00    0.00    0.00    0.79  19.40


avg-cpu:  %user   %nice %system %iowait  %steal   %idle
          68.17    0.00   14.57    1.26    0.00   16.00

Device            r/s     rkB/s   rrqm/s  %rrqm r_await rareq-sz     w/s     wkB/s   wrqm/s  %wrqm w_await wareq-sz     d/s     dkB/s   drqm/s  %drqm d_await dareq-sz     f/s f_await  aqu-sz  %util
nvme1n1p3        1.00      4.00     0.00   0.00    0.00     4.00 11105.00 165028.00     0.00   0.00    0.06    14.86    0.00      0.00     0.00   0.00    0.00     0.00    0.00    0.00    0.68  13.10
nvme1n1p4        0.00      0.00     0.00   0.00    0.00     0.00 11499.00 145860.00     0.00   0.00    0.06    12.68    0.00      0.00     0.00   0.00    0.00     0.00    0.00    0.00    0.72  20.50
nvme1n1p5        0.00      0.00     0.00   0.00    0.00     0.00 11475.00 130452.00     0.00   0.00    0.07    11.37    0.00      0.00     0.00   0.00    0.00     0.00    0.00    0.00    0.75  20.10


avg-cpu:  %user   %nice %system %iowait  %steal   %idle
          67.18    0.00   15.22    1.36    0.00   16.24

Device            r/s     rkB/s   rrqm/s  %rrqm r_await rareq-sz     w/s     wkB/s   wrqm/s  %wrqm w_await wareq-sz     d/s     dkB/s   drqm/s  %drqm d_await dareq-sz     f/s f_await  aqu-sz  %util
nvme1n1p3        0.00      0.00     0.00   0.00    0.00     0.00 11671.00 103600.00     0.00   0.00    0.06     8.88    0.00      0.00     0.00   0.00    0.00     0.00    0.00    0.00    0.68  14.70
nvme1n1p4        0.00      0.00     0.00   0.00    0.00     0.00 12127.00 103524.00     0.00   0.00    0.06     8.54    0.00      0.00     0.00   0.00    0.00     0.00    0.00    0.00    0.75  17.90
nvme1n1p5        0.00      0.00     0.00   0.00    0.00     0.00 12138.00 102688.00     0.00   0.00    0.07     8.46    0.00      0.00     0.00   0.00    0.00     0.00    0.00    0.00    0.80  21.10


avg-cpu:  %user   %nice %system %iowait  %steal   %idle
          67.43    0.00   15.35    1.45    0.00   15.77

Device            r/s     rkB/s   rrqm/s  %rrqm r_await rareq-sz     w/s     wkB/s   wrqm/s  %wrqm w_await wareq-sz     d/s     dkB/s   drqm/s  %drqm d_await dareq-sz     f/s f_await  aqu-sz  %util
nvme1n1p3        0.00      0.00     0.00   0.00    0.00     0.00 11617.00 101900.00     0.00   0.00    0.06     8.77    0.00      0.00     0.00   0.00    0.00     0.00    0.00    0.00    0.70  14.40
nvme1n1p4        0.00      0.00     0.00   0.00    0.00     0.00 12207.00 102916.00     0.00   0.00    0.06     8.43    0.00      0.00     0.00   0.00    0.00     0.00    0.00    0.00    0.76  22.20
nvme1n1p5        0.00      0.00     0.00   0.00    0.00     0.00 12043.00 103024.00     0.00   0.00    0.06     8.55    0.00      0.00     0.00   0.00    0.00     0.00    0.00    0.00    0.76  18.30


avg-cpu:  %user   %nice %system %iowait  %steal   %idle
          69.81    0.00   13.89    1.03    0.00   15.27

Device            r/s     rkB/s   rrqm/s  %rrqm r_await rareq-sz     w/s     wkB/s   wrqm/s  %wrqm w_await wareq-sz     d/s     dkB/s   drqm/s  %drqm d_await dareq-sz     f/s f_await  aqu-sz  %util
nvme1n1p3        1.00      4.00     0.00   0.00    0.00     4.00 11991.00 107636.00     0.00   0.00    0.06     8.98    0.00      0.00     0.00   0.00    0.00     0.00    0.00    0.00    0.75  10.90
nvme1n1p4        0.00      0.00     0.00   0.00    0.00     0.00 12687.00 109924.00     0.00   0.00    0.06     8.66    0.00      0.00     0.00   0.00    0.00     0.00    0.00    0.00    0.79  19.30
nvme1n1p5        0.00      0.00     0.00   0.00    0.00     0.00 12626.00 109320.00     0.00   0.00    0.06     8.66    0.00      0.00     0.00   0.00    0.00     0.00    0.00    0.00    0.77  16.80


avg-cpu:  %user   %nice %system %iowait  %steal   %idle
          73.01    0.00   12.18    1.02    0.00   13.79

Device            r/s     rkB/s   rrqm/s  %rrqm r_await rareq-sz     w/s     wkB/s   wrqm/s  %wrqm w_await wareq-sz     d/s     dkB/s   drqm/s  %drqm d_await dareq-sz     f/s f_await  aqu-sz  %util
nvme1n1p3        0.00      0.00     0.00   0.00    0.00     0.00 10425.00  91792.00     0.00   0.00    0.06     8.80    0.00      0.00     0.00   0.00    0.00     0.00    0.00    0.00    0.64  12.00
nvme1n1p4        0.00      0.00     0.00   0.00    0.00     0.00 10947.00  93392.00     0.00   0.00    0.06     8.53    0.00      0.00     0.00   0.00    0.00     0.00    0.00    0.00    0.71  19.80
nvme1n1p5        0.00      0.00     0.00   0.00    0.00     0.00 10894.00  93428.00     0.00   0.00    0.06     8.58    0.00      0.00     0.00   0.00    0.00     0.00    0.00    0.00    0.68  15.30


avg-cpu:  %user   %nice %system %iowait  %steal   %idle
          71.60    0.00   11.98    1.11    0.00   15.31

Device            r/s     rkB/s   rrqm/s  %rrqm r_await rareq-sz     w/s     wkB/s   wrqm/s  %wrqm w_await wareq-sz     d/s     dkB/s   drqm/s  %drqm d_await dareq-sz     f/s f_await  aqu-sz  %util
nvme1n1p3        1.00      4.00     0.00   0.00    0.00     4.00 11182.00  99272.00     0.00   0.00    0.06     8.88    0.00      0.00     0.00   0.00    0.00     0.00    0.00    0.00    0.66  12.30
nvme1n1p4        0.00      0.00     0.00   0.00    0.00     0.00 11516.00  98940.00     0.00   0.00    0.06     8.59    0.00      0.00     0.00   0.00    0.00     0.00    0.00    0.00    0.73  16.60
nvme1n1p5        0.00      0.00     0.00   0.00    0.00     0.00 11531.00  99004.00     0.00   0.00    0.07     8.59    0.00      0.00     0.00   0.00    0.00     0.00    0.00    0.00    0.75  18.70


avg-cpu:  %user   %nice %system %iowait  %steal   %idle
          74.08    0.00   10.82    0.94    0.00   14.16

Device            r/s     rkB/s   rrqm/s  %rrqm r_await rareq-sz     w/s     wkB/s   wrqm/s  %wrqm w_await wareq-sz     d/s     dkB/s   drqm/s  %drqm d_await dareq-sz     f/s f_await  aqu-sz  %util
nvme1n1p3        1.00      4.00     0.00   0.00    1.00     4.00 11044.00  99140.00     0.00   0.00    0.06     8.98    0.00      0.00     0.00   0.00    0.00     0.00    0.00    0.00    0.71  13.30
nvme1n1p4        0.00      0.00     0.00   0.00    0.00     0.00 11436.00  99824.00     0.00   0.00    0.06     8.73    0.00      0.00     0.00   0.00    0.00     0.00    0.00    0.00    0.68  17.20
nvme1n1p5        0.00      0.00     0.00   0.00    0.00     0.00 11470.00  99740.00     0.00   0.00    0.06     8.70    0.00      0.00     0.00   0.00    0.00     0.00    0.00    0.00    0.72  16.80


avg-cpu:  %user   %nice %system %iowait  %steal   %idle
          71.34    0.00   12.06    1.20    0.00   15.40

Device            r/s     rkB/s   rrqm/s  %rrqm r_await rareq-sz     w/s     wkB/s   wrqm/s  %wrqm w_await wareq-sz     d/s     dkB/s   drqm/s  %drqm d_await dareq-sz     f/s f_await  aqu-sz  %util
nvme1n1p3        1.00      4.00     0.00   0.00    0.00     4.00 10304.00  90440.00     0.00   0.00    0.06     8.78    0.00      0.00     0.00   0.00    0.00     0.00    0.00    0.00    0.60  14.90
nvme1n1p4        0.00      0.00     0.00   0.00    0.00     0.00 10747.00  90928.00     0.00   0.00    0.06     8.46    0.00      0.00     0.00   0.00    0.00     0.00    0.00    0.00    0.65  17.80
nvme1n1p5        0.00      0.00     0.00   0.00    0.00     0.00 10700.00  91572.00     0.00   0.00    0.06     8.56    0.00      0.00     0.00   0.00    0.00     0.00    0.00    0.00    0.65  18.60


avg-cpu:  %user   %nice %system %iowait  %steal   %idle
          73.04    0.00   11.26    0.94    0.00   14.76

Device            r/s     rkB/s   rrqm/s  %rrqm r_await rareq-sz     w/s     wkB/s   wrqm/s  %wrqm w_await wareq-sz     d/s     dkB/s   drqm/s  %drqm d_await dareq-sz     f/s f_await  aqu-sz  %util
nvme1n1p3        1.00      4.00     0.00   0.00    0.00     4.00 11250.00 100328.00     0.00   0.00    0.06     8.92    0.00      0.00     0.00   0.00    0.00     0.00    0.00    0.00    0.71  12.20
nvme1n1p4        0.00      0.00     0.00   0.00    0.00     0.00 11624.00 101116.00     0.00   0.00    0.06     8.70    0.00      0.00     0.00   0.00    0.00     0.00    0.00    0.00    0.70  15.00
nvme1n1p5        0.00      0.00     0.00   0.00    0.00     0.00 11839.00 101940.00     0.00   0.00    0.06     8.61    0.00      0.00     0.00   0.00    0.00     0.00    0.00    0.00    0.73  18.40


avg-cpu:  %user   %nice %system %iowait  %steal   %idle
          61.64    0.00   15.33    1.80    0.00   21.23

Device            r/s     rkB/s   rrqm/s  %rrqm r_await rareq-sz     w/s     wkB/s   wrqm/s  %wrqm w_await wareq-sz     d/s     dkB/s   drqm/s  %drqm d_await dareq-sz     f/s f_await  aqu-sz  %util
nvme1n1p3       95.00    380.00     0.00   0.00    0.08     4.00 10048.00  87444.00     0.00   0.00    0.06     8.70    0.00      0.00     0.00   0.00    0.00     0.00    0.00    0.00    0.59  15.00
nvme1n1p4        4.00     16.00     0.00   0.00    0.00     4.00 10485.00  88884.00     0.00   0.00    0.06     8.48    0.00      0.00     0.00   0.00    0.00     0.00    0.00    0.00    0.64  21.60
nvme1n1p5       12.00     48.00     0.00   0.00    0.08     4.00 10586.00  88024.00     0.00   0.00    0.06     8.32    0.00      0.00     0.00   0.00    0.00     0.00    0.00    0.00    0.68  21.50


avg-cpu:  %user   %nice %system %iowait  %steal   %idle
          27.31    0.00    4.54    0.77    0.00   67.38

Device            r/s     rkB/s   rrqm/s  %rrqm r_await rareq-sz     w/s     wkB/s   wrqm/s  %wrqm w_await wareq-sz     d/s     dkB/s   drqm/s  %drqm d_await dareq-sz     f/s f_await  aqu-sz  %util
nvme1n1p3       59.00   1348.00     0.00   0.00    0.10    22.85  649.00   5056.00     0.00   0.00    0.09     7.79    0.00      0.00     0.00   0.00    0.00     0.00    0.00    0.00    0.07   5.20
nvme1n1p4        5.00    244.00     0.00   0.00    0.20    48.80  649.00   5016.00     0.00   0.00    0.09     7.73    0.00      0.00     0.00   0.00    0.00     0.00    0.00    0.00    0.06   6.00
nvme1n1p5        7.00    248.00     0.00   0.00    0.14    35.43  648.00   5136.00     0.00   0.00    0.10     7.93    0.00      0.00     0.00   0.00    0.00     0.00    0.00    0.00    0.06   6.00


avg-cpu:  %user   %nice %system %iowait  %steal   %idle
          15.56    0.00    3.26    0.08    0.00   81.09

Device            r/s     rkB/s   rrqm/s  %rrqm r_await rareq-sz     w/s     wkB/s   wrqm/s  %wrqm w_await wareq-sz     d/s     dkB/s   drqm/s  %drqm d_await dareq-sz     f/s f_await  aqu-sz  %util
nvme1n1p3        0.00      0.00     0.00   0.00    0.00     0.00   56.00    328.00     0.00   0.00    0.09     5.86    0.00      0.00     0.00   0.00    0.00     0.00    0.00    0.00    0.01   0.60
nvme1n1p4        0.00      0.00     0.00   0.00    0.00     0.00   56.00    328.00     0.00   0.00    0.09     5.86    0.00      0.00     0.00   0.00    0.00     0.00    0.00    0.00    0.01   0.30
nvme1n1p5        0.00      0.00     0.00   0.00    0.00     0.00   56.00    332.00     0.00   0.00    0.11     5.93    0.00      0.00     0.00   0.00    0.00     0.00    0.00    0.00    0.01   0.60


avg-cpu:  %user   %nice %system %iowait  %steal   %idle
          15.58    0.00    3.85    0.17    0.00   80.40

Device            r/s     rkB/s   rrqm/s  %rrqm r_await rareq-sz     w/s     wkB/s   wrqm/s  %wrqm w_await wareq-sz     d/s     dkB/s   drqm/s  %drqm d_await dareq-sz     f/s f_await  aqu-sz  %util
nvme1n1p3        0.00      0.00     0.00   0.00    0.00     0.00   86.00   1388.00     0.00   0.00    0.07    16.14    0.00      0.00     0.00   0.00    0.00     0.00    0.00    0.00    0.01   0.30
nvme1n1p4        0.00      0.00     0.00   0.00    0.00     0.00  106.00   1420.00     0.00   0.00    0.08    13.40    0.00      0.00     0.00   0.00    0.00     0.00    0.00    0.00    0.01   0.60
nvme1n1p5        0.00      0.00     0.00   0.00    0.00     0.00   84.00   1308.00     0.00   0.00    0.08    15.57    0.00      0.00     0.00   0.00    0.00     0.00    0.00    0.00    0.01   0.60


avg-cpu:  %user   %nice %system %iowait  %steal   %idle
          18.72    0.00    3.73    0.08    0.00   77.48

Device            r/s     rkB/s   rrqm/s  %rrqm r_await rareq-sz     w/s     wkB/s   wrqm/s  %wrqm w_await wareq-sz     d/s     dkB/s   drqm/s  %drqm d_await dareq-sz     f/s f_await  aqu-sz  %util
nvme1n1p3        0.00      0.00     0.00   0.00    0.00     0.00    0.00      0.00     0.00   0.00    0.00     0.00    0.00      0.00     0.00   0.00    0.00     0.00    0.00    0.00    0.00   0.00
nvme1n1p4        0.00      0.00     0.00   0.00    0.00     0.00    0.00      0.00     0.00   0.00    0.00     0.00    0.00      0.00     0.00   0.00    0.00     0.00    0.00    0.00    0.00   0.00
nvme1n1p5        0.00      0.00     0.00   0.00    0.00     0.00    0.00      0.00     0.00   0.00    0.00     0.00    0.00      0.00     0.00   0.00    0.00     0.00    0.00    0.00    0.00   0.00


avg-cpu:  %user   %nice %system %iowait  %steal   %idle
          16.69    0.00    3.51    0.08    0.00   79.72

Device            r/s     rkB/s   rrqm/s  %rrqm r_await rareq-sz     w/s     wkB/s   wrqm/s  %wrqm w_await wareq-sz     d/s     dkB/s   drqm/s  %drqm d_await dareq-sz     f/s f_await  aqu-sz  %util
nvme1n1p3        0.00      0.00     0.00   0.00    0.00     0.00   12.00     48.00     0.00   0.00    0.58     4.00    0.00      0.00     0.00   0.00    0.00     0.00    0.00    0.00    0.01   0.70
nvme1n1p4        0.00      0.00     0.00   0.00    0.00     0.00   16.00     56.00     0.00   0.00    0.50     3.50    0.00      0.00     0.00   0.00    0.00     0.00    0.00    0.00    0.01   0.80
nvme1n1p5        0.00      0.00     0.00   0.00    0.00     0.00   12.00     48.00     0.00   0.00    0.58     4.00    0.00      0.00     0.00   0.00    0.00     0.00    0.00    0.00    0.01   0.70


avg-cpu:  %user   %nice %system %iowait  %steal   %idle
          14.84    0.00    2.50    0.17    0.00   82.48

Device            r/s     rkB/s   rrqm/s  %rrqm r_await rareq-sz     w/s     wkB/s   wrqm/s  %wrqm w_await wareq-sz     d/s     dkB/s   drqm/s  %drqm d_await dareq-sz     f/s f_await  aqu-sz  %util
nvme1n1p3        0.00      0.00     0.00   0.00    0.00     0.00   98.00    804.00     0.00   0.00    0.09     8.20    0.00      0.00     0.00   0.00    0.00     0.00    0.00    0.00    0.01   0.70
nvme1n1p4        0.00      0.00     0.00   0.00    0.00     0.00  103.00    804.00     0.00   0.00    0.09     7.81    0.00      0.00     0.00   0.00    0.00     0.00    0.00    0.00    0.01   0.30
nvme1n1p5        0.00      0.00     0.00   0.00    0.00     0.00   85.00    740.00     0.00   0.00    0.15     8.71    0.00      0.00     0.00   0.00    0.00     0.00    0.00    0.00    0.01   0.80


avg-cpu:  %user   %nice %system %iowait  %steal   %idle
          12.18    0.00    1.73    0.17    0.00   85.92

Device            r/s     rkB/s   rrqm/s  %rrqm r_await rareq-sz     w/s     wkB/s   wrqm/s  %wrqm w_await wareq-sz     d/s     dkB/s   drqm/s  %drqm d_await dareq-sz     f/s f_await  aqu-sz  %util
nvme1n1p3        0.00      0.00     0.00   0.00    0.00     0.00   16.00    120.00     0.00   0.00    0.50     7.50    0.00      0.00     0.00   0.00    0.00     0.00    0.00    0.00    0.01   0.60
nvme1n1p4        0.00      0.00     0.00   0.00    0.00     0.00   16.00    116.00     0.00   0.00    0.50     7.25    0.00      0.00     0.00   0.00    0.00     0.00    0.00    0.00    0.01   0.70
nvme1n1p5        0.00      0.00     0.00   0.00    0.00     0.00   16.00    120.00     0.00   0.00    0.38     7.50    0.00      0.00     0.00   0.00    0.00     0.00    0.00    0.00    0.01   0.50


avg-cpu:  %user   %nice %system %iowait  %steal   %idle
          12.25    0.00    1.55    0.09    0.00   86.11

Device            r/s     rkB/s   rrqm/s  %rrqm r_await rareq-sz     w/s     wkB/s   wrqm/s  %wrqm w_await wareq-sz     d/s     dkB/s   drqm/s  %drqm d_await dareq-sz     f/s f_await  aqu-sz  %util
nvme1n1p3        0.00      0.00     0.00   0.00    0.00     0.00    0.00      0.00     0.00   0.00    0.00     0.00    0.00      0.00     0.00   0.00    0.00     0.00    0.00    0.00    0.00   0.00
nvme1n1p4        0.00      0.00     0.00   0.00    0.00     0.00    0.00      0.00     0.00   0.00    0.00     0.00    0.00      0.00     0.00   0.00    0.00     0.00    0.00    0.00    0.00   0.00
nvme1n1p5        0.00      0.00     0.00   0.00    0.00     0.00    0.00      0.00     0.00   0.00    0.00     0.00    0.00      0.00     0.00   0.00    0.00     0.00    0.00    0.00    0.00   0.00


avg-cpu:  %user   %nice %system %iowait  %steal   %idle
          18.06    0.00    3.54    0.17    0.00   78.22

Device            r/s     rkB/s   rrqm/s  %rrqm r_await rareq-sz     w/s     wkB/s   wrqm/s  %wrqm w_await wareq-sz     d/s     dkB/s   drqm/s  %drqm d_await dareq-sz     f/s f_await  aqu-sz  %util
nvme1n1p3        0.00      0.00     0.00   0.00    0.00     0.00   60.00    504.00     0.00   0.00    0.10     8.40    0.00      0.00     0.00   0.00    0.00     0.00    0.00    0.00    0.01   0.40
nvme1n1p4        0.00      0.00     0.00   0.00    0.00     0.00   54.00    488.00     0.00   0.00    0.09     9.04    0.00      0.00     0.00   0.00    0.00     0.00    0.00    0.00    0.01   0.70
nvme1n1p5        1.00     76.00     0.00   0.00    0.00    76.00   53.00    476.00     0.00   0.00    0.09     8.98    0.00      0.00     0.00   0.00    0.00     0.00    0.00    0.00    0.01   0.40


avg-cpu:  %user   %nice %system %iowait  %steal   %idle
          16.70    0.00    3.49    0.09    0.00   79.73

Device            r/s     rkB/s   rrqm/s  %rrqm r_await rareq-sz     w/s     wkB/s   wrqm/s  %wrqm w_await wareq-sz     d/s     dkB/s   drqm/s  %drqm d_await dareq-sz     f/s f_await  aqu-sz  %util
nvme1n1p3        0.00      0.00     0.00   0.00    0.00     0.00    8.00     28.00     0.00   0.00    0.12     3.50    0.00      0.00     0.00   0.00    0.00     0.00    0.00    0.00    0.00   0.10
nvme1n1p4        0.00      0.00     0.00   0.00    0.00     0.00    8.00     28.00     0.00   0.00    0.12     3.50    0.00      0.00     0.00   0.00    0.00     0.00    0.00    0.00    0.00   0.20
nvme1n1p5        0.00      0.00     0.00   0.00    0.00     0.00    8.00     28.00     0.00   0.00    0.12     3.50    0.00      0.00     0.00   0.00    0.00     0.00    0.00    0.00    0.00   0.20


avg-cpu:  %user   %nice %system %iowait  %steal   %idle
          20.83    0.00    4.64    0.25    0.00   74.28

Device            r/s     rkB/s   rrqm/s  %rrqm r_await rareq-sz     w/s     wkB/s   wrqm/s  %wrqm w_await wareq-sz     d/s     dkB/s   drqm/s  %drqm d_await dareq-sz     f/s f_await  aqu-sz  %util
nvme1n1p3        0.00      0.00     0.00   0.00    0.00     0.00   88.00    428.00     0.00   0.00    0.11     4.86    0.00      0.00     0.00   0.00    0.00     0.00    0.00    0.00    0.01   0.80
nvme1n1p4        0.00      0.00     0.00   0.00    0.00     0.00   84.00    424.00     0.00   0.00    0.12     5.05    0.00      0.00     0.00   0.00    0.00     0.00    0.00    0.00    0.01   1.10
nvme1n1p5        0.00      0.00     0.00   0.00    0.00     0.00   88.00    432.00     0.00   0.00    0.11     4.91    0.00      0.00     0.00   0.00    0.00     0.00    0.00    0.00    0.01   1.10


avg-cpu:  %user   %nice %system %iowait  %steal   %idle
          15.57    0.00    2.91    0.09    0.00   81.44

Device            r/s     rkB/s   rrqm/s  %rrqm r_await rareq-sz     w/s     wkB/s   wrqm/s  %wrqm w_await wareq-sz     d/s     dkB/s   drqm/s  %drqm d_await dareq-sz     f/s f_await  aqu-sz  %util
nvme1n1p3        0.00      0.00     0.00   0.00    0.00     0.00   29.00    188.00     0.00   0.00    0.14     6.48    0.00      0.00     0.00   0.00    0.00     0.00    0.00    0.00    0.00   0.20
nvme1n1p4        0.00      0.00     0.00   0.00    0.00     0.00   28.00    188.00     0.00   0.00    0.14     6.71    0.00      0.00     0.00   0.00    0.00     0.00    0.00    0.00    0.01   0.20
nvme1n1p5        0.00      0.00     0.00   0.00    0.00     0.00   27.00    192.00     0.00   0.00    0.19     7.11    0.00      0.00     0.00   0.00    0.00     0.00    0.00    0.00    0.01   0.10


avg-cpu:  %user   %nice %system %iowait  %steal   %idle
          16.81    0.00    3.50    0.51    0.00   79.18

Device            r/s     rkB/s   rrqm/s  %rrqm r_await rareq-sz     w/s     wkB/s   wrqm/s  %wrqm w_await wareq-sz     d/s     dkB/s   drqm/s  %drqm d_await dareq-sz     f/s f_await  aqu-sz  %util
nvme1n1p3        3.00     12.00     0.00   0.00    0.00     4.00  232.00   1148.00     0.00   0.00    0.14     4.95    0.00      0.00     0.00   0.00    0.00     0.00    0.00    0.00    0.03   2.70
nvme1n1p4        1.00      4.00     0.00   0.00    0.00     4.00  233.00   1164.00     0.00   0.00    0.14     5.00    0.00      0.00     0.00   0.00    0.00     0.00    0.00    0.00    0.03   2.90
nvme1n1p5        5.00     20.00     0.00   0.00    0.20     4.00  233.00   1160.00     0.00   0.00    0.13     4.98    0.00      0.00     0.00   0.00    0.00     0.00    0.00    0.00    0.03   3.40


avg-cpu:  %user   %nice %system %iowait  %steal   %idle
          21.35    0.00    4.29    0.16    0.00   74.20

Device            r/s     rkB/s   rrqm/s  %rrqm r_await rareq-sz     w/s     wkB/s   wrqm/s  %wrqm w_await wareq-sz     d/s     dkB/s   drqm/s  %drqm d_await dareq-sz     f/s f_await  aqu-sz  %util
nvme1n1p3      169.00    800.00     0.00   0.00    0.07     4.73   38.00    324.00     0.00   0.00    0.08     8.53    0.00      0.00     0.00   0.00    0.00     0.00    0.00    0.00    0.01   1.00
nvme1n1p4      109.00    596.00     0.00   0.00    0.06     5.47   38.00    328.00     0.00   0.00    0.11     8.63    0.00      0.00     0.00   0.00    0.00     0.00    0.00    0.00    0.01   1.30
nvme1n1p5      189.00    756.00     0.00   0.00    0.06     4.00   34.00    320.00     0.00   0.00    0.09     9.41    0.00      0.00     0.00   0.00    0.00     0.00    0.00    0.00    0.01   1.30


avg-cpu:  %user   %nice %system %iowait  %steal   %idle
          53.47    0.00   25.35    0.09    0.00   21.09

Device            r/s     rkB/s   rrqm/s  %rrqm r_await rareq-sz     w/s     wkB/s   wrqm/s  %wrqm w_await wareq-sz     d/s     dkB/s   drqm/s  %drqm d_await dareq-sz     f/s f_await  aqu-sz  %util
nvme1n1p3     6385.00  25540.00     0.00   0.00    0.05     4.00  190.00   1728.00     0.00   0.00    0.09     9.09    0.00      0.00     0.00   0.00    0.00     0.00    0.00    0.00    0.36  26.30
nvme1n1p4     5370.00  21480.00     0.00   0.00    0.05     4.00  209.00   1812.00     0.00   0.00    0.08     8.67    0.00      0.00     0.00   0.00    0.00     0.00    0.00    0.00    0.29  22.50
nvme1n1p5     8541.00  34180.00     0.00   0.00    0.05     4.00  193.00   1716.00     0.00   0.00    0.08     8.89    0.00      0.00     0.00   0.00    0.00     0.00    0.00    0.00    0.45  31.10


avg-cpu:  %user   %nice %system %iowait  %steal   %idle
          55.81    0.00   25.41    0.00    0.00   18.78

Device            r/s     rkB/s   rrqm/s  %rrqm r_await rareq-sz     w/s     wkB/s   wrqm/s  %wrqm w_await wareq-sz     d/s     dkB/s   drqm/s  %drqm d_await dareq-sz     f/s f_await  aqu-sz  %util
nvme1n1p3     7086.00  28344.00     0.00   0.00    0.05     4.00   36.00    132.00     0.00   0.00    0.11     3.67    0.00      0.00     0.00   0.00    0.00     0.00    0.00    0.00    0.39  26.60
nvme1n1p4     5638.00  22552.00     0.00   0.00    0.05     4.00   36.00    128.00     0.00   0.00    0.11     3.56    0.00      0.00     0.00   0.00    0.00     0.00    0.00    0.00    0.30  22.40
nvme1n1p5     8878.00  35516.00     0.00   0.00    0.05     4.00   40.00    136.00     0.00   0.00    0.10     3.40    0.00      0.00     0.00   0.00    0.00     0.00    0.00    0.00    0.47  32.90


avg-cpu:  %user   %nice %system %iowait  %steal   %idle
          53.85    0.00   28.80    0.09    0.00   17.26

Device            r/s     rkB/s   rrqm/s  %rrqm r_await rareq-sz     w/s     wkB/s   wrqm/s  %wrqm w_await wareq-sz     d/s     dkB/s   drqm/s  %drqm d_await dareq-sz     f/s f_await  aqu-sz  %util
nvme1n1p3     8758.00  35032.00     0.00   0.00    0.05     4.00   16.00     64.00     0.00   0.00    0.06     4.00    0.00      0.00     0.00   0.00    0.00     0.00    0.00    0.00    0.46  32.80
nvme1n1p4     7300.00  29200.00     0.00   0.00    0.05     4.00   16.00     64.00     0.00   0.00    0.06     4.00    0.00      0.00     0.00   0.00    0.00     0.00    0.00    0.00    0.38  27.40
nvme1n1p5     11368.00  45472.00     0.00   0.00    0.05     4.00   16.00     64.00     0.00   0.00    0.06     4.00    0.00      0.00     0.00   0.00    0.00     0.00    0.00    0.00    0.58  41.40


avg-cpu:  %user   %nice %system %iowait  %steal   %idle
          55.49    0.00   27.19    0.00    0.00   17.32

Device            r/s     rkB/s   rrqm/s  %rrqm r_await rareq-sz     w/s     wkB/s   wrqm/s  %wrqm w_await wareq-sz     d/s     dkB/s   drqm/s  %drqm d_await dareq-sz     f/s f_await  aqu-sz  %util
nvme1n1p3     7681.00  30724.00     0.00   0.00    0.05     4.00   20.00    144.00     0.00   0.00    0.05     7.20    0.00      0.00     0.00   0.00    0.00     0.00    0.00    0.00    0.41  30.50
nvme1n1p4     6405.00  25620.00     0.00   0.00    0.05     4.00   36.00    224.00     0.00   0.00    0.06     6.22    0.00      0.00     0.00   0.00    0.00     0.00    0.00    0.00    0.34  27.10
nvme1n1p5     9966.00  39864.00     0.00   0.00    0.05     4.00   56.00    416.00     0.00   0.00    0.09     7.43    0.00      0.00     0.00   0.00    0.00     0.00    0.00    0.00    0.52  37.30


avg-cpu:  %user   %nice %system %iowait  %steal   %idle
          59.31    0.00   24.28    0.08    0.00   16.33

Device            r/s     rkB/s   rrqm/s  %rrqm r_await rareq-sz     w/s     wkB/s   wrqm/s  %wrqm w_await wareq-sz     d/s     dkB/s   drqm/s  %drqm d_await dareq-sz     f/s f_await  aqu-sz  %util
nvme1n1p3     7239.00  28956.00     0.00   0.00    0.05     4.00  116.00    652.00     0.00   0.00    0.09     5.62    0.00      0.00     0.00   0.00    0.00     0.00    0.00    0.00    0.40  30.60
nvme1n1p4     5928.00  23712.00     0.00   0.00    0.05     4.00   84.00    392.00     0.00   0.00    0.10     4.67    0.00      0.00     0.00   0.00    0.00     0.00    0.00    0.00    0.32  23.00
nvme1n1p5     9578.00  38312.00     0.00   0.00    0.05     4.00   84.00    392.00     0.00   0.00    0.10     4.67    0.00      0.00     0.00   0.00    0.00     0.00    0.00    0.00    0.51  37.40


avg-cpu:  %user   %nice %system %iowait  %steal   %idle
          54.43    0.00   26.50    0.17    0.00   18.90

Device            r/s     rkB/s   rrqm/s  %rrqm r_await rareq-sz     w/s     wkB/s   wrqm/s  %wrqm w_await wareq-sz     d/s     dkB/s   drqm/s  %drqm d_await dareq-sz     f/s f_await  aqu-sz  %util
nvme1n1p3     7611.00  30444.00     0.00   0.00    0.05     4.00  152.00    816.00     0.00   0.00    0.09     5.37    0.00      0.00     0.00   0.00    0.00     0.00    0.00    0.00    0.43  31.80
nvme1n1p4     6302.00  25208.00     0.00   0.00    0.05     4.00  178.00   1332.00     0.00   0.00    0.08     7.48    0.00      0.00     0.00   0.00    0.00     0.00    0.00    0.00    0.35  24.50
nvme1n1p5     10124.00  40584.00     0.00   0.00    0.05     4.01  181.00   1280.00     0.00   0.00    0.08     7.07    0.00      0.00     0.00   0.00    0.00     0.00    0.00    0.00    0.55  36.10


avg-cpu:  %user   %nice %system %iowait  %steal   %idle
          54.23    0.00   28.31    0.09    0.00   17.37

Device            r/s     rkB/s   rrqm/s  %rrqm r_await rareq-sz     w/s     wkB/s   wrqm/s  %wrqm w_await wareq-sz     d/s     dkB/s   drqm/s  %drqm d_await dareq-sz     f/s f_await  aqu-sz  %util
nvme1n1p3     7927.00  31708.00     0.00   0.00    0.05     4.00  185.00   1240.00     0.00   0.00    0.08     6.70    0.00      0.00     0.00   0.00    0.00     0.00    0.00    0.00    0.45  35.10
nvme1n1p4     6708.00  26832.00     0.00   0.00    0.05     4.00  148.00    680.00     0.00   0.00    0.09     4.59    0.00      0.00     0.00   0.00    0.00     0.00    0.00    0.00    0.37  26.70
nvme1n1p5     10286.00  41144.00     0.00   0.00    0.05     4.00  152.00    688.00     0.00   0.00    0.09     4.53    0.00      0.00     0.00   0.00    0.00     0.00    0.00    0.00    0.55  35.30


avg-cpu:  %user   %nice %system %iowait  %steal   %idle
          56.83    0.00   26.79    0.00    0.00   16.38

Device            r/s     rkB/s   rrqm/s  %rrqm r_await rareq-sz     w/s     wkB/s   wrqm/s  %wrqm w_await wareq-sz     d/s     dkB/s   drqm/s  %drqm d_await dareq-sz     f/s f_await  aqu-sz  %util
nvme1n1p3     7899.00  31596.00     0.00   0.00    0.05     4.00    4.00     12.00     0.00   0.00    0.25     3.00    0.00      0.00     0.00   0.00    0.00     0.00    0.00    0.00    0.42  28.80
nvme1n1p4     6449.00  25800.00     0.00   0.00    0.05     4.00    4.00     16.00     0.00   0.00    0.00     4.00    0.00      0.00     0.00   0.00    0.00     0.00    0.00    0.00    0.34  26.10
nvme1n1p5     10229.00  40916.00     0.00   0.00    0.05     4.00    4.00     16.00     0.00   0.00    0.00     4.00    0.00      0.00     0.00   0.00    0.00     0.00    0.00    0.00    0.52  38.70


avg-cpu:  %user   %nice %system %iowait  %steal   %idle
          61.64    0.00   22.52    0.17    0.00   15.67

Device            r/s     rkB/s   rrqm/s  %rrqm r_await rareq-sz     w/s     wkB/s   wrqm/s  %wrqm w_await wareq-sz     d/s     dkB/s   drqm/s  %drqm d_await dareq-sz     f/s f_await  aqu-sz  %util
nvme1n1p3     7119.00  28480.00     0.00   0.00    0.05     4.00  148.00   1028.00     0.00   0.00    0.08     6.95    0.00      0.00     0.00   0.00    0.00     0.00    0.00    0.00    0.40  28.40
nvme1n1p4     5845.00  23380.00     0.00   0.00    0.05     4.00  211.00   1428.00     0.00   0.00    0.08     6.77    0.00      0.00     0.00   0.00    0.00     0.00    0.00    0.00    0.32  22.10
nvme1n1p5     9101.00  36404.00     0.00   0.00    0.05     4.00  211.00   1428.00     0.00   0.00    0.08     6.77    0.00      0.00     0.00   0.00    0.00     0.00    0.00    0.00    0.49  32.40


avg-cpu:  %user   %nice %system %iowait  %steal   %idle
          57.12    0.00   26.09    0.00    0.00   16.79

Device            r/s     rkB/s   rrqm/s  %rrqm r_await rareq-sz     w/s     wkB/s   wrqm/s  %wrqm w_await wareq-sz     d/s     dkB/s   drqm/s  %drqm d_await dareq-sz     f/s f_await  aqu-sz  %util
nvme1n1p3     7419.00  29676.00     0.00   0.00    0.05     4.00   86.00    420.00     0.00   0.00    0.08     4.88    0.00      0.00     0.00   0.00    0.00     0.00    0.00    0.00    0.41  30.20
nvme1n1p4     5843.00  23372.00     0.00   0.00    0.05     4.00   24.00     92.00     0.00   0.00    0.12     3.83    0.00      0.00     0.00   0.00    0.00     0.00    0.00    0.00    0.31  22.10
nvme1n1p5     9667.00  38668.00     0.00   0.00    0.05     4.00   24.00     92.00     0.00   0.00    0.08     3.83    0.00      0.00     0.00   0.00    0.00     0.00    0.00    0.00    0.50  35.00


avg-cpu:  %user   %nice %system %iowait  %steal   %idle
          56.01    0.00   26.55    0.09    0.00   17.35

Device            r/s     rkB/s   rrqm/s  %rrqm r_await rareq-sz     w/s     wkB/s   wrqm/s  %wrqm w_await wareq-sz     d/s     dkB/s   drqm/s  %drqm d_await dareq-sz     f/s f_await  aqu-sz  %util
nvme1n1p3     7394.00  29576.00     0.00   0.00    0.05     4.00   68.00    292.00     0.00   0.00    0.09     4.29    0.00      0.00     0.00   0.00    0.00     0.00    0.00    0.00    0.40  29.30
nvme1n1p4     6162.00  24652.00     0.00   0.00    0.05     4.00   72.00    304.00     0.00   0.00    0.10     4.22    0.00      0.00     0.00   0.00    0.00     0.00    0.00    0.00    0.33  23.10
nvme1n1p5     9735.00  38940.00     0.00   0.00    0.05     4.00   72.00    304.00     0.00   0.00    0.10     4.22    0.00      0.00     0.00   0.00    0.00     0.00    0.00    0.00    0.51  32.20


avg-cpu:  %user   %nice %system %iowait  %steal   %idle
          56.63    0.00   26.26    0.00    0.00   17.11

Device            r/s     rkB/s   rrqm/s  %rrqm r_await rareq-sz     w/s     wkB/s   wrqm/s  %wrqm w_await wareq-sz     d/s     dkB/s   drqm/s  %drqm d_await dareq-sz     f/s f_await  aqu-sz  %util
nvme1n1p3     7647.00  30588.00     0.00   0.00    0.05     4.00   52.00    204.00     0.00   0.00    0.10     3.92    0.00      0.00     0.00   0.00    0.00     0.00    0.00    0.00    0.42  29.50
nvme1n1p4     6269.00  25076.00     0.00   0.00    0.05     4.00   48.00    196.00     0.00   0.00    0.08     4.08    0.00      0.00     0.00   0.00    0.00     0.00    0.00    0.00    0.34  24.80
nvme1n1p5     9790.00  39164.00     0.00   0.00    0.05     4.00   78.00    392.00     0.00   0.00    0.08     5.03    0.00      0.00     0.00   0.00    0.00     0.00    0.00    0.00    0.51  36.20


avg-cpu:  %user   %nice %system %iowait  %steal   %idle
          52.88    0.00   29.19    0.08    0.00   17.85

Device            r/s     rkB/s   rrqm/s  %rrqm r_await rareq-sz     w/s     wkB/s   wrqm/s  %wrqm w_await wareq-sz     d/s     dkB/s   drqm/s  %drqm d_await dareq-sz     f/s f_await  aqu-sz  %util
nvme1n1p3     8732.00  34928.00     0.00   0.00    0.05     4.00   83.00    532.00     0.00   0.00    0.08     6.41    0.00      0.00     0.00   0.00    0.00     0.00    0.00    0.00    0.47  30.90
nvme1n1p4     7150.00  28600.00     0.00   0.00    0.05     4.00   95.00    600.00     0.00   0.00    0.09     6.32    0.00      0.00     0.00   0.00    0.00     0.00    0.00    0.00    0.38  27.90
nvme1n1p5     11048.00  44192.00     0.00   0.00    0.05     4.00   66.00    352.00     0.00   0.00    0.11     5.33    0.00      0.00     0.00   0.00    0.00     0.00    0.00    0.00    0.57  38.40


avg-cpu:  %user   %nice %system %iowait  %steal   %idle
          51.23    0.00   30.67    0.00    0.00   18.10

Device            r/s     rkB/s   rrqm/s  %rrqm r_await rareq-sz     w/s     wkB/s   wrqm/s  %wrqm w_await wareq-sz     d/s     dkB/s   drqm/s  %drqm d_await dareq-sz     f/s f_await  aqu-sz  %util
nvme1n1p3     9333.00  37332.00     0.00   0.00    0.05     4.00    0.00      0.00     0.00   0.00    0.00     0.00    0.00      0.00     0.00   0.00    0.00     0.00    0.00    0.00    0.49  32.90
nvme1n1p4     7657.00  30628.00     0.00   0.00    0.05     4.00    0.00      0.00     0.00   0.00    0.00     0.00    0.00      0.00     0.00   0.00    0.00     0.00    0.00    0.00    0.39  29.30
nvme1n1p5     12120.00  48480.00     0.00   0.00    0.05     4.00    0.00      0.00     0.00   0.00    0.00     0.00    0.00      0.00     0.00   0.00    0.00     0.00    0.00    0.00    0.61  41.10


avg-cpu:  %user   %nice %system %iowait  %steal   %idle
          52.00    0.00   29.24    0.09    0.00   18.67

Device            r/s     rkB/s   rrqm/s  %rrqm r_await rareq-sz     w/s     wkB/s   wrqm/s  %wrqm w_await wareq-sz     d/s     dkB/s   drqm/s  %drqm d_await dareq-sz     f/s f_await  aqu-sz  %util
nvme1n1p3     8133.00  32540.00     0.00   0.00    0.05     4.00   80.00    356.00     0.00   0.00    0.09     4.45    0.00      0.00     0.00   0.00    0.00     0.00    0.00    0.00    0.44  30.30
nvme1n1p4     6498.00  25992.00     0.00   0.00    0.05     4.00   84.00    368.00     0.00   0.00    0.08     4.38    0.00      0.00     0.00   0.00    0.00     0.00    0.00    0.00    0.34  25.90
nvme1n1p5     10654.00  42616.00     0.00   0.00    0.05     4.00   72.00    344.00     0.00   0.00    0.10     4.78    0.00      0.00     0.00   0.00    0.00     0.00    0.00    0.00    0.55  38.70


avg-cpu:  %user   %nice %system %iowait  %steal   %idle
          59.24    0.00   23.90    0.00    0.00   16.86

Device            r/s     rkB/s   rrqm/s  %rrqm r_await rareq-sz     w/s     wkB/s   wrqm/s  %wrqm w_await wareq-sz     d/s     dkB/s   drqm/s  %drqm d_await dareq-sz     f/s f_await  aqu-sz  %util
nvme1n1p3     7194.00  28780.00     0.00   0.00    0.05     4.00   25.00    156.00     0.00   0.00    0.08     6.24    0.00      0.00     0.00   0.00    0.00     0.00    0.00    0.00    0.39  28.10
nvme1n1p4     5961.00  23848.00     0.00   0.00    0.05     4.00   24.00    152.00     0.00   0.00    0.04     6.33    0.00      0.00     0.00   0.00    0.00     0.00    0.00    0.00    0.31  24.60
nvme1n1p5     9280.00  37124.00     0.00   0.00    0.05     4.00   27.00    200.00     0.00   0.00    0.04     7.41    0.00      0.00     0.00   0.00    0.00     0.00    0.00    0.00    0.48  36.50


avg-cpu:  %user   %nice %system %iowait  %steal   %idle
          63.64    0.00   20.42    0.08    0.00   15.85

Device            r/s     rkB/s   rrqm/s  %rrqm r_await rareq-sz     w/s     wkB/s   wrqm/s  %wrqm w_await wareq-sz     d/s     dkB/s   drqm/s  %drqm d_await dareq-sz     f/s f_await  aqu-sz  %util
nvme1n1p3     6302.00  25208.00     0.00   0.00    0.06     4.00  273.00   1832.00     0.00   0.00    0.08     6.71    0.00      0.00     0.00   0.00    0.00     0.00    0.00    0.00    0.37  27.70
nvme1n1p4     5267.00  21068.00     0.00   0.00    0.05     4.00  320.00   2172.00     0.00   0.00    0.08     6.79    0.00      0.00     0.00   0.00    0.00     0.00    0.00    0.00    0.31  22.80
nvme1n1p5     8482.00  33928.00     0.00   0.00    0.05     4.00  272.00   1824.00     0.00   0.00    0.08     6.71    0.00      0.00     0.00   0.00    0.00     0.00    0.00    0.00    0.47  32.50


avg-cpu:  %user   %nice %system %iowait  %steal   %idle
          64.69    0.08   19.61    0.08    0.00   15.53

Device            r/s     rkB/s   rrqm/s  %rrqm r_await rareq-sz     w/s     wkB/s   wrqm/s  %wrqm w_await wareq-sz     d/s     dkB/s   drqm/s  %drqm d_await dareq-sz     f/s f_await  aqu-sz  %util
nvme1n1p3     6613.00  26456.00     0.00   0.00    0.05     4.00    0.00      0.00     0.00   0.00    0.00     0.00    0.00      0.00     0.00   0.00    0.00     0.00    0.00    0.00    0.36  25.70
nvme1n1p4     5560.00  22240.00     0.00   0.00    0.05     4.00    0.00      0.00     0.00   0.00    0.00     0.00    0.00      0.00     0.00   0.00    0.00     0.00    0.00    0.00    0.29  19.20
nvme1n1p5     8518.00  34072.00     0.00   0.00    0.05     4.00    0.00      0.00     0.00   0.00    0.00     0.00    0.00      0.00     0.00   0.00    0.00     0.00    0.00    0.00    0.44  31.80


avg-cpu:  %user   %nice %system %iowait  %steal   %idle
          62.72    0.00   21.79    0.00    0.00   15.49

Device            r/s     rkB/s   rrqm/s  %rrqm r_await rareq-sz     w/s     wkB/s   wrqm/s  %wrqm w_await wareq-sz     d/s     dkB/s   drqm/s  %drqm d_await dareq-sz     f/s f_await  aqu-sz  %util
nvme1n1p3     6670.00  26680.00     0.00   0.00    0.05     4.00  122.00    716.00     0.00   0.00    0.07     5.87    0.00      0.00     0.00   0.00    0.00     0.00    0.00    0.00    0.37  28.90
nvme1n1p4     5537.00  22148.00     0.00   0.00    0.05     4.00   64.00    288.00     0.00   0.00    0.09     4.50    0.00      0.00     0.00   0.00    0.00     0.00    0.00    0.00    0.30  22.50
nvme1n1p5     8757.00  35032.00     0.00   0.00    0.05     4.00  125.00    724.00     0.00   0.00    0.07     5.79    0.00      0.00     0.00   0.00    0.00     0.00    0.00    0.00    0.47  32.80


avg-cpu:  %user   %nice %system %iowait  %steal   %idle
          63.61    0.00   20.53    0.08    0.00   15.78

Device            r/s     rkB/s   rrqm/s  %rrqm r_await rareq-sz     w/s     wkB/s   wrqm/s  %wrqm w_await wareq-sz     d/s     dkB/s   drqm/s  %drqm d_await dareq-sz     f/s f_await  aqu-sz  %util
nvme1n1p3     6379.00  25516.00     0.00   0.00    0.05     4.00   60.00    300.00     0.00   0.00    0.08     5.00    0.00      0.00     0.00   0.00    0.00     0.00    0.00    0.00    0.35  27.20
nvme1n1p4     5360.00  21440.00     0.00   0.00    0.05     4.00   56.00    292.00     0.00   0.00    0.09     5.21    0.00      0.00     0.00   0.00    0.00     0.00    0.00    0.00    0.29  20.20
nvme1n1p5     8339.00  33364.00     0.00   0.00    0.05     4.00   52.00    280.00     0.00   0.00    0.08     5.38    0.00      0.00     0.00   0.00    0.00     0.00    0.00    0.00    0.44  29.20


avg-cpu:  %user   %nice %system %iowait  %steal   %idle
          53.87    0.00   28.63    0.00    0.00   17.50

Device            r/s     rkB/s   rrqm/s  %rrqm r_await rareq-sz     w/s     wkB/s   wrqm/s  %wrqm w_await wareq-sz     d/s     dkB/s   drqm/s  %drqm d_await dareq-sz     f/s f_await  aqu-sz  %util
nvme1n1p3     8357.00  33432.00     0.00   0.00    0.05     4.00   64.00    268.00     0.00   0.00    0.09     4.19    0.00      0.00     0.00   0.00    0.00     0.00    0.00    0.00    0.45  33.20
nvme1n1p4     6599.00  26396.00     0.00   0.00    0.05     4.00  101.00    528.00     0.00   0.00    0.08     5.23    0.00      0.00     0.00   0.00    0.00     0.00    0.00    0.00    0.35  24.10
nvme1n1p5     10680.00  42720.00     0.00   0.00    0.05     4.00   64.00    272.00     0.00   0.00    0.08     4.25    0.00      0.00     0.00   0.00    0.00     0.00    0.00    0.00    0.55  38.20


avg-cpu:  %user   %nice %system %iowait  %steal   %idle
          53.38    0.00   28.17    0.08    0.00   18.36

Device            r/s     rkB/s   rrqm/s  %rrqm r_await rareq-sz     w/s     wkB/s   wrqm/s  %wrqm w_await wareq-sz     d/s     dkB/s   drqm/s  %drqm d_await dareq-sz     f/s f_await  aqu-sz  %util
nvme1n1p3     8748.00  34996.00     0.00   0.00    0.05     4.00   79.00    388.00     0.00   0.00    0.08     4.91    0.00      0.00     0.00   0.00    0.00     0.00    0.00    0.00    0.47  35.60
nvme1n1p4     7272.00  29168.00     0.00   0.00    0.05     4.01   44.00    160.00     0.00   0.00    0.09     3.64    0.00      0.00     0.00   0.00    0.00     0.00    0.00    0.00    0.38  24.60
nvme1n1p5     11352.00  45408.00     0.00   0.00    0.05     4.00   79.00    392.00     0.00   0.00    0.08     4.96    0.00      0.00     0.00   0.00    0.00     0.00    0.00    0.00    0.58  38.40


avg-cpu:  %user   %nice %system %iowait  %steal   %idle
          51.88    0.00   27.95    0.09    0.00   20.09

Device            r/s     rkB/s   rrqm/s  %rrqm r_await rareq-sz     w/s     wkB/s   wrqm/s  %wrqm w_await wareq-sz     d/s     dkB/s   drqm/s  %drqm d_await dareq-sz     f/s f_await  aqu-sz  %util
nvme1n1p3     8088.00  32356.00     0.00   0.00    0.05     4.00   60.00    268.00     0.00   0.00    0.08     4.47    0.00      0.00     0.00   0.00    0.00     0.00    0.00    0.00    0.44  29.80
nvme1n1p4     6480.00  25924.00     0.00   0.00    0.05     4.00   56.00    264.00     0.00   0.00    0.09     4.71    0.00      0.00     0.00   0.00    0.00     0.00    0.00    0.00    0.34  23.50
nvme1n1p5     10334.00  41336.00     0.00   0.00    0.05     4.00   60.00    272.00     0.00   0.00    0.10     4.53    0.00      0.00     0.00   0.00    0.00     0.00    0.00    0.00    0.53  39.60


avg-cpu:  %user   %nice %system %iowait  %steal   %idle
          53.43    0.00   27.96    0.00    0.00   18.61

Device            r/s     rkB/s   rrqm/s  %rrqm r_await rareq-sz     w/s     wkB/s   wrqm/s  %wrqm w_await wareq-sz     d/s     dkB/s   drqm/s  %drqm d_await dareq-sz     f/s f_await  aqu-sz  %util
nvme1n1p3     7558.00  30236.00     0.00   0.00    0.05     4.00    4.00     12.00     0.00   0.00    0.25     3.00    0.00      0.00     0.00   0.00    0.00     0.00    0.00    0.00    0.40  31.00
nvme1n1p4     6174.00  24700.00     0.00   0.00    0.05     4.00   24.00    148.00     0.00   0.00    0.08     6.17    0.00      0.00     0.00   0.00    0.00     0.00    0.00    0.00    0.32  25.00
nvme1n1p5     9914.00  39656.00     0.00   0.00    0.05     4.00    4.00     12.00     0.00   0.00    0.00     3.00    0.00      0.00     0.00   0.00    0.00     0.00    0.00    0.00    0.51  36.40


avg-cpu:  %user   %nice %system %iowait  %steal   %idle
          52.45    0.00   26.70    0.09    0.00   20.76

Device            r/s     rkB/s   rrqm/s  %rrqm r_await rareq-sz     w/s     wkB/s   wrqm/s  %wrqm w_await wareq-sz     d/s     dkB/s   drqm/s  %drqm d_await dareq-sz     f/s f_await  aqu-sz  %util
nvme1n1p3     7081.00  28416.00     0.00   0.00    0.05     4.01   96.00    484.00     0.00   0.00    0.07     5.04    0.00      0.00     0.00   0.00    0.00     0.00    0.00    0.00    0.39  29.20
nvme1n1p4     5950.00  23800.00     0.00   0.00    0.05     4.00   88.00    376.00     0.00   0.00    0.08     4.27    0.00      0.00     0.00   0.00    0.00     0.00    0.00    0.00    0.32  24.30
nvme1n1p5     9371.00  37484.00     0.00   0.00    0.05     4.00   76.00    352.00     0.00   0.00    0.09     4.63    0.00      0.00     0.00   0.00    0.00     0.00    0.00    0.00    0.49  33.10


avg-cpu:  %user   %nice %system %iowait  %steal   %idle
          52.39    0.00   28.92    0.00    0.00   18.69

Device            r/s     rkB/s   rrqm/s  %rrqm r_await rareq-sz     w/s     wkB/s   wrqm/s  %wrqm w_await wareq-sz     d/s     dkB/s   drqm/s  %drqm d_await dareq-sz     f/s f_await  aqu-sz  %util
nvme1n1p3     8015.00  32060.00     0.00   0.00    0.05     4.00   16.00     92.00     0.00   0.00    0.12     5.75    0.00      0.00     0.00   0.00    0.00     0.00    0.00    0.00    0.44  32.40
nvme1n1p4     6542.00  26176.00     0.00   0.00    0.05     4.00   16.00     92.00     0.00   0.00    0.12     5.75    0.00      0.00     0.00   0.00    0.00     0.00    0.00    0.00    0.35  27.30
nvme1n1p5     10347.00  41388.00     0.00   0.00    0.05     4.00   40.00    296.00     0.00   0.00    0.05     7.40    0.00      0.00     0.00   0.00    0.00     0.00    0.00    0.00    0.55  36.30


avg-cpu:  %user   %nice %system %iowait  %steal   %idle
          58.01    0.00   25.98    0.09    0.00   15.93

Device            r/s     rkB/s   rrqm/s  %rrqm r_await rareq-sz     w/s     wkB/s   wrqm/s  %wrqm w_await wareq-sz     d/s     dkB/s   drqm/s  %drqm d_await dareq-sz     f/s f_await  aqu-sz  %util
nvme1n1p3     7703.00  30812.00     0.00   0.00    0.06     4.00  124.00    492.00     0.00   0.00    0.09     3.97    0.00      0.00     0.00   0.00    0.00     0.00    0.00    0.00    0.44  31.50
nvme1n1p4     6129.00  24516.00     0.00   0.00    0.06     4.00  144.00    716.00     0.00   0.00    0.08     4.97    0.00      0.00     0.00   0.00    0.00     0.00    0.00    0.00    0.35  26.80
nvme1n1p5     9703.00  38812.00     0.00   0.00    0.06     4.00  120.00    488.00     0.00   0.00    0.09     4.07    0.00      0.00     0.00   0.00    0.00     0.00    0.00    0.00    0.54  39.50


avg-cpu:  %user   %nice %system %iowait  %steal   %idle
          53.32    0.00   28.19    0.00    0.00   18.48

Device            r/s     rkB/s   rrqm/s  %rrqm r_await rareq-sz     w/s     wkB/s   wrqm/s  %wrqm w_await wareq-sz     d/s     dkB/s   drqm/s  %drqm d_await dareq-sz     f/s f_await  aqu-sz  %util
nvme1n1p3     8626.00  34504.00     0.00   0.00    0.05     4.00   34.00    292.00     0.00   0.00    0.06     8.59    0.00      0.00     0.00   0.00    0.00     0.00    0.00    0.00    0.47  33.60
nvme1n1p4     6957.00  27828.00     0.00   0.00    0.05     4.00   12.00     60.00     0.00   0.00    0.08     5.00    0.00      0.00     0.00   0.00    0.00     0.00    0.00    0.00    0.38  28.60
nvme1n1p5     11170.00  44688.00     0.00   0.00    0.05     4.00   12.00     56.00     0.00   0.00    0.17     4.67    0.00      0.00     0.00   0.00    0.00     0.00    0.00    0.00    0.61  41.50


avg-cpu:  %user   %nice %system %iowait  %steal   %idle
          53.24    0.00   29.95    0.09    0.00   16.72

Device            r/s     rkB/s   rrqm/s  %rrqm r_await rareq-sz     w/s     wkB/s   wrqm/s  %wrqm w_await wareq-sz     d/s     dkB/s   drqm/s  %drqm d_await dareq-sz     f/s f_await  aqu-sz  %util
nvme1n1p3     8523.00  34092.00     0.00   0.00    0.05     4.00   64.00    264.00     0.00   0.00    0.11     4.12    0.00      0.00     0.00   0.00    0.00     0.00    0.00    0.00    0.47  35.10
nvme1n1p4     6860.00  27444.00     0.00   0.00    0.06     4.00   72.00    280.00     0.00   0.00    0.08     3.89    0.00      0.00     0.00   0.00    0.00     0.00    0.00    0.00    0.39  26.70
nvme1n1p5     11038.00  44160.00     0.00   0.00    0.05     4.00   83.00    432.00     0.00   0.00    0.08     5.20    0.00      0.00     0.00   0.00    0.00     0.00    0.00    0.00    0.61  42.80


avg-cpu:  %user   %nice %system %iowait  %steal   %idle
          50.30    0.00   31.50    0.00    0.00   18.20

Device            r/s     rkB/s   rrqm/s  %rrqm r_await rareq-sz     w/s     wkB/s   wrqm/s  %wrqm w_await wareq-sz     d/s     dkB/s   drqm/s  %drqm d_await dareq-sz     f/s f_await  aqu-sz  %util
nvme1n1p3     8783.00  35136.00     0.00   0.00    0.05     4.00   36.00    136.00     0.00   0.00    0.08     3.78    0.00      0.00     0.00   0.00    0.00     0.00    0.00    0.00    0.48  37.00
nvme1n1p4     7053.00  28216.00     0.00   0.00    0.05     4.00   54.00    264.00     0.00   0.00    0.07     4.89    0.00      0.00     0.00   0.00    0.00     0.00    0.00    0.00    0.39  27.30
nvme1n1p5     11394.00  45580.00     0.00   0.00    0.05     4.00   32.00    128.00     0.00   0.00    0.09     4.00    0.00      0.00     0.00   0.00    0.00     0.00    0.00    0.00    0.62  45.60


avg-cpu:  %user   %nice %system %iowait  %steal   %idle
          52.48    0.00   28.60    0.08    0.00   18.84

Device            r/s     rkB/s   rrqm/s  %rrqm r_await rareq-sz     w/s     wkB/s   wrqm/s  %wrqm w_await wareq-sz     d/s     dkB/s   drqm/s  %drqm d_await dareq-sz     f/s f_await  aqu-sz  %util
nvme1n1p3     8416.00  33668.00     0.00   0.00    0.05     4.00   91.00    492.00     0.00   0.00    0.08     5.41    0.00      0.00     0.00   0.00    0.00     0.00    0.00    0.00    0.47  29.70
nvme1n1p4     6858.00  27436.00     0.00   0.00    0.05     4.00   72.00    376.00     0.00   0.00    0.10     5.22    0.00      0.00     0.00   0.00    0.00     0.00    0.00    0.00    0.38  26.30
nvme1n1p5     11032.00  44132.00     0.00   0.00    0.05     4.00   76.00    380.00     0.00   0.00    0.09     5.00    0.00      0.00     0.00   0.00    0.00     0.00    0.00    0.00    0.61  39.20


avg-cpu:  %user   %nice %system %iowait  %steal   %idle
          51.50    0.00   29.94    0.09    0.00   18.48

Device            r/s     rkB/s   rrqm/s  %rrqm r_await rareq-sz     w/s     wkB/s   wrqm/s  %wrqm w_await wareq-sz     d/s     dkB/s   drqm/s  %drqm d_await dareq-sz     f/s f_await  aqu-sz  %util
nvme1n1p3     8049.00  32200.00     0.00   0.00    0.05     4.00   40.00    148.00     0.00   0.00    0.10     3.70    0.00      0.00     0.00   0.00    0.00     0.00    0.00    0.00    0.45  30.70
nvme1n1p4     6643.00  26572.00     0.00   0.00    0.05     4.00   36.00    140.00     0.00   0.00    0.08     3.89    0.00      0.00     0.00   0.00    0.00     0.00    0.00    0.00    0.37  29.00
nvme1n1p5     10744.00  42980.00     0.00   0.00    0.05     4.00   63.00    400.00     0.00   0.00    0.10     6.35    0.00      0.00     0.00   0.00    0.00     0.00    0.00    0.00    0.59  37.70


avg-cpu:  %user   %nice %system %iowait  %steal   %idle
          50.26    0.00   30.48    0.00    0.00   19.26

Device            r/s     rkB/s   rrqm/s  %rrqm r_await rareq-sz     w/s     wkB/s   wrqm/s  %wrqm w_await wareq-sz     d/s     dkB/s   drqm/s  %drqm d_await dareq-sz     f/s f_await  aqu-sz  %util
nvme1n1p3     8368.00  33476.00     0.00   0.00    0.05     4.00   48.00    212.00     0.00   0.00    0.08     4.42    0.00      0.00     0.00   0.00    0.00     0.00    0.00    0.00    0.46  33.20
nvme1n1p4     6863.00  27452.00     0.00   0.00    0.05     4.00   72.00    448.00     0.00   0.00    0.08     6.22    0.00      0.00     0.00   0.00    0.00     0.00    0.00    0.00    0.38  25.90
nvme1n1p5     10729.00  42920.00     0.00   0.00    0.05     4.00   48.00    212.00     0.00   0.00    0.08     4.42    0.00      0.00     0.00   0.00    0.00     0.00    0.00    0.00    0.58  40.10


avg-cpu:  %user   %nice %system %iowait  %steal   %idle
          50.30    0.00   30.85    0.09    0.00   18.77

Device            r/s     rkB/s   rrqm/s  %rrqm r_await rareq-sz     w/s     wkB/s   wrqm/s  %wrqm w_await wareq-sz     d/s     dkB/s   drqm/s  %drqm d_await dareq-sz     f/s f_await  aqu-sz  %util
nvme1n1p3     8662.00  34648.00     0.00   0.00    0.05     4.00   36.00    292.00     0.00   0.00    0.06     8.11    0.00      0.00     0.00   0.00    0.00     0.00    0.00    0.00    0.47  36.80
nvme1n1p4     7081.00  28328.00     0.00   0.00    0.05     4.00   12.00     52.00     0.00   0.00    0.08     4.33    0.00      0.00     0.00   0.00    0.00     0.00    0.00    0.00    0.38  31.20
nvme1n1p5     11350.00  45408.00     0.00   0.00    0.05     4.00   12.00     52.00     0.00   0.00    0.17     4.33    0.00      0.00     0.00   0.00    0.00     0.00    0.00    0.00    0.61  41.00


avg-cpu:  %user   %nice %system %iowait  %steal   %idle
          48.28    0.00   31.87    0.00    0.00   19.85

Device            r/s     rkB/s   rrqm/s  %rrqm r_await rareq-sz     w/s     wkB/s   wrqm/s  %wrqm w_await wareq-sz     d/s     dkB/s   drqm/s  %drqm d_await dareq-sz     f/s f_await  aqu-sz  %util
nvme1n1p3     8222.00  32888.00     0.00   0.00    0.05     4.00   72.00    284.00     0.00   0.00    0.08     3.94    0.00      0.00     0.00   0.00    0.00     0.00    0.00    0.00    0.46  33.90
nvme1n1p4     6528.00  26112.00     0.00   0.00    0.05     4.00   76.00    296.00     0.00   0.00    0.09     3.89    0.00      0.00     0.00   0.00    0.00     0.00    0.00    0.00    0.36  25.50
nvme1n1p5     10572.00  42296.00     0.00   0.00    0.05     4.00   90.00    400.00     0.00   0.00    0.08     4.44    0.00      0.00     0.00   0.00    0.00     0.00    0.00    0.00    0.58  40.50


avg-cpu:  %user   %nice %system %iowait  %steal   %idle
          51.91    0.00   29.36    0.09    0.00   18.64

Device            r/s     rkB/s   rrqm/s  %rrqm r_await rareq-sz     w/s     wkB/s   wrqm/s  %wrqm w_await wareq-sz     d/s     dkB/s   drqm/s  %drqm d_await dareq-sz     f/s f_await  aqu-sz  %util
nvme1n1p3     8125.00  32500.00     0.00   0.00    0.05     4.00   24.00    112.00     0.00   0.00    0.08     4.67    0.00      0.00     0.00   0.00    0.00     0.00    0.00    0.00    0.45  33.10
nvme1n1p4     6753.00  27012.00     0.00   0.00    0.05     4.00   43.00    204.00     0.00   0.00    0.07     4.74    0.00      0.00     0.00   0.00    0.00     0.00    0.00    0.00    0.37  25.80
nvme1n1p5     10624.00  42496.00     0.00   0.00    0.05     4.00   24.00    112.00     0.00   0.00    0.08     4.67    0.00      0.00     0.00   0.00    0.00     0.00    0.00    0.00    0.58  38.00


avg-cpu:  %user   %nice %system %iowait  %steal   %idle
          52.91    0.00   29.87    0.08    0.00   17.13

Device            r/s     rkB/s   rrqm/s  %rrqm r_await rareq-sz     w/s     wkB/s   wrqm/s  %wrqm w_await wareq-sz     d/s     dkB/s   drqm/s  %drqm d_await dareq-sz     f/s f_await  aqu-sz  %util
nvme1n1p3     8001.00  32004.00     0.00   0.00    0.05     4.00  125.00    592.00     0.00   0.00    0.08     4.74    0.00      0.00     0.00   0.00    0.00     0.00    0.00    0.00    0.45  32.40
nvme1n1p4     6730.00  26920.00     0.00   0.00    0.06     4.00  104.00    432.00     0.00   0.00    0.09     4.15    0.00      0.00     0.00   0.00    0.00     0.00    0.00    0.00    0.38  29.30
nvme1n1p5     10534.00  42140.00     0.00   0.00    0.06     4.00  100.00    424.00     0.00   0.00    0.10     4.24    0.00      0.00     0.00   0.00    0.00     0.00    0.00    0.00    0.59  41.80


avg-cpu:  %user   %nice %system %iowait  %steal   %idle
          55.82    0.00   27.65    0.00    0.00   16.52

Device            r/s     rkB/s   rrqm/s  %rrqm r_await rareq-sz     w/s     wkB/s   wrqm/s  %wrqm w_await wareq-sz     d/s     dkB/s   drqm/s  %drqm d_await dareq-sz     f/s f_await  aqu-sz  %util
nvme1n1p3     8256.00  33024.00     0.00   0.00    0.05     4.00   68.00    292.00     0.00   0.00    0.09     4.29    0.00      0.00     0.00   0.00    0.00     0.00    0.00    0.00    0.45  32.90
nvme1n1p4     6712.00  26852.00     0.00   0.00    0.05     4.00   72.00    300.00     0.00   0.00    0.10     4.17    0.00      0.00     0.00   0.00    0.00     0.00    0.00    0.00    0.38  26.60
nvme1n1p5     11004.00  44016.00     0.00   0.00    0.05     4.00   93.00    520.00     0.00   0.00    0.08     5.59    0.00      0.00     0.00   0.00    0.00     0.00    0.00    0.00    0.60  44.60


avg-cpu:  %user   %nice %system %iowait  %steal   %idle
          56.88    0.00   27.00    0.08    0.00   16.03

Device            r/s     rkB/s   rrqm/s  %rrqm r_await rareq-sz     w/s     wkB/s   wrqm/s  %wrqm w_await wareq-sz     d/s     dkB/s   drqm/s  %drqm d_await dareq-sz     f/s f_await  aqu-sz  %util
nvme1n1p3     7819.00  31276.00     0.00   0.00    0.05     4.00   36.00    164.00     0.00   0.00    0.08     4.56    0.00      0.00     0.00   0.00    0.00     0.00    0.00    0.00    0.43  33.30
nvme1n1p4     6448.00  25792.00     0.00   0.00    0.05     4.00   66.00    448.00     0.00   0.00    0.06     6.79    0.00      0.00     0.00   0.00    0.00     0.00    0.00    0.00    0.36  26.20
nvme1n1p5     10112.00  40452.00     0.00   0.00    0.05     4.00   36.00    168.00     0.00   0.00    0.08     4.67    0.00      0.00     0.00   0.00    0.00     0.00    0.00    0.00    0.55  37.50


avg-cpu:  %user   %nice %system %iowait  %steal   %idle
          55.08    0.00   28.17    0.00    0.00   16.75

Device            r/s     rkB/s   rrqm/s  %rrqm r_await rareq-sz     w/s     wkB/s   wrqm/s  %wrqm w_await wareq-sz     d/s     dkB/s   drqm/s  %drqm d_await dareq-sz     f/s f_await  aqu-sz  %util
nvme1n1p3     7904.00  31620.00     0.00   0.00    0.06     4.00   53.00    352.00     0.00   0.00    0.08     6.64    0.00      0.00     0.00   0.00    0.00     0.00    0.00    0.00    0.44  31.00
nvme1n1p4     6448.00  25796.00     0.00   0.00    0.05     4.00   36.00    152.00     0.00   0.00    0.08     4.22    0.00      0.00     0.00   0.00    0.00     0.00    0.00    0.00    0.35  22.80
nvme1n1p5     10501.00  42004.00     0.00   0.00    0.05     4.00   36.00    152.00     0.00   0.00    0.08     4.22    0.00      0.00     0.00   0.00    0.00     0.00    0.00    0.00    0.57  40.50


avg-cpu:  %user   %nice %system %iowait  %steal   %idle
          55.48    0.00   28.04    0.08    0.00   16.40

Device            r/s     rkB/s   rrqm/s  %rrqm r_await rareq-sz     w/s     wkB/s   wrqm/s  %wrqm w_await wareq-sz     d/s     dkB/s   drqm/s  %drqm d_await dareq-sz     f/s f_await  aqu-sz  %util
nvme1n1p3     8354.00  33420.00     0.00   0.00    0.05     4.00   56.00    240.00     0.00   0.00    0.07     4.29    0.00      0.00     0.00   0.00    0.00     0.00    0.00    0.00    0.46  33.60
nvme1n1p4     6691.00  26764.00     0.00   0.00    0.05     4.00   60.00    244.00     0.00   0.00    0.08     4.07    0.00      0.00     0.00   0.00    0.00     0.00    0.00    0.00    0.37  26.70
nvme1n1p5     10927.00  43708.00     0.00   0.00    0.05     4.00   73.00    380.00     0.00   0.00    0.08     5.21    0.00      0.00     0.00   0.00    0.00     0.00    0.00    0.00    0.60  40.60


avg-cpu:  %user   %nice %system %iowait  %steal   %idle
          54.41    0.00   27.97    0.00    0.00   17.62

Device            r/s     rkB/s   rrqm/s  %rrqm r_await rareq-sz     w/s     wkB/s   wrqm/s  %wrqm w_await wareq-sz     d/s     dkB/s   drqm/s  %drqm d_await dareq-sz     f/s f_await  aqu-sz  %util
nvme1n1p3     8359.00  33436.00     0.00   0.00    0.06     4.00   56.00    208.00     0.00   0.00    0.09     3.71    0.00      0.00     0.00   0.00    0.00     0.00    0.00    0.00    0.47  33.60
nvme1n1p4     6739.00  26964.00     0.00   0.00    0.06     4.00   82.00    364.00     0.00   0.00    0.09     4.44    0.00      0.00     0.00   0.00    0.00     0.00    0.00    0.00    0.39  27.00
nvme1n1p5     10854.00  43420.00     0.00   0.00    0.06     4.00   56.00    212.00     0.00   0.00    0.09     3.79    0.00      0.00     0.00   0.00    0.00     0.00    0.00    0.00    0.61  40.30


avg-cpu:  %user   %nice %system %iowait  %steal   %idle
          55.34    0.00   27.50    0.09    0.00   17.08

Device            r/s     rkB/s   rrqm/s  %rrqm r_await rareq-sz     w/s     wkB/s   wrqm/s  %wrqm w_await wareq-sz     d/s     dkB/s   drqm/s  %drqm d_await dareq-sz     f/s f_await  aqu-sz  %util
nvme1n1p3     7969.00  31880.00     0.00   0.00    0.06     4.00   75.00    392.00     0.00   0.00    0.09     5.23    0.00      0.00     0.00   0.00    0.00     0.00    0.00    0.00    0.45  31.80
nvme1n1p4     6501.00  26004.00     0.00   0.00    0.06     4.00   56.00    228.00     0.00   0.00    0.09     4.07    0.00      0.00     0.00   0.00    0.00     0.00    0.00    0.00    0.37  26.60
nvme1n1p5     10543.00  42184.00     0.00   0.00    0.06     4.00   57.00    236.00     0.00   0.00    0.09     4.14    0.00      0.00     0.00   0.00    0.00     0.00    0.00    0.00    0.59  40.40


avg-cpu:  %user   %nice %system %iowait  %steal   %idle
          52.77    0.00   29.67    0.00    0.00   17.56

Device            r/s     rkB/s   rrqm/s  %rrqm r_await rareq-sz     w/s     wkB/s   wrqm/s  %wrqm w_await wareq-sz     d/s     dkB/s   drqm/s  %drqm d_await dareq-sz     f/s f_await  aqu-sz  %util
nvme1n1p3     8315.00  33264.00     0.00   0.00    0.05     4.00   28.00    104.00     0.00   0.00    0.11     3.71    0.00      0.00     0.00   0.00    0.00     0.00    0.00    0.00    0.46  33.70
nvme1n1p4     6822.00  27296.00     0.00   0.00    0.05     4.00   28.00    104.00     0.00   0.00    0.11     3.71    0.00      0.00     0.00   0.00    0.00     0.00    0.00    0.00    0.38  27.30
nvme1n1p5     10978.00  43912.00     0.00   0.00    0.05     4.00   46.00    276.00     0.00   0.00    0.07     6.00    0.00      0.00     0.00   0.00    0.00     0.00    0.00    0.00    0.60  40.90


avg-cpu:  %user   %nice %system %iowait  %steal   %idle
          50.21    0.00   31.45    0.09    0.00   18.25

Device            r/s     rkB/s   rrqm/s  %rrqm r_await rareq-sz     w/s     wkB/s   wrqm/s  %wrqm w_await wareq-sz     d/s     dkB/s   drqm/s  %drqm d_await dareq-sz     f/s f_await  aqu-sz  %util
nvme1n1p3     8286.00  33148.00     0.00   0.00    0.06     4.00   60.00    228.00     0.00   0.00    0.08     3.80    0.00      0.00     0.00   0.00    0.00     0.00    0.00    0.00    0.47  35.30
nvme1n1p4     6957.00  27832.00     0.00   0.00    0.06     4.00   70.00    336.00     0.00   0.00    0.07     4.80    0.00      0.00     0.00   0.00    0.00     0.00    0.00    0.00    0.40  26.50
nvme1n1p5     11129.00  44532.00     0.00   0.00    0.06     4.00   56.00    220.00     0.00   0.00    0.09     3.93    0.00      0.00     0.00   0.00    0.00     0.00    0.00    0.00    0.62  45.20


avg-cpu:  %user   %nice %system %iowait  %steal   %idle
          52.17    0.00   29.79    0.09    0.00   17.96

Device            r/s     rkB/s   rrqm/s  %rrqm r_await rareq-sz     w/s     wkB/s   wrqm/s  %wrqm w_await wareq-sz     d/s     dkB/s   drqm/s  %drqm d_await dareq-sz     f/s f_await  aqu-sz  %util
nvme1n1p3     8548.00  34192.00     0.00   0.00    0.06     4.00   69.00    348.00     0.00   0.00    0.06     5.04    0.00      0.00     0.00   0.00    0.00     0.00    0.00    0.00    0.48  33.40
nvme1n1p4     7038.00  28156.00     0.00   0.00    0.06     4.00   45.00    208.00     0.00   0.00    0.09     4.62    0.00      0.00     0.00   0.00    0.00     0.00    0.00    0.00    0.40  28.40
nvme1n1p5     11106.00  44428.00     0.00   0.00    0.05     4.00   48.00    212.00     0.00   0.00    0.08     4.42    0.00      0.00     0.00   0.00    0.00     0.00    0.00    0.00    0.61  41.70


avg-cpu:  %user   %nice %system %iowait  %steal   %idle
          52.82    0.00   29.61    0.09    0.00   17.49

Device            r/s     rkB/s   rrqm/s  %rrqm r_await rareq-sz     w/s     wkB/s   wrqm/s  %wrqm w_await wareq-sz     d/s     dkB/s   drqm/s  %drqm d_await dareq-sz     f/s f_await  aqu-sz  %util
nvme1n1p3     8405.00  33624.00     0.00   0.00    0.06     4.00   96.00    416.00     0.00   0.00    0.14     4.33    0.00      0.00     0.00   0.00    0.00     0.00    0.00    0.00    0.48  33.10
nvme1n1p4     6843.00  27428.00     0.00   0.00    0.06     4.01   99.00    428.00     0.00   0.00    0.11     4.32    0.00      0.00     0.00   0.00    0.00     0.00    0.00    0.00    0.39  29.00
nvme1n1p5     10826.00  43312.00     0.00   0.00    0.06     4.00  115.00    548.00     0.00   0.00    0.11     4.77    0.00      0.00     0.00   0.00    0.00     0.00    0.00    0.00    0.61  42.30


avg-cpu:  %user   %nice %system %iowait  %steal   %idle
          51.53    0.00   30.65    0.08    0.00   17.74

Device            r/s     rkB/s   rrqm/s  %rrqm r_await rareq-sz     w/s     wkB/s   wrqm/s  %wrqm w_await wareq-sz     d/s     dkB/s   drqm/s  %drqm d_await dareq-sz     f/s f_await  aqu-sz  %util
nvme1n1p3     8304.00  33220.00     0.00   0.00    0.05     4.00   48.00    204.00     0.00   0.00    0.10     4.25    0.00      0.00     0.00   0.00    0.00     0.00    0.00    0.00    0.46  33.90
nvme1n1p4     6969.00  27884.00     0.00   0.00    0.05     4.00   77.00    420.00     0.00   0.00    0.08     5.45    0.00      0.00     0.00   0.00    0.00     0.00    0.00    0.00    0.39  29.00
nvme1n1p5     11084.00  44340.00     0.00   0.00    0.05     4.00   56.00    224.00     0.00   0.00    0.09     4.00    0.00      0.00     0.00   0.00    0.00     0.00    0.00    0.00    0.60  39.70


avg-cpu:  %user   %nice %system %iowait  %steal   %idle
          51.37    0.00   30.62    0.00    0.00   18.01

Device            r/s     rkB/s   rrqm/s  %rrqm r_await rareq-sz     w/s     wkB/s   wrqm/s  %wrqm w_await wareq-sz     d/s     dkB/s   drqm/s  %drqm d_await dareq-sz     f/s f_await  aqu-sz  %util
nvme1n1p3     8712.00  34852.00     0.00   0.00    0.06     4.00   98.00    516.00     0.00   0.00    0.08     5.27    0.00      0.00     0.00   0.00    0.00     0.00    0.00    0.00    0.49  37.70
nvme1n1p4     7073.00  28296.00     0.00   0.00    0.06     4.00   72.00    312.00     0.00   0.00    0.10     4.33    0.00      0.00     0.00   0.00    0.00     0.00    0.00    0.00    0.40  29.50
nvme1n1p5     11559.00  46236.00     0.00   0.00    0.06     4.00   95.00    520.00     0.00   0.00    0.08     5.47    0.00      0.00     0.00   0.00    0.00     0.00    0.00    0.00    0.65  44.00


avg-cpu:  %user   %nice %system %iowait  %steal   %idle
          49.23    0.00   31.68    0.09    0.00   19.01

Device            r/s     rkB/s   rrqm/s  %rrqm r_await rareq-sz     w/s     wkB/s   wrqm/s  %wrqm w_await wareq-sz     d/s     dkB/s   drqm/s  %drqm d_await dareq-sz     f/s f_await  aqu-sz  %util
nvme1n1p3     8508.00  34044.00     0.00   0.00    0.06     4.00   40.00    152.00     0.00   0.00    0.17     3.80    0.00      0.00     0.00   0.00    0.00     0.00    0.00    0.00    0.47  34.40
nvme1n1p4     7081.00  28324.00     0.00   0.00    0.06     4.00   40.00    156.00     0.00   0.00    0.15     3.90    0.00      0.00     0.00   0.00    0.00     0.00    0.00    0.00    0.40  28.20
nvme1n1p5     11292.00  45180.00     0.00   0.00    0.06     4.00   40.00    156.00     0.00   0.00    0.20     3.90    0.00      0.00     0.00   0.00    0.00     0.00    0.00    0.00    0.63  41.00


avg-cpu:  %user   %nice %system %iowait  %steal   %idle
          59.81    0.00   23.28    0.08    0.00   16.82

Device            r/s     rkB/s   rrqm/s  %rrqm r_await rareq-sz     w/s     wkB/s   wrqm/s  %wrqm w_await wareq-sz     d/s     dkB/s   drqm/s  %drqm d_await dareq-sz     f/s f_await  aqu-sz  %util
nvme1n1p3     6936.00  27748.00     0.00   0.00    0.06     4.00   52.00    212.00     0.00   0.00    0.10     4.08    0.00      0.00     0.00   0.00    0.00     0.00    0.00    0.00    0.39  29.40
nvme1n1p4     5589.00  22356.00     0.00   0.00    0.06     4.00   76.00    368.00     0.00   0.00    0.09     4.84    0.00      0.00     0.00   0.00    0.00     0.00    0.00    0.00    0.32  22.90
nvme1n1p5     8777.00  35116.00     0.00   0.00    0.06     4.00   44.00    196.00     0.00   0.00    0.09     4.45    0.00      0.00     0.00   0.00    0.00     0.00    0.00    0.00    0.49  33.10


avg-cpu:  %user   %nice %system %iowait  %steal   %idle
          62.63    0.00   22.10    0.00    0.00   15.27

Device            r/s     rkB/s   rrqm/s  %rrqm r_await rareq-sz     w/s     wkB/s   wrqm/s  %wrqm w_await wareq-sz     d/s     dkB/s   drqm/s  %drqm d_await dareq-sz     f/s f_await  aqu-sz  %util
nvme1n1p3     6687.00  26748.00     0.00   0.00    0.06     4.00   91.00    404.00     0.00   0.00    0.09     4.44    0.00      0.00     0.00   0.00    0.00     0.00    0.00    0.00    0.38  27.10
nvme1n1p4     5564.00  22256.00     0.00   0.00    0.06     4.00   56.00    220.00     0.00   0.00    0.09     3.93    0.00      0.00     0.00   0.00    0.00     0.00    0.00    0.00    0.32  23.70
nvme1n1p5     8870.00  35484.00     0.00   0.00    0.06     4.00   56.00    216.00     0.00   0.00    0.09     3.86    0.00      0.00     0.00   0.00    0.00     0.00    0.00    0.00    0.50  31.90


avg-cpu:  %user   %nice %system %iowait  %steal   %idle
          62.86    0.00   21.89    0.09    0.00   15.16

Device            r/s     rkB/s   rrqm/s  %rrqm r_await rareq-sz     w/s     wkB/s   wrqm/s  %wrqm w_await wareq-sz     d/s     dkB/s   drqm/s  %drqm d_await dareq-sz     f/s f_await  aqu-sz  %util
nvme1n1p3     6703.00  26816.00     0.00   0.00    0.06     4.00   64.00    252.00     0.00   0.00    0.14     3.94    0.00      0.00     0.00   0.00    0.00     0.00    0.00    0.00    0.41  30.70
nvme1n1p4     5427.00  21708.00     0.00   0.00    0.06     4.00   60.00    248.00     0.00   0.00    0.20     4.13    0.00      0.00     0.00   0.00    0.00     0.00    0.00    0.00    0.33  25.00
nvme1n1p5     8668.00  34672.00     0.00   0.00    0.06     4.00   91.00    416.00     0.00   0.00    0.12     4.57    0.00      0.00     0.00   0.00    0.00     0.00    0.00    0.00    0.52  35.10


avg-cpu:  %user   %nice %system %iowait  %steal   %idle
          60.29    0.00   22.70    0.09    0.00   16.92

Device            r/s     rkB/s   rrqm/s  %rrqm r_await rareq-sz     w/s     wkB/s   wrqm/s  %wrqm w_await wareq-sz     d/s     dkB/s   drqm/s  %drqm d_await dareq-sz     f/s f_await  aqu-sz  %util
nvme1n1p3     6969.00  27880.00     0.00   0.00    0.06     4.00   36.00    160.00     0.00   0.00    0.08     4.44    0.00      0.00     0.00   0.00    0.00     0.00    0.00    0.00    0.39  31.50
nvme1n1p4     5770.00  23084.00     0.00   0.00    0.06     4.00   60.00    348.00     0.00   0.00    0.07     5.80    0.00      0.00     0.00   0.00    0.00     0.00    0.00    0.00    0.33  23.00
nvme1n1p5     9165.00  36672.00     0.00   0.00    0.06     4.00   36.00    160.00     0.00   0.00    0.08     4.44    0.00      0.00     0.00   0.00    0.00     0.00    0.00    0.00    0.52  38.10


avg-cpu:  %user   %nice %system %iowait  %steal   %idle
          58.25    0.00   23.80    0.00    0.00   17.96

Device            r/s     rkB/s   rrqm/s  %rrqm r_await rareq-sz     w/s     wkB/s   wrqm/s  %wrqm w_await wareq-sz     d/s     dkB/s   drqm/s  %drqm d_await dareq-sz     f/s f_await  aqu-sz  %util
nvme1n1p3     7214.00  28864.00     0.00   0.00    0.06     4.00   74.00    360.00     0.00   0.00    0.11     4.86    0.00      0.00     0.00   0.00    0.00     0.00    0.00    0.00    0.42  31.90
nvme1n1p4     6058.00  24232.00     0.00   0.00    0.06     4.00   52.00    188.00     0.00   0.00    0.15     3.62    0.00      0.00     0.00   0.00    0.00     0.00    0.00    0.00    0.35  24.50
nvme1n1p5     9254.00  37016.00     0.00   0.00    0.06     4.00   48.00    184.00     0.00   0.00    0.15     3.83    0.00      0.00     0.00   0.00    0.00     0.00    0.00    0.00    0.53  34.80


avg-cpu:  %user   %nice %system %iowait  %steal   %idle
          53.64    0.00   28.62    0.17    0.00   17.57

Device            r/s     rkB/s   rrqm/s  %rrqm r_await rareq-sz     w/s     wkB/s   wrqm/s  %wrqm w_await wareq-sz     d/s     dkB/s   drqm/s  %drqm d_await dareq-sz     f/s f_await  aqu-sz  %util
nvme1n1p3     8072.00  32292.00     0.00   0.00    0.06     4.00   36.00    180.00     0.00   0.00    0.22     5.00    0.00      0.00     0.00   0.00    0.00     0.00    0.00    0.00    0.46  35.70
nvme1n1p4     6446.00  25788.00     0.00   0.00    0.06     4.00   36.00    184.00     0.00   0.00    0.22     5.11    0.00      0.00     0.00   0.00    0.00     0.00    0.00    0.00    0.38  26.40
nvme1n1p5     10358.00  41444.00     0.00   0.00    0.06     4.00   63.00    424.00     0.00   0.00    0.14     6.73    0.00      0.00     0.00   0.00    0.00     0.00    0.00    0.00    0.60  39.80


avg-cpu:  %user   %nice %system %iowait  %steal   %idle
          55.62    0.00   27.60    0.17    0.00   16.61

Device            r/s     rkB/s   rrqm/s  %rrqm r_await rareq-sz     w/s     wkB/s   wrqm/s  %wrqm w_await wareq-sz     d/s     dkB/s   drqm/s  %drqm d_await dareq-sz     f/s f_await  aqu-sz  %util
nvme1n1p3     7277.00  29116.00     0.00   0.00    0.06     4.00  220.00   1160.00     0.00   0.00    0.09     5.27    0.00      0.00     0.00   0.00    0.00     0.00    0.00    0.00    0.43  29.90
nvme1n1p4     6009.00  24036.00     0.00   0.00    0.06     4.00  195.00   1128.00     0.00   0.00    0.09     5.78    0.00      0.00     0.00   0.00    0.00     0.00    0.00    0.00    0.36  26.10
nvme1n1p5     9523.00  38112.00     0.00   0.00    0.06     4.00  220.00   1124.00     0.00   0.00    0.10     5.11    0.00      0.00     0.00   0.00    0.00     0.00    0.00    0.00    0.56  38.50


avg-cpu:  %user   %nice %system %iowait  %steal   %idle
          51.90    0.00   29.62    0.00    0.00   18.48

Device            r/s     rkB/s   rrqm/s  %rrqm r_await rareq-sz     w/s     wkB/s   wrqm/s  %wrqm w_await wareq-sz     d/s     dkB/s   drqm/s  %drqm d_await dareq-sz     f/s f_await  aqu-sz  %util
nvme1n1p3     8380.00  33532.00     0.00   0.00    0.05     4.00   56.00    228.00     0.00   0.00    0.11     4.07    0.00      0.00     0.00   0.00    0.00     0.00    0.00    0.00    0.46  34.30
nvme1n1p4     6989.00  27960.00     0.00   0.00    0.05     4.00   60.00    236.00     0.00   0.00    0.10     3.93    0.00      0.00     0.00   0.00    0.00     0.00    0.00    0.00    0.39  26.30
nvme1n1p5     11193.00  44776.00     0.00   0.00    0.05     4.00   56.00    228.00     0.00   0.00    0.11     4.07    0.00      0.00     0.00   0.00    0.00     0.00    0.00    0.00    0.61  43.00


avg-cpu:  %user   %nice %system %iowait  %steal   %idle
          54.05    0.00   27.79    0.08    0.00   18.07

Device            r/s     rkB/s   rrqm/s  %rrqm r_await rareq-sz     w/s     wkB/s   wrqm/s  %wrqm w_await wareq-sz     d/s     dkB/s   drqm/s  %drqm d_await dareq-sz     f/s f_await  aqu-sz  %util
nvme1n1p3     7744.00  30980.00     0.00   0.00    0.06     4.00   72.00    404.00     0.00   0.00    0.07     5.61    0.00      0.00     0.00   0.00    0.00     0.00    0.00    0.00    0.43  31.70
nvme1n1p4     6264.00  25056.00     0.00   0.00    0.06     4.00   83.00    448.00     0.00   0.00    0.07     5.40    0.00      0.00     0.00   0.00    0.00     0.00    0.00    0.00    0.35  24.20
nvme1n1p5     10040.00  40160.00     0.00   0.00    0.06     4.00   48.00    216.00     0.00   0.00    0.08     4.50    0.00      0.00     0.00   0.00    0.00     0.00    0.00    0.00    0.56  37.20


avg-cpu:  %user   %nice %system %iowait  %steal   %idle
          49.36    0.00   28.63    0.08    0.00   21.92

Device            r/s     rkB/s   rrqm/s  %rrqm r_await rareq-sz     w/s     wkB/s   wrqm/s  %wrqm w_await wareq-sz     d/s     dkB/s   drqm/s  %drqm d_await dareq-sz     f/s f_await  aqu-sz  %util
nvme1n1p3     7814.00  31268.00     0.00   0.00    0.05     4.00   36.00    144.00     0.00   0.00    0.08     4.00    0.00      0.00     0.00   0.00    0.00     0.00    0.00    0.00    0.43  31.90
nvme1n1p4     6416.00  25668.00     0.00   0.00    0.05     4.00   32.00    140.00     0.00   0.00    0.09     4.38    0.00      0.00     0.00   0.00    0.00     0.00    0.00    0.00    0.35  22.90
nvme1n1p5     10363.00  41464.00     0.00   0.00    0.05     4.00   58.00    332.00     0.00   0.00    0.07     5.72    0.00      0.00     0.00   0.00    0.00     0.00    0.00    0.00    0.57  38.90


avg-cpu:  %user   %nice %system %iowait  %steal   %idle
          19.26    0.00    3.10    0.17    0.00   77.47

Device            r/s     rkB/s   rrqm/s  %rrqm r_await rareq-sz     w/s     wkB/s   wrqm/s  %wrqm w_await wareq-sz     d/s     dkB/s   drqm/s  %drqm d_await dareq-sz     f/s f_await  aqu-sz  %util
nvme1n1p3        0.00      0.00     0.00   0.00    0.00     0.00   36.00    140.00     0.00   0.00    0.17     3.89    0.00      0.00     0.00   0.00    0.00     0.00    0.00    0.00    0.01   0.50
nvme1n1p4        0.00      0.00     0.00   0.00    0.00     0.00   28.00    128.00     0.00   0.00    0.18     4.57    0.00      0.00     0.00   0.00    0.00     0.00    0.00    0.00    0.01   0.40
nvme1n1p5        0.00      0.00     0.00   0.00    0.00     0.00   32.00    132.00     0.00   0.00    0.22     4.12    0.00      0.00     0.00   0.00    0.00     0.00    0.00    0.00    0.01   0.60


avg-cpu:  %user   %nice %system %iowait  %steal   %idle
          18.47    0.00    3.66    0.08    0.00   77.79

Device            r/s     rkB/s   rrqm/s  %rrqm r_await rareq-sz     w/s     wkB/s   wrqm/s  %wrqm w_await wareq-sz     d/s     dkB/s   drqm/s  %drqm d_await dareq-sz     f/s f_await  aqu-sz  %util
nvme1n1p3        0.00      0.00     0.00   0.00    0.00     0.00   48.00    216.00     0.00   0.00    0.10     4.50    0.00      0.00     0.00   0.00    0.00     0.00    0.00    0.00    0.00   0.20
nvme1n1p4        0.00      0.00     0.00   0.00    0.00     0.00   73.00    360.00     0.00   0.00    0.08     4.93    0.00      0.00     0.00   0.00    0.00     0.00    0.00    0.00    0.01   0.30
nvme1n1p5        0.00      0.00     0.00   0.00    0.00     0.00   48.00    216.00     0.00   0.00    0.10     4.50    0.00      0.00     0.00   0.00    0.00     0.00    0.00    0.00    0.00   0.70


avg-cpu:  %user   %nice %system %iowait  %steal   %idle
          17.96    0.00    2.68    0.17    0.00   79.19

Device            r/s     rkB/s   rrqm/s  %rrqm r_await rareq-sz     w/s     wkB/s   wrqm/s  %wrqm w_await wareq-sz     d/s     dkB/s   drqm/s  %drqm d_await dareq-sz     f/s f_await  aqu-sz  %util
nvme1n1p3        0.00      0.00     0.00   0.00    0.00     0.00   67.00    336.00     0.00   0.00    0.09     5.01    0.00      0.00     0.00   0.00    0.00     0.00    0.00    0.00    0.01   0.40
nvme1n1p4        0.00      0.00     0.00   0.00    0.00     0.00   44.00    200.00     0.00   0.00    0.09     4.55    0.00      0.00     0.00   0.00    0.00     0.00    0.00    0.00    0.00   0.80
nvme1n1p5        0.00      0.00     0.00   0.00    0.00     0.00   44.00    200.00     0.00   0.00    0.09     4.55    0.00      0.00     0.00   0.00    0.00     0.00    0.00    0.00    0.01   0.50


avg-cpu:  %user   %nice %system %iowait  %steal   %idle
          13.51    0.00    2.32    0.09    0.00   84.08

Device            r/s     rkB/s   rrqm/s  %rrqm r_await rareq-sz     w/s     wkB/s   wrqm/s  %wrqm w_await wareq-sz     d/s     dkB/s   drqm/s  %drqm d_await dareq-sz     f/s f_await  aqu-sz  %util
nvme1n1p3        0.00      0.00     0.00   0.00    0.00     0.00   16.00     68.00     0.00   0.00    0.12     4.25    0.00      0.00     0.00   0.00    0.00     0.00    0.00    0.00    0.00   0.10
nvme1n1p4        0.00      0.00     0.00   0.00    0.00     0.00   16.00     68.00     0.00   0.00    0.12     4.25    0.00      0.00     0.00   0.00    0.00     0.00    0.00    0.00    0.00   0.10
nvme1n1p5        0.00      0.00     0.00   0.00    0.00     0.00   39.00    232.00     0.00   0.00    0.10     5.95    0.00      0.00     0.00   0.00    0.00     0.00    0.00    0.00    0.00   0.20


avg-cpu:  %user   %nice %system %iowait  %steal   %idle
          33.76    0.00    5.21    0.34    0.00   60.68

Device            r/s     rkB/s   rrqm/s  %rrqm r_await rareq-sz     w/s     wkB/s   wrqm/s  %wrqm w_await wareq-sz     d/s     dkB/s   drqm/s  %drqm d_await dareq-sz     f/s f_await  aqu-sz  %util
nvme1n1p3        0.00      0.00     0.00   0.00    0.00     0.00  603.96  62304.95     0.00   0.00    0.27   103.16    0.00      0.00     0.00   0.00    0.00     0.00    0.00    0.00    0.16   2.38
nvme1n1p4        1.98     27.72     0.00   0.00    0.00    14.00  669.31  64998.02     0.00   0.00    0.25    97.11    0.00      0.00     0.00   0.00    0.00     0.00    0.00    0.00    0.17   3.56
nvme1n1p5        0.00      0.00     0.00   0.00    0.00     0.00  637.62  64328.71     0.99   0.16    0.22   100.89    0.00      0.00     0.00   0.00    0.00     0.00    0.00    0.00    0.14   3.07


avg-cpu:  %user   %nice %system %iowait  %steal   %idle
          65.11    0.00   16.88    1.30    0.00   16.71

Device            r/s     rkB/s   rrqm/s  %rrqm r_await rareq-sz     w/s     wkB/s   wrqm/s  %wrqm w_await wareq-sz     d/s     dkB/s   drqm/s  %drqm d_await dareq-sz     f/s f_await  aqu-sz  %util
nvme1n1p3        0.00      0.00     0.00   0.00    0.00     0.00 5156.00 560828.00     1.00   0.02    0.43   108.77    0.00      0.00     0.00   0.00    0.00     0.00    0.00    0.00    2.22  29.60
nvme1n1p4        0.00      0.00     0.00   0.00    0.00     0.00 5270.00 560200.00     1.00   0.02    0.38   106.30    0.00      0.00     0.00   0.00    0.00     0.00    0.00    0.00    1.99  30.20
nvme1n1p5        0.00      0.00     0.00   0.00    0.00     0.00 5264.00 557656.00    10.00   0.19    0.39   105.94    0.00      0.00     0.00   0.00    0.00     0.00    0.00    0.00    2.07  32.70


avg-cpu:  %user   %nice %system %iowait  %steal   %idle
          63.08    0.00   18.46    1.30    0.00   17.16

Device            r/s     rkB/s   rrqm/s  %rrqm r_await rareq-sz     w/s     wkB/s   wrqm/s  %wrqm w_await wareq-sz     d/s     dkB/s   drqm/s  %drqm d_await dareq-sz     f/s f_await  aqu-sz  %util
nvme1n1p3        0.00      0.00     0.00   0.00    0.00     0.00 5366.00 578380.00     1.00   0.02    0.42   107.79    0.00      0.00     0.00   0.00    0.00     0.00    0.00    0.00    2.23  29.10
nvme1n1p4        0.00      0.00     0.00   0.00    0.00     0.00 5465.00 576352.00     8.00   0.15    0.39   105.46    0.00      0.00     0.00   0.00    0.00     0.00    0.00    0.00    2.13  31.80
nvme1n1p5        0.00      0.00     0.00   0.00    0.00     0.00 5588.00 579656.00    10.00   0.18    0.38   103.73    0.00      0.00     0.00   0.00    0.00     0.00    0.00    0.00    2.13  35.40


avg-cpu:  %user   %nice %system %iowait  %steal   %idle
          63.36    0.00   17.47    1.37    0.00   17.81

Device            r/s     rkB/s   rrqm/s  %rrqm r_await rareq-sz     w/s     wkB/s   wrqm/s  %wrqm w_await wareq-sz     d/s     dkB/s   drqm/s  %drqm d_await dareq-sz     f/s f_await  aqu-sz  %util
nvme1n1p3        0.00      0.00     0.00   0.00    0.00     0.00 5416.00 587556.00     6.00   0.11    0.40   108.49    0.00      0.00     0.00   0.00    0.00     0.00    0.00    0.00    2.17  29.60
nvme1n1p4        0.00      0.00     0.00   0.00    0.00     0.00 5554.00 588808.00    13.00   0.23    0.42   106.02    0.00      0.00     0.00   0.00    0.00     0.00    0.00    0.00    2.31  34.60
nvme1n1p5        0.00      0.00     0.00   0.00    0.00     0.00 5590.00 588616.00    10.00   0.18    0.39   105.30    0.00      0.00     0.00   0.00    0.00     0.00    0.00    0.00    2.20  35.70


avg-cpu:  %user   %nice %system %iowait  %steal   %idle
          64.23    0.00   18.49    1.03    0.00   16.25

Device            r/s     rkB/s   rrqm/s  %rrqm r_await rareq-sz     w/s     wkB/s   wrqm/s  %wrqm w_await wareq-sz     d/s     dkB/s   drqm/s  %drqm d_await dareq-sz     f/s f_await  aqu-sz  %util
nvme1n1p3        0.00      0.00     0.00   0.00    0.00     0.00 5072.00 545616.00     3.00   0.06    0.40   107.57    0.00      0.00     0.00   0.00    0.00     0.00    0.00    0.00    2.00  29.80
nvme1n1p4        0.00      0.00     0.00   0.00    0.00     0.00 5101.00 545344.00    10.00   0.20    0.36   106.91    0.00      0.00     0.00   0.00    0.00     0.00    0.00    0.00    1.81  30.50
nvme1n1p5        0.00      0.00     0.00   0.00    0.00     0.00 5200.00 541804.00     9.00   0.17    0.39   104.19    0.00      0.00     0.00   0.00    0.00     0.00    0.00    0.00    2.03  32.10


avg-cpu:  %user   %nice %system %iowait  %steal   %idle
          64.33    0.00   17.71    1.28    0.00   16.68

Device            r/s     rkB/s   rrqm/s  %rrqm r_await rareq-sz     w/s     wkB/s   wrqm/s  %wrqm w_await wareq-sz     d/s     dkB/s   drqm/s  %drqm d_await dareq-sz     f/s f_await  aqu-sz  %util
nvme1n1p3        0.00      0.00     0.00   0.00    0.00     0.00 5299.00 563984.00     9.00   0.17    0.37   106.43    0.00      0.00     0.00   0.00    0.00     0.00    0.00    0.00    1.98  32.60
nvme1n1p4        0.00      0.00     0.00   0.00    0.00     0.00 5314.00 562964.00     8.00   0.15    0.37   105.94    0.00      0.00     0.00   0.00    0.00     0.00    0.00    0.00    1.95  31.80
nvme1n1p5        0.00      0.00     0.00   0.00    0.00     0.00 5421.00 565872.00    14.00   0.26    0.36   104.39    0.00      0.00     0.00   0.00    0.00     0.00    0.00    0.00    1.93  30.70


avg-cpu:  %user   %nice %system %iowait  %steal   %idle
          63.92    0.00   17.01    1.46    0.00   17.61

Device            r/s     rkB/s   rrqm/s  %rrqm r_await rareq-sz     w/s     wkB/s   wrqm/s  %wrqm w_await wareq-sz     d/s     dkB/s   drqm/s  %drqm d_await dareq-sz     f/s f_await  aqu-sz  %util
nvme1n1p3        1.00     16.00     0.00   0.00    0.00    16.00 5390.00 575224.00    21.00   0.39    0.38   106.72    0.00      0.00     0.00   0.00    0.00     0.00    0.00    0.00    2.04  31.90
nvme1n1p4        0.00      0.00     0.00   0.00    0.00     0.00 5443.00 576536.00     8.00   0.15    0.40   105.92    0.00      0.00     0.00   0.00    0.00     0.00    0.00    0.00    2.18  32.80
nvme1n1p5        0.00      0.00     0.00   0.00    0.00     0.00 5516.00 578412.00    13.00   0.24    0.39   104.86    0.00      0.00     0.00   0.00    0.00     0.00    0.00    0.00    2.13  33.20


avg-cpu:  %user   %nice %system %iowait  %steal   %idle
          64.18    0.00   16.88    1.29    0.00   17.65

Device            r/s     rkB/s   rrqm/s  %rrqm r_await rareq-sz     w/s     wkB/s   wrqm/s  %wrqm w_await wareq-sz     d/s     dkB/s   drqm/s  %drqm d_await dareq-sz     f/s f_await  aqu-sz  %util
nvme1n1p3        0.00      0.00     0.00   0.00    0.00     0.00 5289.00 562088.00     9.00   0.17    0.32   106.27    0.00      0.00     0.00   0.00    0.00     0.00    0.00    0.00    1.70  30.80
nvme1n1p4        0.00      0.00     0.00   0.00    0.00     0.00 5354.00 566140.00    12.00   0.22    0.34   105.74    0.00      0.00     0.00   0.00    0.00     0.00    0.00    0.00    1.82  29.50
nvme1n1p5        0.00      0.00     0.00   0.00    0.00     0.00 5442.00 564316.00    10.00   0.18    0.35   103.70    0.00      0.00     0.00   0.00    0.00     0.00    0.00    0.00    1.88  30.70


avg-cpu:  %user   %nice %system %iowait  %steal   %idle
          65.84    0.00   16.35    1.28    0.00   16.52

Device            r/s     rkB/s   rrqm/s  %rrqm r_await rareq-sz     w/s     wkB/s   wrqm/s  %wrqm w_await wareq-sz     d/s     dkB/s   drqm/s  %drqm d_await dareq-sz     f/s f_await  aqu-sz  %util
nvme1n1p3        0.00      0.00     0.00   0.00    0.00     0.00 5284.00 566948.00    13.00   0.25    0.38   107.30    0.00      0.00     0.00   0.00    0.00     0.00    0.00    0.00    1.98  29.60
nvme1n1p4        0.00      0.00     0.00   0.00    0.00     0.00 5319.00 563948.00    11.00   0.21    0.34   106.03    0.00      0.00     0.00   0.00    0.00     0.00    0.00    0.00    1.78  32.60
nvme1n1p5        0.00      0.00     0.00   0.00    0.00     0.00 5380.00 563088.00    12.00   0.22    0.39   104.66    0.00      0.00     0.00   0.00    0.00     0.00    0.00    0.00    2.10  31.20


avg-cpu:  %user   %nice %system %iowait  %steal   %idle
          64.41    0.00   16.98    1.46    0.00   17.15

Device            r/s     rkB/s   rrqm/s  %rrqm r_await rareq-sz     w/s     wkB/s   wrqm/s  %wrqm w_await wareq-sz     d/s     dkB/s   drqm/s  %drqm d_await dareq-sz     f/s f_await  aqu-sz  %util
nvme1n1p3        0.00      0.00     0.00   0.00    0.00     0.00 5138.00 557644.00     3.00   0.06    0.36   108.53    0.00      0.00     0.00   0.00    0.00     0.00    0.00    0.00    1.84  30.50
nvme1n1p4        0.00      0.00     0.00   0.00    0.00     0.00 5306.00 556924.00     8.00   0.15    0.37   104.96    0.00      0.00     0.00   0.00    0.00     0.00    0.00    0.00    1.98  33.30
nvme1n1p5        0.00      0.00     0.00   0.00    0.00     0.00 5372.00 559692.00    11.00   0.20    0.35   104.19    0.00      0.00     0.00   0.00    0.00     0.00    0.00    0.00    1.90  33.60


avg-cpu:  %user   %nice %system %iowait  %steal   %idle
          61.26    0.00   16.89    1.62    0.00   20.22

Device            r/s     rkB/s   rrqm/s  %rrqm r_await rareq-sz     w/s     wkB/s   wrqm/s  %wrqm w_await wareq-sz     d/s     dkB/s   drqm/s  %drqm d_await dareq-sz     f/s f_await  aqu-sz  %util
nvme1n1p3        0.00      0.00     0.00   0.00    0.00     0.00 5400.00 583336.00    10.00   0.18    0.40   108.03    0.00      0.00     0.00   0.00    0.00     0.00    0.00    0.00    2.14  32.20
nvme1n1p4        0.00      0.00     0.00   0.00    0.00     0.00 5461.00 578352.00     7.00   0.13    0.38   105.91    0.00      0.00     0.00   0.00    0.00     0.00    0.00    0.00    2.07  33.80
nvme1n1p5        0.00      0.00     0.00   0.00    0.00     0.00 5513.00 580708.00    12.00   0.22    0.37   105.33    0.00      0.00     0.00   0.00    0.00     0.00    0.00    0.00    2.02  32.90


avg-cpu:  %user   %nice %system %iowait  %steal   %idle
          61.51    0.00   16.92    1.80    0.00   19.76

Device            r/s     rkB/s   rrqm/s  %rrqm r_await rareq-sz     w/s     wkB/s   wrqm/s  %wrqm w_await wareq-sz     d/s     dkB/s   drqm/s  %drqm d_await dareq-sz     f/s f_await  aqu-sz  %util
nvme1n1p3        0.00      0.00     0.00   0.00    0.00     0.00 5304.00 574232.00    10.00   0.19    0.40   108.26    0.00      0.00     0.00   0.00    0.00     0.00    0.00    0.00    2.14  31.90
nvme1n1p4        0.00      0.00     0.00   0.00    0.00     0.00 5416.00 578292.00     5.00   0.09    0.44   106.77    0.00      0.00     0.00   0.00    0.00     0.00    0.00    0.00    2.39  33.50
nvme1n1p5        0.00      0.00     0.00   0.00    0.00     0.00 5453.00 575476.00     5.00   0.09    0.42   105.53    0.00      0.00     0.00   0.00    0.00     0.00    0.00    0.00    2.31  33.70


avg-cpu:  %user   %nice %system %iowait  %steal   %idle
          60.03    0.00   17.57    1.72    0.00   20.67

Device            r/s     rkB/s   rrqm/s  %rrqm r_await rareq-sz     w/s     wkB/s   wrqm/s  %wrqm w_await wareq-sz     d/s     dkB/s   drqm/s  %drqm d_await dareq-sz     f/s f_await  aqu-sz  %util
nvme1n1p3        0.00      0.00     0.00   0.00    0.00     0.00 5611.00 603052.00     8.00   0.14    0.38   107.48    0.00      0.00     0.00   0.00    0.00     0.00    0.00    0.00    2.15  34.70
nvme1n1p4        0.00      0.00     0.00   0.00    0.00     0.00 5674.00 600272.00     8.00   0.14    0.40   105.79    0.00      0.00     0.00   0.00    0.00     0.00    0.00    0.00    2.26  35.60
nvme1n1p5        0.00      0.00     0.00   0.00    0.00     0.00 5839.00 603292.00     9.00   0.15    0.38   103.32    0.00      0.00     0.00   0.00    0.00     0.00    0.00    0.00    2.24  37.20


avg-cpu:  %user   %nice %system %iowait  %steal   %idle
          69.01    0.00   14.90    1.11    0.00   14.98

Device            r/s     rkB/s   rrqm/s  %rrqm r_await rareq-sz     w/s     wkB/s   wrqm/s  %wrqm w_await wareq-sz     d/s     dkB/s   drqm/s  %drqm d_await dareq-sz     f/s f_await  aqu-sz  %util
nvme1n1p3        0.00      0.00     0.00   0.00    0.00     0.00 4756.00 505536.00     6.00   0.13    0.36   106.29    0.00      0.00     0.00   0.00    0.00     0.00    0.00    0.00    1.72  27.00
nvme1n1p4        0.00      0.00     0.00   0.00    0.00     0.00 4811.00 508928.00     6.00   0.12    0.34   105.78    0.00      0.00     0.00   0.00    0.00     0.00    0.00    0.00    1.62  28.60
nvme1n1p5        0.00      0.00     0.00   0.00    0.00     0.00 4866.00 511000.00    13.00   0.27    0.33   105.01    0.00      0.00     0.00   0.00    0.00     0.00    0.00    0.00    1.60  30.10


avg-cpu:  %user   %nice %system %iowait  %steal   %idle
          60.12    0.00   17.41    1.72    0.00   20.75

Device            r/s     rkB/s   rrqm/s  %rrqm r_await rareq-sz     w/s     wkB/s   wrqm/s  %wrqm w_await wareq-sz     d/s     dkB/s   drqm/s  %drqm d_await dareq-sz     f/s f_await  aqu-sz  %util
nvme1n1p3        0.00      0.00     0.00   0.00    0.00     0.00 5490.00 600896.00    10.00   0.18    0.40   109.45    0.00      0.00     0.00   0.00    0.00     0.00    0.00    0.00    2.22  32.80
nvme1n1p4        0.00      0.00     0.00   0.00    0.00     0.00 5676.00 603460.00    10.00   0.18    0.42   106.32    0.00      0.00     0.00   0.00    0.00     0.00    0.00    0.00    2.40  34.10
nvme1n1p5        0.00      0.00     0.00   0.00    0.00     0.00 5729.00 599900.00    10.00   0.17    0.41   104.71    0.00      0.00     0.00   0.00    0.00     0.00    0.00    0.00    2.35  34.40


avg-cpu:  %user   %nice %system %iowait  %steal   %idle
          59.57    0.00   17.93    1.72    0.00   20.78

Device            r/s     rkB/s   rrqm/s  %rrqm r_await rareq-sz     w/s     wkB/s   wrqm/s  %wrqm w_await wareq-sz     d/s     dkB/s   drqm/s  %drqm d_await dareq-sz     f/s f_await  aqu-sz  %util
nvme1n1p3        0.00      0.00     0.00   0.00    0.00     0.00 5566.00 596672.00    14.00   0.25    0.40   107.20    0.00      0.00     0.00   0.00    0.00     0.00    0.00    0.00    2.24  34.40
nvme1n1p4        0.00      0.00     0.00   0.00    0.00     0.00 5656.00 591908.00    10.00   0.18    0.38   104.65    0.00      0.00     0.00   0.00    0.00     0.00    0.00    0.00    2.14  36.80
nvme1n1p5        0.00      0.00     0.00   0.00    0.00     0.00 5690.00 592528.00    11.00   0.19    0.40   104.13    0.00      0.00     0.00   0.00    0.00     0.00    0.00    0.00    2.25  37.90


avg-cpu:  %user   %nice %system %iowait  %steal   %idle
          60.24    0.00   17.48    1.63    0.00   20.65

Device            r/s     rkB/s   rrqm/s  %rrqm r_await rareq-sz     w/s     wkB/s   wrqm/s  %wrqm w_await wareq-sz     d/s     dkB/s   drqm/s  %drqm d_await dareq-sz     f/s f_await  aqu-sz  %util
nvme1n1p3        0.00      0.00     0.00   0.00    0.00     0.00 5655.00 598656.00     7.00   0.12    0.36   105.86    0.00      0.00     0.00   0.00    0.00     0.00    0.00    0.00    2.02  33.00
nvme1n1p4        0.00      0.00     0.00   0.00    0.00     0.00 5705.00 600932.00     6.00   0.11    0.36   105.33    0.00      0.00     0.00   0.00    0.00     0.00    0.00    0.00    2.05  32.70
nvme1n1p5        0.00      0.00     0.00   0.00    0.00     0.00 5744.00 601976.00    20.00   0.35    0.36   104.80    0.00      0.00     0.00   0.00    0.00     0.00    0.00    0.00    2.06  37.80


avg-cpu:  %user   %nice %system %iowait  %steal   %idle
          59.52    0.00   17.59    1.88    0.00   21.01

Device            r/s     rkB/s   rrqm/s  %rrqm r_await rareq-sz     w/s     wkB/s   wrqm/s  %wrqm w_await wareq-sz     d/s     dkB/s   drqm/s  %drqm d_await dareq-sz     f/s f_await  aqu-sz  %util
nvme1n1p3        0.00      0.00     0.00   0.00    0.00     0.00 5437.00 576792.00    11.00   0.20    0.37   106.09    0.00      0.00     0.00   0.00    0.00     0.00    0.00    0.00    1.99  32.80
nvme1n1p4        0.00      0.00     0.00   0.00    0.00     0.00 5512.00 579628.00     5.00   0.09    0.42   105.16    0.00      0.00     0.00   0.00    0.00     0.00    0.00    0.00    2.30  35.80
nvme1n1p5        0.00      0.00     0.00   0.00    0.00     0.00 5577.00 575444.00    17.00   0.30    0.38   103.18    0.00      0.00     0.00   0.00    0.00     0.00    0.00    0.00    2.09  34.80


avg-cpu:  %user   %nice %system %iowait  %steal   %idle
          58.89    0.00   17.19    2.47    0.00   21.45

Device            r/s     rkB/s   rrqm/s  %rrqm r_await rareq-sz     w/s     wkB/s   wrqm/s  %wrqm w_await wareq-sz     d/s     dkB/s   drqm/s  %drqm d_await dareq-sz     f/s f_await  aqu-sz  %util
nvme1n1p3        0.00      0.00     0.00   0.00    0.00     0.00 5538.00 597812.00     5.00   0.09    0.67   107.95    0.00      0.00     0.00   0.00    0.00     0.00    0.00    0.00    3.71  39.80
nvme1n1p4        0.00      0.00     0.00   0.00    0.00     0.00 5643.00 594984.00     6.00   0.11    0.53   105.44    0.00      0.00     0.00   0.00    0.00     0.00    0.00    0.00    3.01  39.50
nvme1n1p5        0.00      0.00     0.00   0.00    0.00     0.00 5670.00 596060.00    21.00   0.37    0.47   105.13    0.00      0.00     0.00   0.00    0.00     0.00    0.00    0.00    2.65  41.60


avg-cpu:  %user   %nice %system %iowait  %steal   %idle
          56.37    0.00   17.05    2.36    0.00   24.22

Device            r/s     rkB/s   rrqm/s  %rrqm r_await rareq-sz     w/s     wkB/s   wrqm/s  %wrqm w_await wareq-sz     d/s     dkB/s   drqm/s  %drqm d_await dareq-sz     f/s f_await  aqu-sz  %util
nvme1n1p3        0.00      0.00     0.00   0.00    0.00     0.00 4990.00 533108.00    12.00   0.24    0.40   106.84    0.00      0.00     0.00   0.00    0.00     0.00    0.00    0.00    1.99  38.40
nvme1n1p4        0.00      0.00     0.00   0.00    0.00     0.00 5052.00 534112.00     6.00   0.12    0.39   105.72    0.00      0.00     0.00   0.00    0.00     0.00    0.00    0.00    1.97  41.00
nvme1n1p5        0.00      0.00     0.00   0.00    0.00     0.00 5120.00 534132.00    13.00   0.25    0.60   104.32    0.00      0.00     0.00   0.00    0.00     0.00    0.00    0.00    3.09  40.10


avg-cpu:  %user   %nice %system %iowait  %steal   %idle
          54.45    0.00   14.04    5.57    0.00   25.94

Device            r/s     rkB/s   rrqm/s  %rrqm r_await rareq-sz     w/s     wkB/s   wrqm/s  %wrqm w_await wareq-sz     d/s     dkB/s   drqm/s  %drqm d_await dareq-sz     f/s f_await  aqu-sz  %util
nvme1n1p3        0.00      0.00     0.00   0.00    0.00     0.00 3643.00 389892.00     5.00   0.14    1.05   107.02    0.00      0.00     0.00   0.00    0.00     0.00    0.00    0.00    3.83  52.70
nvme1n1p4        0.00      0.00     0.00   0.00    0.00     0.00 3670.00 388964.00     5.00   0.14    1.02   105.98    0.00      0.00     0.00   0.00    0.00     0.00    0.00    0.00    3.73  56.40
nvme1n1p5        0.00      0.00     0.00   0.00    0.00     0.00 3684.00 388184.00     1.00   0.03    0.61   105.37    0.00      0.00     0.00   0.00    0.00     0.00    0.00    0.00    2.24  55.70


avg-cpu:  %user   %nice %system %iowait  %steal   %idle
          58.16    0.00   12.97    5.15    0.00   23.71

Device            r/s     rkB/s   rrqm/s  %rrqm r_await rareq-sz     w/s     wkB/s   wrqm/s  %wrqm w_await wareq-sz     d/s     dkB/s   drqm/s  %drqm d_await dareq-sz     f/s f_await  aqu-sz  %util
nvme1n1p3        0.00      0.00     0.00   0.00    0.00     0.00 3817.00 407476.00     7.00   0.18    0.72   106.75    0.00      0.00     0.00   0.00    0.00     0.00    0.00    0.00    2.75  52.00
nvme1n1p4        0.00      0.00     0.00   0.00    0.00     0.00 3826.00 404648.00     6.00   0.16    0.67   105.76    0.00      0.00     0.00   0.00    0.00     0.00    0.00    0.00    2.55  52.20
nvme1n1p5        0.00      0.00     0.00   0.00    0.00     0.00 3836.00 405540.00     6.00   0.16    0.66   105.72    0.00      0.00     0.00   0.00    0.00     0.00    0.00    0.00    2.53  53.50


avg-cpu:  %user   %nice %system %iowait  %steal   %idle
          57.32    0.00   13.64    5.82    0.00   23.21

Device            r/s     rkB/s   rrqm/s  %rrqm r_await rareq-sz     w/s     wkB/s   wrqm/s  %wrqm w_await wareq-sz     d/s     dkB/s   drqm/s  %drqm d_await dareq-sz     f/s f_await  aqu-sz  %util
nvme1n1p3        0.00      0.00     0.00   0.00    0.00     0.00 3394.00 364460.00     5.00   0.15    1.89   107.38    0.00      0.00     0.00   0.00    0.00     0.00    0.00    0.00    6.41  61.10
nvme1n1p4        0.00      0.00     0.00   0.00    0.00     0.00 3369.00 364968.00     7.00   0.21    1.20   108.33    0.00      0.00     0.00   0.00    0.00     0.00    0.00    0.00    4.03  62.90
nvme1n1p5        0.00      0.00     0.00   0.00    0.00     0.00 3446.00 370272.00     8.00   0.23    1.42   107.45    0.00      0.00     0.00   0.00    0.00     0.00    0.00    0.00    4.89  64.50


avg-cpu:  %user   %nice %system %iowait  %steal   %idle
          50.50    0.00   11.02    8.10    0.00   30.38

Device            r/s     rkB/s   rrqm/s  %rrqm r_await rareq-sz     w/s     wkB/s   wrqm/s  %wrqm w_await wareq-sz     d/s     dkB/s   drqm/s  %drqm d_await dareq-sz     f/s f_await  aqu-sz  %util
nvme1n1p3        0.00      0.00     0.00   0.00    0.00     0.00 2942.00 327076.00     4.00   0.14    1.82   111.17    0.00      0.00     0.00   0.00    0.00     0.00    0.00    0.00    5.36  83.60
nvme1n1p4        0.00      0.00     0.00   0.00    0.00     0.00 2976.00 329572.00     5.00   0.17    2.11   110.74    0.00      0.00     0.00   0.00    0.00     0.00    0.00    0.00    6.28  85.90
nvme1n1p5        0.00      0.00     0.00   0.00    0.00     0.00 2954.00 324552.00     9.00   0.30    2.41   109.87    0.00      0.00     0.00   0.00    0.00     0.00    0.00    0.00    7.11  87.00


avg-cpu:  %user   %nice %system %iowait  %steal   %idle
          53.03    0.00   11.36    5.89    0.00   29.72

Device            r/s     rkB/s   rrqm/s  %rrqm r_await rareq-sz     w/s     wkB/s   wrqm/s  %wrqm w_await wareq-sz     d/s     dkB/s   drqm/s  %drqm d_await dareq-sz     f/s f_await  aqu-sz  %util
nvme1n1p3        0.00      0.00     0.00   0.00    0.00     0.00 3270.00 361132.00     7.00   0.21    1.73   110.44    0.00      0.00     0.00   0.00    0.00     0.00    0.00    0.00    5.66  77.50
nvme1n1p4        0.00      0.00     0.00   0.00    0.00     0.00 3324.00 361316.00     6.00   0.18    2.34   108.70    0.00      0.00     0.00   0.00    0.00     0.00    0.00    0.00    7.78  79.50
nvme1n1p5        0.00      0.00     0.00   0.00    0.00     0.00 3316.00 364724.00    13.00   0.39    1.56   109.99    0.00      0.00     0.00   0.00    0.00     0.00    0.00    0.00    5.17  79.40


avg-cpu:  %user   %nice %system %iowait  %steal   %idle
          47.12    0.00   11.59    8.07    0.00   33.22

Device            r/s     rkB/s   rrqm/s  %rrqm r_await rareq-sz     w/s     wkB/s   wrqm/s  %wrqm w_await wareq-sz     d/s     dkB/s   drqm/s  %drqm d_await dareq-sz     f/s f_await  aqu-sz  %util
nvme1n1p3        0.00      0.00     0.00   0.00    0.00     0.00 3098.00 335580.00     9.00   0.29    2.16   108.32    0.00      0.00     0.00   0.00    0.00     0.00    0.00    0.00    6.71  77.70
nvme1n1p4        0.00      0.00     0.00   0.00    0.00     0.00 3076.00 336480.00    12.00   0.39    2.16   109.39    0.00      0.00     0.00   0.00    0.00     0.00    0.00    0.00    6.65  76.70
nvme1n1p5        0.00      0.00     0.00   0.00    0.00     0.00 3114.00 337944.00    10.00   0.32    1.05   108.52    0.00      0.00     0.00   0.00    0.00     0.00    0.00    0.00    3.26  78.60


avg-cpu:  %user   %nice %system %iowait  %steal   %idle
          47.36    0.00   16.34    5.70    0.00   30.60

Device            r/s     rkB/s   rrqm/s  %rrqm r_await rareq-sz     w/s     wkB/s   wrqm/s  %wrqm w_await wareq-sz     d/s     dkB/s   drqm/s  %drqm d_await dareq-sz     f/s f_await  aqu-sz  %util
nvme1n1p3        0.00      0.00     0.00   0.00    0.00     0.00 4436.00 482372.00    13.00   0.29    1.38   108.74    0.00      0.00     0.00   0.00    0.00     0.00    0.00    0.00    6.11  61.50
nvme1n1p4        0.00      0.00     0.00   0.00    0.00     0.00 4490.00 483316.00     3.00   0.07    1.05   107.64    0.00      0.00     0.00   0.00    0.00     0.00    0.00    0.00    4.72  62.00
nvme1n1p5        0.00      0.00     0.00   0.00    0.00     0.00 4509.00 480588.00     5.00   0.11    0.88   106.58    0.00      0.00     0.00   0.00    0.00     0.00    0.00    0.00    3.99  63.40


avg-cpu:  %user   %nice %system %iowait  %steal   %idle
          55.49    0.00   15.87    4.12    0.00   24.53

Device            r/s     rkB/s   rrqm/s  %rrqm r_await rareq-sz     w/s     wkB/s   wrqm/s  %wrqm w_await wareq-sz     d/s     dkB/s   drqm/s  %drqm d_await dareq-sz     f/s f_await  aqu-sz  %util
nvme1n1p3        0.00      0.00     0.00   0.00    0.00     0.00 4332.00 464172.00     3.00   0.07    0.82   107.15    0.00      0.00     0.00   0.00    0.00     0.00    0.00    0.00    3.54  45.10
nvme1n1p4        0.00      0.00     0.00   0.00    0.00     0.00 4365.00 462192.00    10.00   0.23    0.83   105.89    0.00      0.00     0.00   0.00    0.00     0.00    0.00    0.00    3.62  47.50
nvme1n1p5        0.00      0.00     0.00   0.00    0.00     0.00 4398.00 461504.00     6.00   0.14    0.52   104.93    0.00      0.00     0.00   0.00    0.00     0.00    0.00    0.00    2.29  49.70


avg-cpu:  %user   %nice %system %iowait  %steal   %idle
          48.81    0.00   14.76    6.83    0.00   29.61

Device            r/s     rkB/s   rrqm/s  %rrqm r_await rareq-sz     w/s     wkB/s   wrqm/s  %wrqm w_await wareq-sz     d/s     dkB/s   drqm/s  %drqm d_await dareq-sz     f/s f_await  aqu-sz  %util
nvme1n1p3        0.00      0.00     0.00   0.00    0.00     0.00 3510.00 383920.00     9.00   0.26    1.70   109.38    0.00      0.00     0.00   0.00    0.00     0.00    0.00    0.00    5.97  76.00
nvme1n1p4        0.00      0.00     0.00   0.00    0.00     0.00 3527.00 383888.00     3.00   0.08    1.52   108.84    0.00      0.00     0.00   0.00    0.00     0.00    0.00    0.00    5.35  75.50
nvme1n1p5        0.00      0.00     0.00   0.00    0.00     0.00 3495.00 385316.00     2.00   0.06    1.48   110.25    0.00      0.00     0.00   0.00    0.00     0.00    0.00    0.00    5.17  76.10


avg-cpu:  %user   %nice %system %iowait  %steal   %idle
          47.04    0.00   14.98    6.88    0.00   31.10

Device            r/s     rkB/s   rrqm/s  %rrqm r_await rareq-sz     w/s     wkB/s   wrqm/s  %wrqm w_await wareq-sz     d/s     dkB/s   drqm/s  %drqm d_await dareq-sz     f/s f_await  aqu-sz  %util
nvme1n1p3        0.00      0.00     0.00   0.00    0.00     0.00 3472.00 387468.00    17.00   0.49    1.62   111.60    0.00      0.00     0.00   0.00    0.00     0.00    0.00    0.00    5.61  75.40
nvme1n1p4        0.00      0.00     0.00   0.00    0.00     0.00 3504.00 385536.00     2.00   0.06    1.51   110.03    0.00      0.00     0.00   0.00    0.00     0.00    0.00    0.00    5.31  77.80
nvme1n1p5        0.00      0.00     0.00   0.00    0.00     0.00 3460.00 380992.00    13.00   0.37    1.38   110.11    0.00      0.00     0.00   0.00    0.00     0.00    0.00    0.00    4.76  78.80


avg-cpu:  %user   %nice %system %iowait  %steal   %idle
          43.87    0.00   14.68    7.65    0.00   33.80

Device            r/s     rkB/s   rrqm/s  %rrqm r_await rareq-sz     w/s     wkB/s   wrqm/s  %wrqm w_await wareq-sz     d/s     dkB/s   drqm/s  %drqm d_await dareq-sz     f/s f_await  aqu-sz  %util
nvme1n1p3        0.00      0.00     0.00   0.00    0.00     0.00 3155.00 348384.00     6.00   0.19    2.08   110.42    0.00      0.00     0.00   0.00    0.00     0.00    0.00    0.00    6.57  80.60
nvme1n1p4        0.00      0.00     0.00   0.00    0.00     0.00 3144.00 347904.00     3.00   0.10    1.80   110.66    0.00      0.00     0.00   0.00    0.00     0.00    0.00    0.00    5.65  79.70
nvme1n1p5        0.00      0.00     0.00   0.00    0.00     0.00 3193.00 355596.00     4.00   0.13    1.66   111.37    0.00      0.00     0.00   0.00    0.00     0.00    0.00    0.00    5.29  80.90


avg-cpu:  %user   %nice %system %iowait  %steal   %idle
          48.40    0.00   14.40    6.76    0.00   30.44

Device            r/s     rkB/s   rrqm/s  %rrqm r_await rareq-sz     w/s     wkB/s   wrqm/s  %wrqm w_await wareq-sz     d/s     dkB/s   drqm/s  %drqm d_await dareq-sz     f/s f_await  aqu-sz  %util
nvme1n1p3        0.00      0.00     0.00   0.00    0.00     0.00 3850.00 419060.00     9.00   0.23    1.02   108.85    0.00      0.00     0.00   0.00    0.00     0.00    0.00    0.00    3.93  66.80
nvme1n1p4        0.00      0.00     0.00   0.00    0.00     0.00 3854.00 422604.00     4.00   0.10    1.19   109.65    0.00      0.00     0.00   0.00    0.00     0.00    0.00    0.00    4.59  67.70
nvme1n1p5        0.00      0.00     0.00   0.00    0.00     0.00 3852.00 418416.00     1.00   0.03    1.14   108.62    0.00      0.00     0.00   0.00    0.00     0.00    0.00    0.00    4.38  68.10


avg-cpu:  %user   %nice %system %iowait  %steal   %idle
          43.78    0.00   13.90    6.65    0.00   35.66

Device            r/s     rkB/s   rrqm/s  %rrqm r_await rareq-sz     w/s     wkB/s   wrqm/s  %wrqm w_await wareq-sz     d/s     dkB/s   drqm/s  %drqm d_await dareq-sz     f/s f_await  aqu-sz  %util
nvme1n1p3        0.00      0.00     0.00   0.00    0.00     0.00 3625.00 398708.00     8.00   0.22    1.33   109.99    0.00      0.00     0.00   0.00    0.00     0.00    0.00    0.00    4.84  72.80
nvme1n1p4        0.00      0.00     0.00   0.00    0.00     0.00 3617.00 395812.00     8.00   0.22    1.29   109.43    0.00      0.00     0.00   0.00    0.00     0.00    0.00    0.00    4.65  72.60
nvme1n1p5        0.00      0.00     0.00   0.00    0.00     0.00 3675.00 395632.00     5.00   0.14    1.69   107.65    0.00      0.00     0.00   0.00    0.00     0.00    0.00    0.00    6.20  74.90


avg-cpu:  %user   %nice %system %iowait  %steal   %idle
          44.55    0.00   13.93    7.27    0.00   34.26

Device            r/s     rkB/s   rrqm/s  %rrqm r_await rareq-sz     w/s     wkB/s   wrqm/s  %wrqm w_await wareq-sz     d/s     dkB/s   drqm/s  %drqm d_await dareq-sz     f/s f_await  aqu-sz  %util
nvme1n1p3        0.00      0.00     0.00   0.00    0.00     0.00 3144.00 342128.00     4.00   0.13    2.14   108.82    0.00      0.00     0.00   0.00    0.00     0.00    0.00    0.00    6.72  72.20
nvme1n1p4        0.00      0.00     0.00   0.00    0.00     0.00 3187.00 345180.00    10.00   0.31    1.61   108.31    0.00      0.00     0.00   0.00    0.00     0.00    0.00    0.00    5.14  73.40
nvme1n1p5        0.00      0.00     0.00   0.00    0.00     0.00 3177.00 342776.00     0.00   0.00    1.39   107.89    0.00      0.00     0.00   0.00    0.00     0.00    0.00    0.00    4.41  76.10


avg-cpu:  %user   %nice %system %iowait  %steal   %idle
          49.31    0.00   13.26    7.89    0.00   29.55

Device            r/s     rkB/s   rrqm/s  %rrqm r_await rareq-sz     w/s     wkB/s   wrqm/s  %wrqm w_await wareq-sz     d/s     dkB/s   drqm/s  %drqm d_await dareq-sz     f/s f_await  aqu-sz  %util
nvme1n1p3        0.00      0.00     0.00   0.00    0.00     0.00 3487.00 379908.00     5.00   0.14    1.45   108.95    0.00      0.00     0.00   0.00    0.00     0.00    0.00    0.00    5.07  69.80
nvme1n1p4        0.00      0.00     0.00   0.00    0.00     0.00 3560.00 378028.00     8.00   0.22    1.37   106.19    0.00      0.00     0.00   0.00    0.00     0.00    0.00    0.00    4.87  67.60
nvme1n1p5        0.00      0.00     0.00   0.00    0.00     0.00 3516.00 376684.00     3.00   0.09    1.09   107.13    0.00      0.00     0.00   0.00    0.00     0.00    0.00    0.00    3.83  71.60


avg-cpu:  %user   %nice %system %iowait  %steal   %idle
          47.33    0.00   14.57    6.72    0.00   31.38

Device            r/s     rkB/s   rrqm/s  %rrqm r_await rareq-sz     w/s     wkB/s   wrqm/s  %wrqm w_await wareq-sz     d/s     dkB/s   drqm/s  %drqm d_await dareq-sz     f/s f_await  aqu-sz  %util
nvme1n1p3        0.00      0.00     0.00   0.00    0.00     0.00 3496.00 384700.00    10.00   0.29    1.37   110.04    0.00      0.00     0.00   0.00    0.00     0.00    0.00    0.00    4.79  73.10
nvme1n1p4        0.00      0.00     0.00   0.00    0.00     0.00 3506.00 387760.00     6.00   0.17    1.50   110.60    0.00      0.00     0.00   0.00    0.00     0.00    0.00    0.00    5.24  72.70
nvme1n1p5        0.00      0.00     0.00   0.00    0.00     0.00 3588.00 388880.00     2.00   0.06    1.56   108.38    0.00      0.00     0.00   0.00    0.00     0.00    0.00    0.00    5.59  74.10


avg-cpu:  %user   %nice %system %iowait  %steal   %idle
          48.67    0.00   13.67    6.28    0.00   31.38

Device            r/s     rkB/s   rrqm/s  %rrqm r_await rareq-sz     w/s     wkB/s   wrqm/s  %wrqm w_await wareq-sz     d/s     dkB/s   drqm/s  %drqm d_await dareq-sz     f/s f_await  aqu-sz  %util
nvme1n1p3        0.00      0.00     0.00   0.00    0.00     0.00 3617.00 392960.00    13.00   0.36    1.84   108.64    0.00      0.00     0.00   0.00    0.00     0.00    0.00    0.00    6.67  69.30
nvme1n1p4        0.00      0.00     0.00   0.00    0.00     0.00 3648.00 393004.00     7.00   0.19    1.55   107.73    0.00      0.00     0.00   0.00    0.00     0.00    0.00    0.00    5.67  68.40
nvme1n1p5        0.00      0.00     0.00   0.00    0.00     0.00 3652.00 394192.00     7.00   0.19    1.10   107.94    0.00      0.00     0.00   0.00    0.00     0.00    0.00    0.00    4.03  70.90


avg-cpu:  %user   %nice %system %iowait  %steal   %idle
          44.54    0.00   12.97    8.36    0.00   34.13

Device            r/s     rkB/s   rrqm/s  %rrqm r_await rareq-sz     w/s     wkB/s   wrqm/s  %wrqm w_await wareq-sz     d/s     dkB/s   drqm/s  %drqm d_await dareq-sz     f/s f_await  aqu-sz  %util
nvme1n1p3        0.00      0.00     0.00   0.00    0.00     0.00 3252.00 356176.00     4.00   0.12    1.78   109.53    0.00      0.00     0.00   0.00    0.00     0.00    0.00    0.00    5.79  80.60
nvme1n1p4        0.00      0.00     0.00   0.00    0.00     0.00 3268.00 356160.00     3.00   0.09    2.02   108.98    0.00      0.00     0.00   0.00    0.00     0.00    0.00    0.00    6.61  78.40
nvme1n1p5        0.00      0.00     0.00   0.00    0.00     0.00 3241.00 354976.00     3.00   0.09    1.79   109.53    0.00      0.00     0.00   0.00    0.00     0.00    0.00    0.00    5.81  80.70


avg-cpu:  %user   %nice %system %iowait  %steal   %idle
          43.10    0.00   11.93    8.52    0.00   36.46

Device            r/s     rkB/s   rrqm/s  %rrqm r_await rareq-sz     w/s     wkB/s   wrqm/s  %wrqm w_await wareq-sz     d/s     dkB/s   drqm/s  %drqm d_await dareq-sz     f/s f_await  aqu-sz  %util
nvme1n1p3        0.00      0.00     0.00   0.00    0.00     0.00 3282.00 353744.00     0.00   0.00    1.55   107.78    0.00      0.00     0.00   0.00    0.00     0.00    0.00    0.00    5.09  76.60
nvme1n1p4        0.00      0.00     0.00   0.00    0.00     0.00 3243.00 353788.00     6.00   0.18    1.68   109.09    0.00      0.00     0.00   0.00    0.00     0.00    0.00    0.00    5.45  74.60
nvme1n1p5        0.00      0.00     0.00   0.00    0.00     0.00 3296.00 356048.00     3.00   0.09    1.63   108.02    0.00      0.00     0.00   0.00    0.00     0.00    0.00    0.00    5.37  76.10


avg-cpu:  %user   %nice %system %iowait  %steal   %idle
          43.82    0.00   13.11    8.05    0.00   35.02

Device            r/s     rkB/s   rrqm/s  %rrqm r_await rareq-sz     w/s     wkB/s   wrqm/s  %wrqm w_await wareq-sz     d/s     dkB/s   drqm/s  %drqm d_await dareq-sz     f/s f_await  aqu-sz  %util
nvme1n1p3        0.00      0.00     0.00   0.00    0.00     0.00 3272.00 356948.00     2.00   0.06    2.20   109.09    0.00      0.00     0.00   0.00    0.00     0.00    0.00    0.00    7.20  81.20
nvme1n1p4        0.00      0.00     0.00   0.00    0.00     0.00 3212.00 354896.00     7.00   0.22    1.51   110.49    0.00      0.00     0.00   0.00    0.00     0.00    0.00    0.00    4.84  80.40
nvme1n1p5        0.00      0.00     0.00   0.00    0.00     0.00 3228.00 353908.00     2.00   0.06    1.73   109.64    0.00      0.00     0.00   0.00    0.00     0.00    0.00    0.00    5.58  82.70


avg-cpu:  %user   %nice %system %iowait  %steal   %idle
          35.08    0.00    9.44   10.62    0.00   44.86

Device            r/s     rkB/s   rrqm/s  %rrqm r_await rareq-sz     w/s     wkB/s   wrqm/s  %wrqm w_await wareq-sz     d/s     dkB/s   drqm/s  %drqm d_await dareq-sz     f/s f_await  aqu-sz  %util
nvme1n1p3        0.00      0.00     0.00   0.00    0.00     0.00 1807.00 195628.00     0.00   0.00    4.79   108.26    0.00      0.00     0.00   0.00    0.00     0.00    0.00    0.00    8.66  88.50
nvme1n1p4        0.00      0.00     0.00   0.00    0.00     0.00 1787.00 196736.00     2.00   0.11    4.19   110.09    0.00      0.00     0.00   0.00    0.00     0.00    0.00    0.00    7.49  88.90
nvme1n1p5        0.00      0.00     0.00   0.00    0.00     0.00 1784.00 196532.00     4.00   0.22    4.64   110.16    0.00      0.00     0.00   0.00    0.00     0.00    0.00    0.00    8.27  90.90


avg-cpu:  %user   %nice %system %iowait  %steal   %idle
          45.83    0.00   13.84    7.91    0.00   32.42

Device            r/s     rkB/s   rrqm/s  %rrqm r_await rareq-sz     w/s     wkB/s   wrqm/s  %wrqm w_await wareq-sz     d/s     dkB/s   drqm/s  %drqm d_await dareq-sz     f/s f_await  aqu-sz  %util
nvme1n1p3        0.00      0.00     0.00   0.00    0.00     0.00 3558.00 387708.00     2.00   0.06    1.43   108.97    0.00      0.00     0.00   0.00    0.00     0.00    0.00    0.00    5.08  78.80
nvme1n1p4        0.00      0.00     0.00   0.00    0.00     0.00 3489.00 386668.00     7.00   0.20    1.46   110.82    0.00      0.00     0.00   0.00    0.00     0.00    0.00    0.00    5.10  77.70
nvme1n1p5        0.00      0.00     0.00   0.00    0.00     0.00 3542.00 386864.00     1.00   0.03    1.37   109.22    0.00      0.00     0.00   0.00    0.00     0.00    0.00    0.00    4.84  79.60


avg-cpu:  %user   %nice %system %iowait  %steal   %idle
          47.58    0.00   14.34    6.82    0.00   31.26

Device            r/s     rkB/s   rrqm/s  %rrqm r_await rareq-sz     w/s     wkB/s   wrqm/s  %wrqm w_await wareq-sz     d/s     dkB/s   drqm/s  %drqm d_await dareq-sz     f/s f_await  aqu-sz  %util
nvme1n1p3        0.00      0.00     0.00   0.00    0.00     0.00 3712.00 407520.00     7.00   0.19    1.07   109.78    0.00      0.00     0.00   0.00    0.00     0.00    0.00    0.00    3.98  70.70
nvme1n1p4        0.00      0.00     0.00   0.00    0.00     0.00 3716.00 407716.00    10.00   0.27    1.09   109.72    0.00      0.00     0.00   0.00    0.00     0.00    0.00    0.00    4.05  69.10
nvme1n1p5        0.00      0.00     0.00   0.00    0.00     0.00 3767.00 407616.00     8.00   0.21    1.16   108.21    0.00      0.00     0.00   0.00    0.00     0.00    0.00    0.00    4.38  71.80


avg-cpu:  %user   %nice %system %iowait  %steal   %idle
          46.01    0.00   15.77    6.85    0.00   31.37

Device            r/s     rkB/s   rrqm/s  %rrqm r_await rareq-sz     w/s     wkB/s   wrqm/s  %wrqm w_await wareq-sz     d/s     dkB/s   drqm/s  %drqm d_await dareq-sz     f/s f_await  aqu-sz  %util
nvme1n1p3        0.00      0.00     0.00   0.00    0.00     0.00 3994.00 440092.00    11.00   0.27    1.27   110.19    0.00      0.00     0.00   0.00    0.00     0.00    0.00    0.00    5.08  74.30
nvme1n1p4        0.00      0.00     0.00   0.00    0.00     0.00 3964.00 437140.00    10.00   0.25    1.42   110.28    0.00      0.00     0.00   0.00    0.00     0.00    0.00    0.00    5.65  76.20
nvme1n1p5        0.00      0.00     0.00   0.00    0.00     0.00 3983.00 440252.00     6.00   0.15    1.34   110.53    0.00      0.00     0.00   0.00    0.00     0.00    0.00    0.00    5.32  75.50


avg-cpu:  %user   %nice %system %iowait  %steal   %idle
          53.28    0.00   15.72    4.66    0.00   26.34

Device            r/s     rkB/s   rrqm/s  %rrqm r_await rareq-sz     w/s     wkB/s   wrqm/s  %wrqm w_await wareq-sz     d/s     dkB/s   drqm/s  %drqm d_await dareq-sz     f/s f_await  aqu-sz  %util
nvme1n1p3        0.00      0.00     0.00   0.00    0.00     0.00 4629.00 501324.00    16.00   0.34    0.79   108.30    0.00      0.00     0.00   0.00    0.00     0.00    0.00    0.00    3.64  50.10
nvme1n1p4        0.00      0.00     0.00   0.00    0.00     0.00 4760.00 504228.00     3.00   0.06    0.83   105.93    0.00      0.00     0.00   0.00    0.00     0.00    0.00    0.00    3.94  52.40
nvme1n1p5        0.00      0.00     0.00   0.00    0.00     0.00 4755.00 503464.00     2.00   0.04    0.69   105.88    0.00      0.00     0.00   0.00    0.00     0.00    0.00    0.00    3.27  50.70


avg-cpu:  %user   %nice %system %iowait  %steal   %idle
          40.59    0.00   12.35    9.15    0.00   37.91

Device            r/s     rkB/s   rrqm/s  %rrqm r_await rareq-sz     w/s     wkB/s   wrqm/s  %wrqm w_await wareq-sz     d/s     dkB/s   drqm/s  %drqm d_await dareq-sz     f/s f_await  aqu-sz  %util
nvme1n1p3        0.00      0.00     0.00   0.00    0.00     0.00 2651.00 292168.00     6.00   0.23    2.46   110.21    0.00      0.00     0.00   0.00    0.00     0.00    0.00    0.00    6.53  86.40
nvme1n1p4        0.00      0.00     0.00   0.00    0.00     0.00 2627.00 291008.00     3.00   0.11    2.18   110.78    0.00      0.00     0.00   0.00    0.00     0.00    0.00    0.00    5.74  83.70
nvme1n1p5        0.00      0.00     0.00   0.00    0.00     0.00 2614.00 290128.00     2.00   0.08    2.24   110.99    0.00      0.00     0.00   0.00    0.00     0.00    0.00    0.00    5.86  86.10


avg-cpu:  %user   %nice %system %iowait  %steal   %idle
          40.21    0.00   12.22    8.75    0.00   38.82

Device            r/s     rkB/s   rrqm/s  %rrqm r_await rareq-sz     w/s     wkB/s   wrqm/s  %wrqm w_await wareq-sz     d/s     dkB/s   drqm/s  %drqm d_await dareq-sz     f/s f_await  aqu-sz  %util
nvme1n1p3        0.00      0.00     0.00   0.00    0.00     0.00 2332.00 260220.00     0.00   0.00    2.60   111.59    0.00      0.00     0.00   0.00    0.00     0.00    0.00    0.00    6.06  83.70
nvme1n1p4        0.00      0.00     0.00   0.00    0.00     0.00 2378.00 261604.00     5.00   0.21    2.76   110.01    0.00      0.00     0.00   0.00    0.00     0.00    0.00    0.00    6.55  83.20
nvme1n1p5        0.00      0.00     0.00   0.00    0.00     0.00 2346.00 260252.00     1.00   0.04    2.52   110.93    0.00      0.00     0.00   0.00    0.00     0.00    0.00    0.00    5.92  84.60


avg-cpu:  %user   %nice %system %iowait  %steal   %idle
          37.17    0.00   10.64    9.27    0.00   42.92

Device            r/s     rkB/s   rrqm/s  %rrqm r_await rareq-sz     w/s     wkB/s   wrqm/s  %wrqm w_await wareq-sz     d/s     dkB/s   drqm/s  %drqm d_await dareq-sz     f/s f_await  aqu-sz  %util
nvme1n1p3        0.00      0.00     0.00   0.00    0.00     0.00 2086.00 227556.00     0.00   0.00    4.09   109.09    0.00      0.00     0.00   0.00    0.00     0.00    0.00    0.00    8.53  87.90
nvme1n1p4        0.00      0.00     0.00   0.00    0.00     0.00 2073.00 230636.00     1.00   0.05    3.96   111.26    0.00      0.00     0.00   0.00    0.00     0.00    0.00    0.00    8.21  89.30
nvme1n1p5        0.00      0.00     0.00   0.00    0.00     0.00 2081.00 230592.00     1.00   0.05    2.87   110.81    0.00      0.00     0.00   0.00    0.00     0.00    0.00    0.00    5.98  88.30


avg-cpu:  %user   %nice %system %iowait  %steal   %idle
          42.71    0.00   11.41    7.98    0.00   37.91

Device            r/s     rkB/s   rrqm/s  %rrqm r_await rareq-sz     w/s     wkB/s   wrqm/s  %wrqm w_await wareq-sz     d/s     dkB/s   drqm/s  %drqm d_await dareq-sz     f/s f_await  aqu-sz  %util
nvme1n1p3        0.00      0.00     0.00   0.00    0.00     0.00 2617.00 288104.00     2.00   0.08    2.50   110.09    0.00      0.00     0.00   0.00    0.00     0.00    0.00    0.00    6.54  77.10
nvme1n1p4        0.00      0.00     0.00   0.00    0.00     0.00 2628.00 288124.00     0.00   0.00    2.31   109.64    0.00      0.00     0.00   0.00    0.00     0.00    0.00    0.00    6.06  74.90
nvme1n1p5        0.00      0.00     0.00   0.00    0.00     0.00 2643.00 288196.00     5.00   0.19    1.80   109.04    0.00      0.00     0.00   0.00    0.00     0.00    0.00    0.00    4.76  78.30


avg-cpu:  %user   %nice %system %iowait  %steal   %idle
          39.36    0.00   12.50    9.80    0.00   38.34

Device            r/s     rkB/s   rrqm/s  %rrqm r_await rareq-sz     w/s     wkB/s   wrqm/s  %wrqm w_await wareq-sz     d/s     dkB/s   drqm/s  %drqm d_await dareq-sz     f/s f_await  aqu-sz  %util
nvme1n1p3        0.00      0.00     0.00   0.00    0.00     0.00 2401.00 264304.00     0.00   0.00    1.99   110.08    0.00      0.00     0.00   0.00    0.00     0.00    0.00    0.00    4.78  86.20
nvme1n1p4        0.00      0.00     0.00   0.00    0.00     0.00 2384.00 264288.00     6.00   0.25    2.49   110.86    0.00      0.00     0.00   0.00    0.00     0.00    0.00    0.00    5.93  82.90
nvme1n1p5        0.00      0.00     0.00   0.00    0.00     0.00 2372.00 261248.00     4.00   0.17    2.06   110.14    0.00      0.00     0.00   0.00    0.00     0.00    0.00    0.00    4.89  86.10


avg-cpu:  %user   %nice %system %iowait  %steal   %idle
          43.16    0.00   13.44    8.51    0.00   34.89

Device            r/s     rkB/s   rrqm/s  %rrqm r_await rareq-sz     w/s     wkB/s   wrqm/s  %wrqm w_await wareq-sz     d/s     dkB/s   drqm/s  %drqm d_await dareq-sz     f/s f_await  aqu-sz  %util
nvme1n1p3        0.00      0.00     0.00   0.00    0.00     0.00 2635.00 284184.00     3.00   0.11    3.14   107.85    0.00      0.00     0.00   0.00    0.00     0.00    0.00    0.00    8.27  82.60
nvme1n1p4        0.00      0.00     0.00   0.00    0.00     0.00 2547.00 282196.00     3.00   0.12    1.94   110.80    0.00      0.00     0.00   0.00    0.00     0.00    0.00    0.00    4.95  82.60
nvme1n1p5        0.00      0.00     0.00   0.00    0.00     0.00 2642.00 286264.00     4.00   0.15    1.56   108.35    0.00      0.00     0.00   0.00    0.00     0.00    0.00    0.00    4.13  84.30


avg-cpu:  %user   %nice %system %iowait  %steal   %idle
          40.74    0.00   11.66   11.32    0.00   36.28

Device            r/s     rkB/s   rrqm/s  %rrqm r_await rareq-sz     w/s     wkB/s   wrqm/s  %wrqm w_await wareq-sz     d/s     dkB/s   drqm/s  %drqm d_await dareq-sz     f/s f_await  aqu-sz  %util
nvme1n1p3        0.00      0.00     0.00   0.00    0.00     0.00 2412.00 267284.00     1.00   0.04    2.35   110.81    0.00      0.00     0.00   0.00    0.00     0.00    0.00    0.00    5.67  86.90
nvme1n1p4        0.00      0.00     0.00   0.00    0.00     0.00 2387.00 267164.00     6.00   0.25    2.65   111.92    0.00      0.00     0.00   0.00    0.00     0.00    0.00    0.00    6.33  88.20
nvme1n1p5        0.00      0.00     0.00   0.00    0.00     0.00 2366.00 263296.00     4.00   0.17    3.08   111.28    0.00      0.00     0.00   0.00    0.00     0.00    0.00    0.00    7.29  88.10


avg-cpu:  %user   %nice %system %iowait  %steal   %idle
          43.24    0.00   13.01    9.39    0.00   34.37

Device            r/s     rkB/s   rrqm/s  %rrqm r_await rareq-sz     w/s     wkB/s   wrqm/s  %wrqm w_await wareq-sz     d/s     dkB/s   drqm/s  %drqm d_await dareq-sz     f/s f_await  aqu-sz  %util
nvme1n1p3        0.00      0.00     0.00   0.00    0.00     0.00 2948.00 327292.00     7.00   0.24    2.33   111.02    0.00      0.00     0.00   0.00    0.00     0.00    0.00    0.00    6.87  88.80
nvme1n1p4        0.00      0.00     0.00   0.00    0.00     0.00 2937.00 326336.00     6.00   0.20    2.11   111.11    0.00      0.00     0.00   0.00    0.00     0.00    0.00    0.00    6.20  87.30
nvme1n1p5        0.00      0.00     0.00   0.00    0.00     0.00 2992.00 329272.00     1.00   0.03    2.15   110.05    0.00      0.00     0.00   0.00    0.00     0.00    0.00    0.00    6.42  86.90


avg-cpu:  %user   %nice %system %iowait  %steal   %idle
          37.76    0.00   11.63    9.72    0.00   40.89

Device            r/s     rkB/s   rrqm/s  %rrqm r_await rareq-sz     w/s     wkB/s   wrqm/s  %wrqm w_await wareq-sz     d/s     dkB/s   drqm/s  %drqm d_await dareq-sz     f/s f_await  aqu-sz  %util
nvme1n1p3        0.00      0.00     0.00   0.00    0.00     0.00 2549.00 275100.00     1.00   0.04    3.30   107.92    0.00      0.00     0.00   0.00    0.00     0.00    0.00    0.00    8.42  85.40
nvme1n1p4        0.00      0.00     0.00   0.00    0.00     0.00 2540.00 278800.00     7.00   0.27    2.31   109.76    0.00      0.00     0.00   0.00    0.00     0.00    0.00    0.00    5.87  83.60
nvme1n1p5        0.00      0.00     0.00   0.00    0.00     0.00 2588.00 279108.00     2.00   0.08    3.04   107.85    0.00      0.00     0.00   0.00    0.00     0.00    0.00    0.00    7.87  85.60


avg-cpu:  %user   %nice %system %iowait  %steal   %idle
          40.36    0.00   12.97    7.68    0.00   38.99

Device            r/s     rkB/s   rrqm/s  %rrqm r_await rareq-sz     w/s     wkB/s   wrqm/s  %wrqm w_await wareq-sz     d/s     dkB/s   drqm/s  %drqm d_await dareq-sz     f/s f_await  aqu-sz  %util
nvme1n1p3        0.00      0.00     0.00   0.00    0.00     0.00 2588.00 284648.00     7.00   0.27    2.64   109.99    0.00      0.00     0.00   0.00    0.00     0.00    0.00    0.00    6.83  81.80
nvme1n1p4        0.00      0.00     0.00   0.00    0.00     0.00 2559.00 278776.00     6.00   0.23    2.44   108.94    0.00      0.00     0.00   0.00    0.00     0.00    0.00    0.00    6.25  81.40
nvme1n1p5        1.00    124.00     0.00   0.00    3.00   124.00 2575.00 281844.00     0.00   0.00    2.04   109.45    0.00      0.00     0.00   0.00    0.00     0.00    0.00    0.00    5.26  81.60


avg-cpu:  %user   %nice %system %iowait  %steal   %idle
          43.63    0.00   11.71    8.32    0.00   36.33

Device            r/s     rkB/s   rrqm/s  %rrqm r_await rareq-sz     w/s     wkB/s   wrqm/s  %wrqm w_await wareq-sz     d/s     dkB/s   drqm/s  %drqm d_await dareq-sz     f/s f_await  aqu-sz  %util
nvme1n1p3        0.00      0.00     0.00   0.00    0.00     0.00 2716.00 299724.00     1.00   0.04    3.26   110.35    0.00      0.00     0.00   0.00    0.00     0.00    0.00    0.00    8.85  85.70
nvme1n1p4        0.00      0.00     0.00   0.00    0.00     0.00 2828.00 309788.00     3.00   0.11    2.55   109.54    0.00      0.00     0.00   0.00    0.00     0.00    0.00    0.00    7.22  87.00
nvme1n1p5        0.00      0.00     0.00   0.00    0.00     0.00 2781.00 306640.00     4.00   0.14    1.99   110.26    0.00      0.00     0.00   0.00    0.00     0.00    0.00    0.00    5.52  88.70


avg-cpu:  %user   %nice %system %iowait  %steal   %idle
          50.21    0.00   10.18    7.49    0.00   32.13

Device            r/s     rkB/s   rrqm/s  %rrqm r_await rareq-sz     w/s     wkB/s   wrqm/s  %wrqm w_await wareq-sz     d/s     dkB/s   drqm/s  %drqm d_await dareq-sz     f/s f_await  aqu-sz  %util
nvme1n1p3        0.00      0.00     0.00   0.00    0.00     0.00 2775.00 301476.00     2.00   0.07    2.61   108.64    0.00      0.00     0.00   0.00    0.00     0.00    0.00    0.00    7.24  82.90
nvme1n1p4        0.00      0.00     0.00   0.00    0.00     0.00 2661.00 289204.00     4.00   0.15    2.18   108.68    0.00      0.00     0.00   0.00    0.00     0.00    0.00    0.00    5.81  80.70
nvme1n1p5        0.00      0.00     0.00   0.00    0.00     0.00 2698.00 289292.00     5.00   0.18    4.30   107.22    0.00      0.00     0.00   0.00    0.00     0.00    0.00    0.00   11.60  81.40


avg-cpu:  %user   %nice %system %iowait  %steal   %idle
          47.32    0.00    9.96    9.45    0.00   33.28

Device            r/s     rkB/s   rrqm/s  %rrqm r_await rareq-sz     w/s     wkB/s   wrqm/s  %wrqm w_await wareq-sz     d/s     dkB/s   drqm/s  %drqm d_await dareq-sz     f/s f_await  aqu-sz  %util
nvme1n1p3        0.00      0.00     0.00   0.00    0.00     0.00 2776.00 304376.00     1.00   0.04    2.41   109.65    0.00      0.00     0.00   0.00    0.00     0.00    0.00    0.00    6.70  87.10
nvme1n1p4        0.00      0.00     0.00   0.00    0.00     0.00 2784.00 308540.00     3.00   0.11    2.02   110.83    0.00      0.00     0.00   0.00    0.00     0.00    0.00    0.00    5.63  87.10
nvme1n1p5        0.00      0.00     0.00   0.00    0.00     0.00 2827.00 312656.00     6.00   0.21    1.88   110.60    0.00      0.00     0.00   0.00    0.00     0.00    0.00    0.00    5.32  86.80


avg-cpu:  %user   %nice %system %iowait  %steal   %idle
          54.20    0.00   10.02    8.56    0.00   27.23

Device            r/s     rkB/s   rrqm/s  %rrqm r_await rareq-sz     w/s     wkB/s   wrqm/s  %wrqm w_await wareq-sz     d/s     dkB/s   drqm/s  %drqm d_await dareq-sz     f/s f_await  aqu-sz  %util
nvme1n1p3        0.00      0.00     0.00   0.00    0.00     0.00 2713.00 299380.00     9.00   0.33    2.21   110.35    0.00      0.00     0.00   0.00    0.00     0.00    0.00    0.00    6.00  83.40
nvme1n1p4        0.00      0.00     0.00   0.00    0.00     0.00 2699.00 295460.00     6.00   0.22    2.06   109.47    0.00      0.00     0.00   0.00    0.00     0.00    0.00    0.00    5.57  85.30
nvme1n1p5        0.00      0.00     0.00   0.00    0.00     0.00 2650.00 295204.00     7.00   0.26    2.58   111.40    0.00      0.00     0.00   0.00    0.00     0.00    0.00    0.00    6.85  85.20


avg-cpu:  %user   %nice %system %iowait  %steal   %idle
          56.16    0.00   10.96    6.63    0.00   26.25

Device            r/s     rkB/s   rrqm/s  %rrqm r_await rareq-sz     w/s     wkB/s   wrqm/s  %wrqm w_await wareq-sz     d/s     dkB/s   drqm/s  %drqm d_await dareq-sz     f/s f_await  aqu-sz  %util
nvme1n1p3        0.00      0.00     0.00   0.00    0.00     0.00 3331.00 367248.00    12.00   0.36    1.57   110.25    0.00      0.00     0.00   0.00    0.00     0.00    0.00    0.00    5.22  77.20
nvme1n1p4        0.00      0.00     0.00   0.00    0.00     0.00 3382.00 372536.00     3.00   0.09    1.93   110.15    0.00      0.00     0.00   0.00    0.00     0.00    0.00    0.00    6.52  78.00
nvme1n1p5        0.00      0.00     0.00   0.00    0.00     0.00 3385.00 369396.00     6.00   0.18    1.60   109.13    0.00      0.00     0.00   0.00    0.00     0.00    0.00    0.00    5.42  79.20


avg-cpu:  %user   %nice %system %iowait  %steal   %idle
          45.96    0.00   11.98    5.95    0.00   36.11

Device            r/s     rkB/s   rrqm/s  %rrqm r_await rareq-sz     w/s     wkB/s   wrqm/s  %wrqm w_await wareq-sz     d/s     dkB/s   drqm/s  %drqm d_await dareq-sz     f/s f_await  aqu-sz  %util
nvme1n1p3        0.00      0.00     0.00   0.00    0.00     0.00 2867.00 310268.00    11.00   0.38    2.02   108.22    0.00      0.00     0.00   0.00    0.00     0.00    0.00    0.00    5.78  74.80
nvme1n1p4        0.00      0.00     0.00   0.00    0.00     0.00 2814.00 307584.00     9.00   0.32    1.84   109.30    0.00      0.00     0.00   0.00    0.00     0.00    0.00    0.00    5.19  75.20
nvme1n1p5        0.00      0.00     0.00   0.00    0.00     0.00 2830.00 308328.00     9.00   0.32    1.29   108.95    0.00      0.00     0.00   0.00    0.00     0.00    0.00    0.00    3.65  74.80


avg-cpu:  %user   %nice %system %iowait  %steal   %idle
          19.17    0.00    3.14    0.34    0.00   77.35

Device            r/s     rkB/s   rrqm/s  %rrqm r_await rareq-sz     w/s     wkB/s   wrqm/s  %wrqm w_await wareq-sz     d/s     dkB/s   drqm/s  %drqm d_await dareq-sz     f/s f_await  aqu-sz  %util
nvme1n1p3        0.00      0.00     0.00   0.00    0.00     0.00   93.07    792.08     0.00   0.00    3.60     8.51    0.00      0.00     0.00   0.00    0.00     0.00    0.00    0.00    0.33   5.25
nvme1n1p4        0.00      0.00     0.00   0.00    0.00     0.00  124.75   2328.71     0.00   0.00   12.01    18.67    0.00      0.00     0.00   0.00    0.00     0.00    0.00    0.00    1.50   5.54
nvme1n1p5        0.00      0.00     0.00   0.00    0.00     0.00   93.07    665.35     0.00   0.00    2.53     7.15    0.00      0.00     0.00   0.00    0.00     0.00    0.00    0.00    0.24   6.24


avg-cpu:  %user   %nice %system %iowait  %steal   %idle
          25.00    0.00    3.41    0.09    0.00   71.50

Device            r/s     rkB/s   rrqm/s  %rrqm r_await rareq-sz     w/s     wkB/s   wrqm/s  %wrqm w_await wareq-sz     d/s     dkB/s   drqm/s  %drqm d_await dareq-sz     f/s f_await  aqu-sz  %util
nvme1n1p3        0.00      0.00     0.00   0.00    0.00     0.00   42.00    236.00     0.00   0.00    0.17     5.62    0.00      0.00     0.00   0.00    0.00     0.00    0.00    0.00    0.01   0.60
nvme1n1p4        0.00      0.00     0.00   0.00    0.00     0.00   18.00     76.00     0.00   0.00    0.22     4.22    0.00      0.00     0.00   0.00    0.00     0.00    0.00    0.00    0.00   0.30
nvme1n1p5        0.00      0.00     0.00   0.00    0.00     0.00   41.00    236.00     0.00   0.00    0.15     5.76    0.00      0.00     0.00   0.00    0.00     0.00    0.00    0.00    0.01   0.50


avg-cpu:  %user   %nice %system %iowait  %steal   %idle
          19.71    0.00    3.65    0.17    0.00   76.47

Device            r/s     rkB/s   rrqm/s  %rrqm r_await rareq-sz     w/s     wkB/s   wrqm/s  %wrqm w_await wareq-sz     d/s     dkB/s   drqm/s  %drqm d_await dareq-sz     f/s f_await  aqu-sz  %util
nvme1n1p3        0.00      0.00     0.00   0.00    0.00     0.00   88.00    428.00     0.00   0.00    0.15     4.86    0.00      0.00     0.00   0.00    0.00     0.00    0.00    0.00    0.01   1.30
nvme1n1p4        0.00      0.00     0.00   0.00    0.00     0.00   84.00    424.00     0.00   0.00    0.15     5.05    0.00      0.00     0.00   0.00    0.00     0.00    0.00    0.00    0.01   1.40
nvme1n1p5        0.00      0.00     0.00   0.00    0.00     0.00   92.00    440.00     0.00   0.00    0.14     4.78    0.00      0.00     0.00   0.00    0.00     0.00    0.00    0.00    0.01   1.20


avg-cpu:  %user   %nice %system %iowait  %steal   %idle
          21.18    0.00    4.79    0.17    0.00   73.87

Device            r/s     rkB/s   rrqm/s  %rrqm r_await rareq-sz     w/s     wkB/s   wrqm/s  %wrqm w_await wareq-sz     d/s     dkB/s   drqm/s  %drqm d_await dareq-sz     f/s f_await  aqu-sz  %util
nvme1n1p3        0.00      0.00     0.00   0.00    0.00     0.00   40.00    200.00     0.00   0.00    0.10     5.00    0.00      0.00     0.00   0.00    0.00     0.00    0.00    0.00    0.00   0.80
nvme1n1p4        0.00      0.00     0.00   0.00    0.00     0.00   67.00    404.00     0.00   0.00    0.09     6.03    0.00      0.00     0.00   0.00    0.00     0.00    0.00    0.00    0.01   0.20
nvme1n1p5        1.00     32.00     0.00   0.00    0.00    32.00   40.00    200.00     0.00   0.00    0.12     5.00    0.00      0.00     0.00   0.00    0.00     0.00    0.00    0.00    0.00   0.30


avg-cpu:  %user   %nice %system %iowait  %steal   %idle
          20.64    0.00    3.86    0.17    0.00   75.34

Device            r/s     rkB/s   rrqm/s  %rrqm r_await rareq-sz     w/s     wkB/s   wrqm/s  %wrqm w_await wareq-sz     d/s     dkB/s   drqm/s  %drqm d_await dareq-sz     f/s f_await  aqu-sz  %util
nvme1n1p3        0.00      0.00     0.00   0.00    0.00     0.00  104.00    604.00     0.00   0.00    0.09     5.81    0.00      0.00     0.00   0.00    0.00     0.00    0.00    0.00    0.01   0.40
nvme1n1p4        0.00      0.00     0.00   0.00    0.00     0.00   72.00    356.00     0.00   0.00    0.11     4.94    0.00      0.00     0.00   0.00    0.00     0.00    0.00    0.00    0.01   0.70
nvme1n1p5        0.00      0.00     0.00   0.00    0.00     0.00  108.00    616.00     0.00   0.00    0.08     5.70    0.00      0.00     0.00   0.00    0.00     0.00    0.00    0.00    0.01   1.10


avg-cpu:  %user   %nice %system %iowait  %steal   %idle
          17.48    0.00    2.14    0.17    0.00   80.21

Device            r/s     rkB/s   rrqm/s  %rrqm r_await rareq-sz     w/s     wkB/s   wrqm/s  %wrqm w_await wareq-sz     d/s     dkB/s   drqm/s  %drqm d_await dareq-sz     f/s f_await  aqu-sz  %util
nvme1n1p3        0.00      0.00     0.00   0.00    0.00     0.00   28.00    108.00     0.00   0.00    0.21     3.86    0.00      0.00     0.00   0.00    0.00     0.00    0.00    0.00    0.01   0.50
nvme1n1p4        0.00      0.00     0.00   0.00    0.00     0.00   28.00    108.00     0.00   0.00    0.18     3.86    0.00      0.00     0.00   0.00    0.00     0.00    0.00    0.00    0.01   0.70
nvme1n1p5        0.00      0.00     0.00   0.00    0.00     0.00   28.00    108.00     0.00   0.00    0.21     3.86    0.00      0.00     0.00   0.00    0.00     0.00    0.00    0.00    0.01   0.50


avg-cpu:  %user   %nice %system %iowait  %steal   %idle
          49.09    0.00   13.38    0.17    0.00   37.36

Device            r/s     rkB/s   rrqm/s  %rrqm r_await rareq-sz     w/s     wkB/s   wrqm/s  %wrqm w_await wareq-sz     d/s     dkB/s   drqm/s  %drqm d_await dareq-sz     f/s f_await  aqu-sz  %util
nvme1n1p3     4199.00 454016.00     0.00   0.00    0.34   108.12   44.00    168.00     0.00   0.00    0.18     3.82    0.00      0.00     0.00   0.00    0.00     0.00    0.00    0.00    1.42  18.70
nvme1n1p4     3324.00 364544.00     0.00   0.00    0.38   109.67   65.00    364.00     0.00   0.00    0.14     5.60    0.00      0.00     0.00   0.00    0.00     0.00    0.00    0.00    1.26  16.00
nvme1n1p5     5238.00 580288.00     2.00   0.04    0.33   110.78   48.00    176.00     0.00   0.00    0.17     3.67    0.00      0.00     0.00   0.00    0.00     0.00    0.00    0.00    1.73  24.20


avg-cpu:  %user   %nice %system %iowait  %steal   %idle
          48.27    0.00   14.45    0.17    0.00   37.11

Device            r/s     rkB/s   rrqm/s  %rrqm r_await rareq-sz     w/s     wkB/s   wrqm/s  %wrqm w_await wareq-sz     d/s     dkB/s   drqm/s  %drqm d_await dareq-sz     f/s f_await  aqu-sz  %util
nvme1n1p3     4803.00 547456.00     1.00   0.02    0.40   113.98   91.00    556.00     0.00   0.00    0.16     6.11    0.00      0.00     0.00   0.00    0.00     0.00    0.00    0.00    1.96  21.10
nvme1n1p4     4286.00 485376.00     1.00   0.02    0.39   113.25   80.00    364.00     0.00   0.00    0.17     4.55    0.00      0.00     0.00   0.00    0.00     0.00    0.00    0.00    1.69  19.00
nvme1n1p5     5808.00 662848.00     2.00   0.03    0.39   114.13  117.00    624.00     0.00   0.00    0.15     5.33    0.00      0.00     0.00   0.00    0.00     0.00    0.00    0.00    2.29  24.90


avg-cpu:  %user   %nice %system %iowait  %steal   %idle
          58.75    0.00   14.67    0.09    0.00   26.50

Device            r/s     rkB/s   rrqm/s  %rrqm r_await rareq-sz     w/s     wkB/s   wrqm/s  %wrqm w_await wareq-sz     d/s     dkB/s   drqm/s  %drqm d_await dareq-sz     f/s f_await  aqu-sz  %util
nvme1n1p3     4844.00 577024.00     0.00   0.00    0.30   119.12   44.00    160.00     0.00   0.00    0.20     3.64    0.00      0.00     0.00   0.00    0.00     0.00    0.00    0.00    1.47  22.50
nvme1n1p4     3988.00 480256.00     1.00   0.03    0.30   120.43   44.00    164.00     0.00   0.00    0.18     3.73    0.00      0.00     0.00   0.00    0.00     0.00    0.00    0.00    1.19  18.90
nvme1n1p5     6201.00 733184.00     0.00   0.00    0.29   118.24   36.00    148.00     0.00   0.00    0.19     4.11    0.00      0.00     0.00   0.00    0.00     0.00    0.00    0.00    1.79  26.20


avg-cpu:  %user   %nice %system %iowait  %steal   %idle
          48.11    0.00   15.27    0.17    0.00   36.45

Device            r/s     rkB/s   rrqm/s  %rrqm r_await rareq-sz     w/s     wkB/s   wrqm/s  %wrqm w_await wareq-sz     d/s     dkB/s   drqm/s  %drqm d_await dareq-sz     f/s f_await  aqu-sz  %util
nvme1n1p3     4630.00 525824.00     0.00   0.00    0.48   113.57   28.00    132.00     0.00   0.00    0.25     4.71    0.00      0.00     0.00   0.00    0.00     0.00    0.00    0.00    2.21  19.20
nvme1n1p4     4123.00 459776.00     1.00   0.02    0.47   111.51   53.00    348.00     0.00   0.00    0.13     6.57    0.00      0.00     0.00   0.00    0.00     0.00    0.00    0.00    1.96  17.20
nvme1n1p5     5597.00 638976.00     1.00   0.02    0.47   114.16   24.00    128.00     0.00   0.00    0.17     5.33    0.00      0.00     0.00   0.00    0.00     0.00    0.00    0.00    2.65  23.70


avg-cpu:  %user   %nice %system %iowait  %steal   %idle
          45.34    0.00   14.71    0.26    0.00   39.69

Device            r/s     rkB/s   rrqm/s  %rrqm r_await rareq-sz     w/s     wkB/s   wrqm/s  %wrqm w_await wareq-sz     d/s     dkB/s   drqm/s  %drqm d_await dareq-sz     f/s f_await  aqu-sz  %util
nvme1n1p3     4812.00 519168.00     1.00   0.02    0.52   107.89  111.00    480.00     0.00   0.00    0.14     4.32    0.00      0.00     0.00   0.00    0.00     0.00    0.00    0.00    2.52  17.60
nvme1n1p4     3621.00 393216.00     0.00   0.00    0.54   108.59   80.00    312.00     0.00   0.00    0.23     3.90    0.00      0.00     0.00   0.00    0.00     0.00    0.00    0.00    1.97  14.30
nvme1n1p5     6145.00 675840.00     5.00   0.08    0.50   109.98  108.00    460.00     0.00   0.00    0.18     4.26    0.00      0.00     0.00   0.00    0.00     0.00    0.00    0.00    3.12  20.90


avg-cpu:  %user   %nice %system %iowait  %steal   %idle
          44.52    0.00   15.53    0.09    0.00   39.86

Device            r/s     rkB/s   rrqm/s  %rrqm r_await rareq-sz     w/s     wkB/s   wrqm/s  %wrqm w_await wareq-sz     d/s     dkB/s   drqm/s  %drqm d_await dareq-sz     f/s f_await  aqu-sz  %util
nvme1n1p3     5210.00 592896.00     1.00   0.02    0.37   113.80   48.00    212.00     0.00   0.00    0.19     4.42    0.00      0.00     0.00   0.00    0.00     0.00    0.00    0.00    1.94  22.70
nvme1n1p4     4650.00 524288.00     1.00   0.02    0.40   112.75   52.00    220.00     0.00   0.00    0.19     4.23    0.00      0.00     0.00   0.00    0.00     0.00    0.00    0.00    1.85  19.80
nvme1n1p5     6362.00 733184.00     0.00   0.00    0.37   115.24   52.00    220.00     0.00   0.00    0.15     4.23    0.00      0.00     0.00   0.00    0.00     0.00    0.00    0.00    2.38  24.70


avg-cpu:  %user   %nice %system %iowait  %steal   %idle
          43.39    0.00   14.92    0.26    0.00   41.43

Device            r/s     rkB/s   rrqm/s  %rrqm r_await rareq-sz     w/s     wkB/s   wrqm/s  %wrqm w_await wareq-sz     d/s     dkB/s   drqm/s  %drqm d_await dareq-sz     f/s f_await  aqu-sz  %util
nvme1n1p3     4701.00 517120.00     2.00   0.04    0.52   110.00   92.00    392.00     0.00   0.00    0.14     4.26    0.00      0.00     0.00   0.00    0.00     0.00    0.00    0.00    2.44  18.60
nvme1n1p4     4183.00 454656.00     0.00   0.00    0.49   108.69  114.00    624.00     0.00   0.00    0.14     5.47    0.00      0.00     0.00   0.00    0.00     0.00    0.00    0.00    2.08  17.20
nvme1n1p5     5984.00 668672.00     1.00   0.02    0.52   111.74   92.00    396.00     0.00   0.00    0.14     4.30    0.00      0.00     0.00   0.00    0.00     0.00    0.00    0.00    3.13  22.10


avg-cpu:  %user   %nice %system %iowait  %steal   %idle
          62.70    0.00   12.32    0.08    0.00   24.89

Device            r/s     rkB/s   rrqm/s  %rrqm r_await rareq-sz     w/s     wkB/s   wrqm/s  %wrqm w_await wareq-sz     d/s     dkB/s   drqm/s  %drqm d_await dareq-sz     f/s f_await  aqu-sz  %util
nvme1n1p3     3872.00 441344.00     0.00   0.00    0.38   113.98   50.00    392.00     0.00   0.00    0.12     7.84    0.00      0.00     0.00   0.00    0.00     0.00    0.00    0.00    1.46  16.20
nvme1n1p4     3448.00 389120.00     0.00   0.00    0.38   112.85   28.00    136.00     0.00   0.00    0.14     4.86    0.00      0.00     0.00   0.00    0.00     0.00    0.00    0.00    1.32  13.80
nvme1n1p5     4736.00 539648.00     4.00   0.08    0.39   113.95   49.00    376.00     0.00   0.00    0.10     7.67    0.00      0.00     0.00   0.00    0.00     0.00    0.00    0.00    1.86  19.90


avg-cpu:  %user   %nice %system %iowait  %steal   %idle
          47.91    0.00   15.23    0.17    0.00   36.68

Device            r/s     rkB/s   rrqm/s  %rrqm r_await rareq-sz     w/s     wkB/s   wrqm/s  %wrqm w_await wareq-sz     d/s     dkB/s   drqm/s  %drqm d_await dareq-sz     f/s f_await  aqu-sz  %util
nvme1n1p3     4849.00 549888.00     3.00   0.06    0.42   113.40   92.00    380.00     0.00   0.00    0.14     4.13    0.00      0.00     0.00   0.00    0.00     0.00    0.00    0.00    2.05  19.50
nvme1n1p4     4284.00 483328.00     0.00   0.00    0.36   112.82   92.00    380.00     0.00   0.00    0.15     4.13    0.00      0.00     0.00   0.00    0.00     0.00    0.00    0.00    1.56  18.90
nvme1n1p5     5990.00 690176.00     2.00   0.03    0.47   115.22  100.00    400.00     0.00   0.00    0.12     4.00    0.00      0.00     0.00   0.00    0.00     0.00    0.00    0.00    2.80  23.10


avg-cpu:  %user   %nice %system %iowait  %steal   %idle
          50.25    0.00   15.59    0.08    0.00   34.07

Device            r/s     rkB/s   rrqm/s  %rrqm r_await rareq-sz     w/s     wkB/s   wrqm/s  %wrqm w_await wareq-sz     d/s     dkB/s   drqm/s  %drqm d_await dareq-sz     f/s f_await  aqu-sz  %util
nvme1n1p3     5129.00 599808.00     0.00   0.00    0.32   116.94   36.00    180.00     0.00   0.00    0.14     5.00    0.00      0.00     0.00   0.00    0.00     0.00    0.00    0.00    1.65  22.30
nvme1n1p4     4101.00 483328.00     0.00   0.00    0.34   117.86   63.00    392.00     0.00   0.00    0.10     6.22    0.00      0.00     0.00   0.00    0.00     0.00    0.00    0.00    1.40  18.40
nvme1n1p5     6584.00 761856.00     0.00   0.00    0.33   115.71   40.00    188.00     0.00   0.00    0.15     4.70    0.00      0.00     0.00   0.00    0.00     0.00    0.00    0.00    2.16  27.10


avg-cpu:  %user   %nice %system %iowait  %steal   %idle
          46.12    0.00   14.31    0.17    0.00   39.40

Device            r/s     rkB/s   rrqm/s  %rrqm r_await rareq-sz     w/s     wkB/s   wrqm/s  %wrqm w_await wareq-sz     d/s     dkB/s   drqm/s  %drqm d_await dareq-sz     f/s f_await  aqu-sz  %util
nvme1n1p3     4848.00 546176.00     1.00   0.02    0.40   112.66   80.00    372.00     0.00   0.00    0.10     4.65    0.00      0.00     0.00   0.00    0.00     0.00    0.00    0.00    1.96  21.70
nvme1n1p4     4141.00 471040.00     1.00   0.02    0.43   113.75   64.00    232.00     0.00   0.00    0.17     3.62    0.00      0.00     0.00   0.00    0.00     0.00    0.00    0.00    1.78  18.80
nvme1n1p5     6321.00 714048.00     0.00   0.00    0.43   112.96   80.00    364.00     0.00   0.00    0.12     4.55    0.00      0.00     0.00   0.00    0.00     0.00    0.00    0.00    2.71  25.90


avg-cpu:  %user   %nice %system %iowait  %steal   %idle
          43.60    0.00   13.93    0.26    0.00   42.21

Device            r/s     rkB/s   rrqm/s  %rrqm r_await rareq-sz     w/s     wkB/s   wrqm/s  %wrqm w_await wareq-sz     d/s     dkB/s   drqm/s  %drqm d_await dareq-sz     f/s f_await  aqu-sz  %util
nvme1n1p3     5089.00 556736.00     0.00   0.00    0.50   109.40   80.00    380.00     0.00   0.00    0.19     4.75    0.00      0.00     0.00   0.00    0.00     0.00    0.00    0.00    2.55  19.70
nvme1n1p4     4356.00 482304.00     0.00   0.00    0.53   110.72   80.00    384.00     0.00   0.00    0.17     4.80    0.00      0.00     0.00   0.00    0.00     0.00    0.00    0.00    2.32  18.80
nvme1n1p5     6325.00 698752.00     1.00   0.02    0.50   110.47   80.00    384.00     0.00   0.00    0.16     4.80    0.00      0.00     0.00   0.00    0.00     0.00    0.00    0.00    3.15  23.00


avg-cpu:  %user   %nice %system %iowait  %steal   %idle
          48.87    0.00   15.16    0.09    0.00   35.89

Device            r/s     rkB/s   rrqm/s  %rrqm r_await rareq-sz     w/s     wkB/s   wrqm/s  %wrqm w_await wareq-sz     d/s     dkB/s   drqm/s  %drqm d_await dareq-sz     f/s f_await  aqu-sz  %util
nvme1n1p3     4930.00 575424.00     0.00   0.00    0.37   116.72   40.00    148.00     0.00   0.00    0.17     3.70    0.00      0.00     0.00   0.00    0.00     0.00    0.00    0.00    1.81  23.40
nvme1n1p4     4377.00 508928.00     1.00   0.02    0.35   116.27   61.00    328.00     0.00   0.00    0.10     5.38    0.00      0.00     0.00   0.00    0.00     0.00    0.00    0.00    1.53  19.40
nvme1n1p5     6288.00 729408.00     1.00   0.02    0.36   116.00   40.00    148.00     0.00   0.00    0.17     3.70    0.00      0.00     0.00   0.00    0.00     0.00    0.00    0.00    2.30  25.30


avg-cpu:  %user   %nice %system %iowait  %steal   %idle
          47.16    0.00   13.77    0.09    0.00   38.98

Device            r/s     rkB/s   rrqm/s  %rrqm r_await rareq-sz     w/s     wkB/s   wrqm/s  %wrqm w_await wareq-sz     d/s     dkB/s   drqm/s  %drqm d_await dareq-sz     f/s f_await  aqu-sz  %util
nvme1n1p3     4769.00 540032.00     2.00   0.04    0.40   113.24   38.00    256.00     0.00   0.00    0.08     6.74    0.00      0.00     0.00   0.00    0.00     0.00    0.00    0.00    1.93  17.80
nvme1n1p4     4090.00 454656.00     3.00   0.07    0.42   111.16   24.00     84.00     0.00   0.00    0.17     3.50    0.00      0.00     0.00   0.00    0.00     0.00    0.00    0.00    1.71  17.50
nvme1n1p5     5905.00 675840.00     1.00   0.02    0.41   114.45   39.00    248.00     0.00   0.00    0.08     6.36    0.00      0.00     0.00   0.00    0.00     0.00    0.00    0.00    2.45  23.70


avg-cpu:  %user   %nice %system %iowait  %steal   %idle
          50.09    0.00   15.66    0.17    0.00   34.08

Device            r/s     rkB/s   rrqm/s  %rrqm r_await rareq-sz     w/s     wkB/s   wrqm/s  %wrqm w_await wareq-sz     d/s     dkB/s   drqm/s  %drqm d_await dareq-sz     f/s f_await  aqu-sz  %util
nvme1n1p3     4878.00 558976.00     0.00   0.00    0.39   114.59   76.00    344.00     0.00   0.00    0.14     4.53    0.00      0.00     0.00   0.00    0.00     0.00    0.00    0.00    1.90  20.30
nvme1n1p4     4216.00 488832.00     0.00   0.00    0.39   115.95   72.00    336.00     0.00   0.00    0.15     4.67    0.00      0.00     0.00   0.00    0.00     0.00    0.00    0.00    1.65  20.00
nvme1n1p5     5965.00 688896.00     1.00   0.02    0.37   115.49   72.00    340.00     0.00   0.00    0.14     4.72    0.00      0.00     0.00   0.00    0.00     0.00    0.00    0.00    2.22  27.50


avg-cpu:  %user   %nice %system %iowait  %steal   %idle
          54.79    0.00   14.98    0.17    0.00   30.05

Device            r/s     rkB/s   rrqm/s  %rrqm r_await rareq-sz     w/s     wkB/s   wrqm/s  %wrqm w_await wareq-sz     d/s     dkB/s   drqm/s  %drqm d_await dareq-sz     f/s f_await  aqu-sz  %util
nvme1n1p3     4637.00 525440.00     1.00   0.02    0.38   113.31   28.00    116.00     0.00   0.00    0.11     4.14    0.00      0.00     0.00   0.00    0.00     0.00    0.00    0.00    1.75  19.30
nvme1n1p4     3877.00 436864.00     2.00   0.05    0.42   112.68   43.00    276.00     0.00   0.00    0.14     6.42    0.00      0.00     0.00   0.00    0.00     0.00    0.00    0.00    1.63  17.90
nvme1n1p5     6105.00 691456.00     2.00   0.03    0.43   113.26   32.00    124.00     0.00   0.00    0.12     3.88    0.00      0.00     0.00   0.00    0.00     0.00    0.00    0.00    2.62  24.30


avg-cpu:  %user   %nice %system %iowait  %steal   %idle
          48.58    0.00   14.57    0.17    0.00   36.68

Device            r/s     rkB/s   rrqm/s  %rrqm r_await rareq-sz     w/s     wkB/s   wrqm/s  %wrqm w_await wareq-sz     d/s     dkB/s   drqm/s  %drqm d_await dareq-sz     f/s f_await  aqu-sz  %util
nvme1n1p3     5023.00 566080.00     0.00   0.00    0.44   112.70  108.00    596.00     0.00   0.00    0.11     5.52    0.00      0.00     0.00   0.00    0.00     0.00    0.00    0.00    2.23  21.20
nvme1n1p4     4173.00 471040.00     1.00   0.02    0.48   112.88   84.00    372.00     0.00   0.00    0.12     4.43    0.00      0.00     0.00   0.00    0.00     0.00    0.00    0.00    2.00  19.30
nvme1n1p5     6181.00 698368.00     3.00   0.05    0.39   112.99  104.00    600.00     0.00   0.00    0.13     5.77    0.00      0.00     0.00   0.00    0.00     0.00    0.00    0.00    2.42  23.50


avg-cpu:  %user   %nice %system %iowait  %steal   %idle
          53.46    0.00   15.83    0.00    0.00   30.71

Device            r/s     rkB/s   rrqm/s  %rrqm r_await rareq-sz     w/s     wkB/s   wrqm/s  %wrqm w_await wareq-sz     d/s     dkB/s   drqm/s  %drqm d_await dareq-sz     f/s f_await  aqu-sz  %util
nvme1n1p3     4961.00 585024.00     1.00   0.02    0.31   117.92   16.00     64.00     0.00   0.00    0.25     4.00    0.00      0.00     0.00   0.00    0.00     0.00    0.00    0.00    1.55  23.20
nvme1n1p4     4258.00 504832.00     0.00   0.00    0.32   118.56   20.00     72.00     0.00   0.00    0.20     3.60    0.00      0.00     0.00   0.00    0.00     0.00    0.00    0.00    1.37  19.80
nvme1n1p5     6391.00 757056.00     2.00   0.03    0.32   118.46   16.00     64.00     0.00   0.00    0.12     4.00    0.00      0.00     0.00   0.00    0.00     0.00    0.00    0.00    2.04  29.20


avg-cpu:  %user   %nice %system %iowait  %steal   %idle
          44.01    0.00   14.90    0.26    0.00   40.84

Device            r/s     rkB/s   rrqm/s  %rrqm r_await rareq-sz     w/s     wkB/s   wrqm/s  %wrqm w_await wareq-sz     d/s     dkB/s   drqm/s  %drqm d_await dareq-sz     f/s f_await  aqu-sz  %util
nvme1n1p3     4914.00 539264.00     2.00   0.04    0.46   109.74   88.00    388.00     0.00   0.00    0.14     4.41    0.00      0.00     0.00   0.00    0.00     0.00    0.00    0.00    2.25  19.70
nvme1n1p4     4361.00 489472.00     1.00   0.02    0.46   112.24  103.00    592.00     0.00   0.00    0.15     5.75    0.00      0.00     0.00   0.00    0.00     0.00    0.00    0.00    2.02  18.60
nvme1n1p5     6144.00 684608.00     2.00   0.03    0.52   111.43   84.00    384.00     0.00   0.00    0.15     4.57    0.00      0.00     0.00   0.00    0.00     0.00    0.00    0.00    3.19  24.00


avg-cpu:  %user   %nice %system %iowait  %steal   %idle
          48.24    0.00   14.57    0.17    0.00   37.02

Device            r/s     rkB/s   rrqm/s  %rrqm r_await rareq-sz     w/s     wkB/s   wrqm/s  %wrqm w_await wareq-sz     d/s     dkB/s   drqm/s  %drqm d_await dareq-sz     f/s f_await  aqu-sz  %util
nvme1n1p3     5126.00 585792.00     2.00   0.04    0.40   114.28  103.00    584.00     0.00   0.00    0.10     5.67    0.00      0.00     0.00   0.00    0.00     0.00    0.00    0.00    2.06  21.80
nvme1n1p4     4317.00 496640.00     0.00   0.00    0.39   115.04   80.00    364.00     0.00   0.00    0.14     4.55    0.00      0.00     0.00   0.00    0.00     0.00    0.00    0.00    1.69  19.40
nvme1n1p5     6312.00 723072.00     2.00   0.03    0.43   114.56  114.00    612.00     0.00   0.00    0.11     5.37    0.00      0.00     0.00   0.00    0.00     0.00    0.00    0.00    2.71  24.80


avg-cpu:  %user   %nice %system %iowait  %steal   %idle
          47.41    0.00   15.18    0.08    0.00   37.32

Device            r/s     rkB/s   rrqm/s  %rrqm r_await rareq-sz     w/s     wkB/s   wrqm/s  %wrqm w_await wareq-sz     d/s     dkB/s   drqm/s  %drqm d_await dareq-sz     f/s f_await  aqu-sz  %util
nvme1n1p3     5377.00 605568.00     1.00   0.02    0.35   112.62   36.00    144.00     0.00   0.00    0.14     4.00    0.00      0.00     0.00   0.00    0.00     0.00    0.00    0.00    1.91  20.50
nvme1n1p4     4473.00 516096.00     0.00   0.00    0.33   115.38   36.00    144.00     0.00   0.00    0.14     4.00    0.00      0.00     0.00   0.00    0.00     0.00    0.00    0.00    1.49  18.80
nvme1n1p5     6624.00 763200.00     2.00   0.03    0.34   115.22   40.00    156.00     0.00   0.00    0.12     3.90    0.00      0.00     0.00   0.00    0.00     0.00    0.00    0.00    2.28  25.80


avg-cpu:  %user   %nice %system %iowait  %steal   %idle
          50.75    0.00   15.20    0.17    0.00   33.89

Device            r/s     rkB/s   rrqm/s  %rrqm r_await rareq-sz     w/s     wkB/s   wrqm/s  %wrqm w_await wareq-sz     d/s     dkB/s   drqm/s  %drqm d_await dareq-sz     f/s f_await  aqu-sz  %util
nvme1n1p3     5130.00 588864.00     0.00   0.00    0.36   114.79   64.00    272.00     0.00   0.00    0.17     4.25    0.00      0.00     0.00   0.00    0.00     0.00    0.00    0.00    1.87  22.70
nvme1n1p4     4437.00 512000.00     0.00   0.00    0.38   115.39   91.00    456.00     0.00   0.00    0.11     5.01    0.00      0.00     0.00   0.00    0.00     0.00    0.00    0.00    1.70  19.80
nvme1n1p5     6348.00 733888.00     0.00   0.00    0.38   115.61   64.00    276.00     0.00   0.00    0.16     4.31    0.00      0.00     0.00   0.00    0.00     0.00    0.00    0.00    2.42  28.70


avg-cpu:  %user   %nice %system %iowait  %steal   %idle
          47.83    0.00   14.75    0.17    0.00   37.25

Device            r/s     rkB/s   rrqm/s  %rrqm r_await rareq-sz     w/s     wkB/s   wrqm/s  %wrqm w_await wareq-sz     d/s     dkB/s   drqm/s  %drqm d_await dareq-sz     f/s f_await  aqu-sz  %util
nvme1n1p3     5278.00 598592.00     1.00   0.02    0.37   113.41   64.00    312.00     0.00   0.00    0.14     4.88    0.00      0.00     0.00   0.00    0.00     0.00    0.00    0.00    1.97  23.60
nvme1n1p4     4376.00 503808.00     1.00   0.02    0.36   115.13   36.00    148.00     0.00   0.00    0.25     4.11    0.00      0.00     0.00   0.00    0.00     0.00    0.00    0.00    1.59  18.30
nvme1n1p5     6304.00 731136.00     3.00   0.05    0.38   115.98   58.00    292.00     0.00   0.00    0.19     5.03    0.00      0.00     0.00   0.00    0.00     0.00    0.00    0.00    2.42  26.70


avg-cpu:  %user   %nice %system %iowait  %steal   %idle
          58.00    0.00   12.48    0.09    0.00   29.43

Device            r/s     rkB/s   rrqm/s  %rrqm r_await rareq-sz     w/s     wkB/s   wrqm/s  %wrqm w_await wareq-sz     d/s     dkB/s   drqm/s  %drqm d_await dareq-sz     f/s f_await  aqu-sz  %util
nvme1n1p3     4585.00 523392.00     0.00   0.00    0.36   114.15   16.00     64.00     0.00   0.00    0.19     4.00    0.00      0.00     0.00   0.00    0.00     0.00    0.00    0.00    1.67  17.50
nvme1n1p4     3641.00 417792.00     3.00   0.08    0.41   114.75   20.00     76.00     0.00   0.00    0.20     3.80    0.00      0.00     0.00   0.00    0.00     0.00    0.00    0.00    1.51  14.50
nvme1n1p5     6167.00 697344.00     0.00   0.00    0.40   113.08   16.00     68.00     0.00   0.00    0.06     4.25    0.00      0.00     0.00   0.00    0.00     0.00    0.00    0.00    2.46  24.20


avg-cpu:  %user   %nice %system %iowait  %steal   %idle
          60.14    0.00   13.29    0.17    0.00   26.40

Device            r/s     rkB/s   rrqm/s  %rrqm r_await rareq-sz     w/s     wkB/s   wrqm/s  %wrqm w_await wareq-sz     d/s     dkB/s   drqm/s  %drqm d_await dareq-sz     f/s f_await  aqu-sz  %util
nvme1n1p3     4576.00 529664.00     0.00   0.00    0.33   115.75   88.00    360.00     0.00   0.00    0.12     4.09    0.00      0.00     0.00   0.00    0.00     0.00    0.00    0.00    1.52  21.90
nvme1n1p4     3940.00 462848.00     0.00   0.00    0.32   117.47  109.00    544.00     0.00   0.00    0.14     4.99    0.00      0.00     0.00   0.00    0.00     0.00    0.00    0.00    1.29  19.70
nvme1n1p5     5717.00 666624.00     2.00   0.03    0.33   116.60   80.00    344.00     0.00   0.00    0.14     4.30    0.00      0.00     0.00   0.00    0.00     0.00    0.00    0.00    1.91  26.00


avg-cpu:  %user   %nice %system %iowait  %steal   %idle
          62.04    0.00   13.02    0.09    0.00   24.85

Device            r/s     rkB/s   rrqm/s  %rrqm r_await rareq-sz     w/s     wkB/s   wrqm/s  %wrqm w_await wareq-sz     d/s     dkB/s   drqm/s  %drqm d_await dareq-sz     f/s f_await  aqu-sz  %util
nvme1n1p3     4360.00 506816.00     2.00   0.05    0.33   116.24   56.00    292.00     0.00   0.00    0.09     5.21    0.00      0.00     0.00   0.00    0.00     0.00    0.00    0.00    1.44  17.80
nvme1n1p4     3870.00 450240.00     0.00   0.00    0.36   116.34   40.00    160.00     0.00   0.00    0.17     4.00    0.00      0.00     0.00   0.00    0.00     0.00    0.00    0.00    1.39  16.80
nvme1n1p5     5437.00 635904.00     1.00   0.02    0.32   116.96   58.00    292.00     0.00   0.00    0.14     5.03    0.00      0.00     0.00   0.00    0.00     0.00    0.00    0.00    1.76  22.60


avg-cpu:  %user   %nice %system %iowait  %steal   %idle
          61.42    0.00   13.43    0.09    0.00   25.06

Device            r/s     rkB/s   rrqm/s  %rrqm r_await rareq-sz     w/s     wkB/s   wrqm/s  %wrqm w_await wareq-sz     d/s     dkB/s   drqm/s  %drqm d_await dareq-sz     f/s f_await  aqu-sz  %util
nvme1n1p3     4512.00 527488.00     0.00   0.00    0.35   116.91   84.00    368.00     0.00   0.00    0.17     4.38    0.00      0.00     0.00   0.00    0.00     0.00    0.00    0.00    1.59  21.80
nvme1n1p4     3891.00 453952.00     0.00   0.00    0.37   116.67   80.00    364.00     0.00   0.00    0.16     4.55    0.00      0.00     0.00   0.00    0.00     0.00    0.00    0.00    1.44  17.40
nvme1n1p5     5525.00 650240.00     0.00   0.00    0.38   117.69   80.00    364.00     0.00   0.00    0.16     4.55    0.00      0.00     0.00   0.00    0.00     0.00    0.00    0.00    2.09  22.00


avg-cpu:  %user   %nice %system %iowait  %steal   %idle
          61.24    0.00   13.44    0.17    0.00   25.15

Device            r/s     rkB/s   rrqm/s  %rrqm r_await rareq-sz     w/s     wkB/s   wrqm/s  %wrqm w_await wareq-sz     d/s     dkB/s   drqm/s  %drqm d_await dareq-sz     f/s f_await  aqu-sz  %util
nvme1n1p3     4304.00 495168.00     0.00   0.00    0.35   115.05   56.00    240.00     0.00   0.00    0.14     4.29    0.00      0.00     0.00   0.00    0.00     0.00    0.00    0.00    1.53  17.20
nvme1n1p4     3508.00 409344.00     0.00   0.00    0.36   116.69   85.00    428.00     0.00   0.00    0.13     5.04    0.00      0.00     0.00   0.00    0.00     0.00    0.00    0.00    1.28  15.90
nvme1n1p5     5609.00 650368.00     1.00   0.02    0.35   115.95   56.00    244.00     0.00   0.00    0.16     4.36    0.00      0.00     0.00   0.00    0.00     0.00    0.00    0.00    2.00  22.30


avg-cpu:  %user   %nice %system %iowait  %steal   %idle
          61.38    0.00   13.71    0.09    0.00   24.83

Device            r/s     rkB/s   rrqm/s  %rrqm r_await rareq-sz     w/s     wkB/s   wrqm/s  %wrqm w_await wareq-sz     d/s     dkB/s   drqm/s  %drqm d_await dareq-sz     f/s f_await  aqu-sz  %util
nvme1n1p3     4708.00 539648.00     1.00   0.02    0.33   114.62   97.00    496.00     0.00   0.00    0.10     5.11    0.00      0.00     0.00   0.00    0.00     0.00    0.00    0.00    1.55  19.70
nvme1n1p4     3828.00 445696.00     1.00   0.03    0.35   116.43   68.00    276.00     0.00   0.00    0.16     4.06    0.00      0.00     0.00   0.00    0.00     0.00    0.00    0.00    1.36  18.50
nvme1n1p5     5729.00 659264.00     3.00   0.05    0.36   115.07   95.00    496.00     0.00   0.00    0.11     5.22    0.00      0.00     0.00   0.00    0.00     0.00    0.00    0.00    2.08  23.50


avg-cpu:  %user   %nice %system %iowait  %steal   %idle
          51.76    0.00   14.88    0.26    0.00   33.10

Device            r/s     rkB/s   rrqm/s  %rrqm r_await rareq-sz     w/s     wkB/s   wrqm/s  %wrqm w_await wareq-sz     d/s     dkB/s   drqm/s  %drqm d_await dareq-sz     f/s f_await  aqu-sz  %util
nvme1n1p3     4792.00 533632.00     2.00   0.04    0.42   111.36   76.00    344.00     0.00   0.00    0.24     4.53    0.00      0.00     0.00   0.00    0.00     0.00    0.00    0.00    2.04  21.60
nvme1n1p4     4214.00 481280.00     1.00   0.02    0.40   114.21   80.00    356.00     0.00   0.00    0.20     4.45    0.00      0.00     0.00   0.00    0.00     0.00    0.00    0.00    1.69  18.20
nvme1n1p5     5936.00 676928.00     1.00   0.02    0.44   114.04   84.00    364.00     0.00   0.00    0.21     4.33    0.00      0.00     0.00   0.00    0.00     0.00    0.00    0.00    2.60  23.70


avg-cpu:  %user   %nice %system %iowait  %steal   %idle
          54.46    0.00   14.03    0.09    0.00   31.43

Device            r/s     rkB/s   rrqm/s  %rrqm r_await rareq-sz     w/s     wkB/s   wrqm/s  %wrqm w_await wareq-sz     d/s     dkB/s   drqm/s  %drqm d_await dareq-sz     f/s f_await  aqu-sz  %util
nvme1n1p3     4942.00 565056.00     0.00   0.00    0.37   114.34   36.00    144.00     0.00   0.00    0.17     4.00    0.00      0.00     0.00   0.00    0.00     0.00    0.00    0.00    1.82  21.40
nvme1n1p4     4216.00 487424.00     2.00   0.05    0.33   115.61   56.00    356.00     0.00   0.00    0.14     6.36    0.00      0.00     0.00   0.00    0.00     0.00    0.00    0.00    1.40  17.80
nvme1n1p5     6203.00 721920.00     2.00   0.03    0.37   116.38   32.00    140.00     0.00   0.00    0.19     4.38    0.00      0.00     0.00   0.00    0.00     0.00    0.00    0.00    2.28  22.50


avg-cpu:  %user   %nice %system %iowait  %steal   %idle
          48.57    0.00   13.81    0.09    0.00   37.53

Device            r/s     rkB/s   rrqm/s  %rrqm r_await rareq-sz     w/s     wkB/s   wrqm/s  %wrqm w_await wareq-sz     d/s     dkB/s   drqm/s  %drqm d_await dareq-sz     f/s f_await  aqu-sz  %util
nvme1n1p3     5011.00 572672.00     0.00   0.00    0.41   114.28   70.00    388.00     0.00   0.00    0.13     5.54    0.00      0.00     0.00   0.00    0.00     0.00    0.00    0.00    2.05  21.40
nvme1n1p4     4165.00 480256.00     1.00   0.02    0.39   115.31   52.00    224.00     0.00   0.00    0.15     4.31    0.00      0.00     0.00   0.00    0.00     0.00    0.00    0.00    1.62  19.00
nvme1n1p5     6422.00 727040.00     1.00   0.02    0.38   113.21   73.00    432.00     0.00   0.00    0.12     5.92    0.00      0.00     0.00   0.00    0.00     0.00    0.00    0.00    2.46  24.00


avg-cpu:  %user   %nice %system %iowait  %steal   %idle
          57.22    0.00   15.21    0.09    0.00   27.48

Device            r/s     rkB/s   rrqm/s  %rrqm r_await rareq-sz     w/s     wkB/s   wrqm/s  %wrqm w_await wareq-sz     d/s     dkB/s   drqm/s  %drqm d_await dareq-sz     f/s f_await  aqu-sz  %util
nvme1n1p3     4856.00 573824.00     0.00   0.00    0.33   118.17   44.00    172.00     0.00   0.00    0.14     3.91    0.00      0.00     0.00   0.00    0.00     0.00    0.00    0.00    1.61  23.40
nvme1n1p4     4309.00 513024.00     0.00   0.00    0.31   119.06   44.00    172.00     0.00   0.00    0.11     3.91    0.00      0.00     0.00   0.00    0.00     0.00    0.00    0.00    1.36  19.50
nvme1n1p5     6096.00 715392.00     0.00   0.00    0.31   117.35   44.00    172.00     0.00   0.00    0.16     3.91    0.00      0.00     0.00   0.00    0.00     0.00    0.00    0.00    1.91  26.30


avg-cpu:  %user   %nice %system %iowait  %steal   %idle
          58.49    0.00   14.38    0.09    0.00   27.04

Device            r/s     rkB/s   rrqm/s  %rrqm r_await rareq-sz     w/s     wkB/s   wrqm/s  %wrqm w_await wareq-sz     d/s     dkB/s   drqm/s  %drqm d_await dareq-sz     f/s f_await  aqu-sz  %util
nvme1n1p3     4849.00 568704.00     0.00   0.00    0.30   117.28   28.00    132.00     0.00   0.00    0.21     4.71    0.00      0.00     0.00   0.00    0.00     0.00    0.00    0.00    1.44  22.40
nvme1n1p4     3904.00 456704.00     1.00   0.03    0.32   116.98   43.00    300.00     0.00   0.00    0.19     6.98    0.00      0.00     0.00   0.00    0.00     0.00    0.00    0.00    1.24  17.80
nvme1n1p5     6062.00 711040.00     2.00   0.03    0.31   117.29   28.00    132.00     0.00   0.00    0.14     4.71    0.00      0.00     0.00   0.00    0.00     0.00    0.00    0.00    1.85  24.50


avg-cpu:  %user   %nice %system %iowait  %steal   %idle
          50.04    0.00   14.41    0.17    0.00   35.38

Device            r/s     rkB/s   rrqm/s  %rrqm r_await rareq-sz     w/s     wkB/s   wrqm/s  %wrqm w_await wareq-sz     d/s     dkB/s   drqm/s  %drqm d_await dareq-sz     f/s f_await  aqu-sz  %util
nvme1n1p3     4809.00 532032.00     0.00   0.00    0.43   110.63   86.00    440.00     0.00   0.00    0.13     5.12    0.00      0.00     0.00   0.00    0.00     0.00    0.00    0.00    2.10  18.60
nvme1n1p4     3963.00 446208.00     0.00   0.00    0.47   112.59   68.00    272.00     0.00   0.00    0.19     4.00    0.00      0.00     0.00   0.00    0.00     0.00    0.00    0.00    1.86  17.80
nvme1n1p5     5906.00 664576.00     0.00   0.00    0.51   112.53   83.00    392.00     0.00   0.00    0.13     4.72    0.00      0.00     0.00   0.00    0.00     0.00    0.00    0.00    3.02  24.20


avg-cpu:  %user   %nice %system %iowait  %steal   %idle
          46.35    0.00   16.06    0.09    0.00   37.50

Device            r/s     rkB/s   rrqm/s  %rrqm r_await rareq-sz     w/s     wkB/s   wrqm/s  %wrqm w_await wareq-sz     d/s     dkB/s   drqm/s  %drqm d_await dareq-sz     f/s f_await  aqu-sz  %util
nvme1n1p3     5226.00 601216.00     2.00   0.04    0.33   115.04   28.00    116.00     0.00   0.00    0.14     4.14    0.00      0.00     0.00   0.00    0.00     0.00    0.00    0.00    1.75  24.10
nvme1n1p4     4497.00 520448.00     0.00   0.00    0.33   115.73   28.00    116.00     0.00   0.00    0.14     4.14    0.00      0.00     0.00   0.00    0.00     0.00    0.00    0.00    1.50  19.80
nvme1n1p5     6862.00 791552.00     1.00   0.01    0.33   115.35   32.00    128.00     0.00   0.00    0.12     4.00    0.00      0.00     0.00   0.00    0.00     0.00    0.00    0.00    2.25  27.30


avg-cpu:  %user   %nice %system %iowait  %steal   %idle
          51.03    0.00   15.81    0.26    0.00   32.90

Device            r/s     rkB/s   rrqm/s  %rrqm r_await rareq-sz     w/s     wkB/s   wrqm/s  %wrqm w_await wareq-sz     d/s     dkB/s   drqm/s  %drqm d_await dareq-sz     f/s f_await  aqu-sz  %util
nvme1n1p3     5058.00 591488.00     1.00   0.02    0.33   116.94  104.00    452.00     0.00   0.00    0.15     4.35    0.00      0.00     0.00   0.00    0.00     0.00    0.00    0.00    1.69  22.60
nvme1n1p4     4374.00 516096.00     1.00   0.02    0.33   117.99  135.00    664.00     0.00   0.00    0.16     4.92    0.00      0.00     0.00   0.00    0.00     0.00    0.00    0.00    1.45  20.90
nvme1n1p5     6397.00 731136.00     2.00   0.03    0.32   114.29  104.00    452.00     0.00   0.00    0.13     4.35    0.00      0.00     0.00   0.00    0.00     0.00    0.00    0.00    2.08  27.20


avg-cpu:  %user   %nice %system %iowait  %steal   %idle
          42.91    0.00   13.58    0.09    0.00   43.43

Device            r/s     rkB/s   rrqm/s  %rrqm r_await rareq-sz     w/s     wkB/s   wrqm/s  %wrqm w_await wareq-sz     d/s     dkB/s   drqm/s  %drqm d_await dareq-sz     f/s f_await  aqu-sz  %util
nvme1n1p3     5044.00 554944.00     0.00   0.00    0.47   110.02   53.00    324.00     0.00   0.00    0.08     6.11    0.00      0.00     0.00   0.00    0.00     0.00    0.00    0.00    2.35  19.10
nvme1n1p4     4392.00 483968.00     1.00   0.02    0.52   110.19   24.00    120.00     0.00   0.00    0.12     5.00    0.00      0.00     0.00   0.00    0.00     0.00    0.00    0.00    2.29  16.90
nvme1n1p5     6286.00 697024.00     1.00   0.02    0.47   110.89   55.00    380.00     0.00   0.00    0.11     6.91    0.00      0.00     0.00   0.00    0.00     0.00    0.00    0.00    2.96  22.30


avg-cpu:  %user   %nice %system %iowait  %steal   %idle
          47.41    0.00   15.60    0.17    0.00   36.81

Device            r/s     rkB/s   rrqm/s  %rrqm r_await rareq-sz     w/s     wkB/s   wrqm/s  %wrqm w_await wareq-sz     d/s     dkB/s   drqm/s  %drqm d_await dareq-sz     f/s f_await  aqu-sz  %util
nvme1n1p3     4954.00 569920.00     1.00   0.02    0.37   115.04   64.00    260.00     0.00   0.00    0.17     4.06    0.00      0.00     0.00   0.00    0.00     0.00    0.00    0.00    1.86  21.50
nvme1n1p4     4288.00 494976.00     6.00   0.14    0.37   115.43   68.00    272.00     0.00   0.00    0.16     4.00    0.00      0.00     0.00   0.00    0.00     0.00    0.00    0.00    1.61  20.20
nvme1n1p5     6350.00 728704.00     0.00   0.00    0.38   114.76   68.00    268.00     0.00   0.00    0.19     3.94    0.00      0.00     0.00   0.00    0.00     0.00    0.00    0.00    2.43  27.00


avg-cpu:  %user   %nice %system %iowait  %steal   %idle
          44.08    0.00   15.38    0.17    0.00   40.36

Device            r/s     rkB/s   rrqm/s  %rrqm r_await rareq-sz     w/s     wkB/s   wrqm/s  %wrqm w_await wareq-sz     d/s     dkB/s   drqm/s  %drqm d_await dareq-sz     f/s f_await  aqu-sz  %util
nvme1n1p3     5184.00 583104.00     1.00   0.02    0.43   112.48   72.00    312.00     0.00   0.00    0.17     4.33    0.00      0.00     0.00   0.00    0.00     0.00    0.00    0.00    2.25  21.80
nvme1n1p4     4419.00 499712.00     4.00   0.09    0.42   113.08  106.00    540.00     0.00   0.00    0.14     5.09    0.00      0.00     0.00   0.00    0.00     0.00    0.00    0.00    1.87  17.70
nvme1n1p5     6336.00 719692.00     3.00   0.05    0.42   113.59   76.00    324.00     0.00   0.00    0.13     4.26    0.00      0.00     0.00   0.00    0.00     0.00    0.00    0.00    2.65  24.50


avg-cpu:  %user   %nice %system %iowait  %steal   %idle
          47.57    0.00   14.72    0.17    0.00   37.53

Device            r/s     rkB/s   rrqm/s  %rrqm r_await rareq-sz     w/s     wkB/s   wrqm/s  %wrqm w_await wareq-sz     d/s     dkB/s   drqm/s  %drqm d_await dareq-sz     f/s f_await  aqu-sz  %util
nvme1n1p3     4958.00 560832.00     2.00   0.04    0.42   113.12   64.00    352.00     0.00   0.00    0.14     5.50    0.00      0.00     0.00   0.00    0.00     0.00    0.00    0.00    2.08  21.10
nvme1n1p4     4005.00 457088.00     1.00   0.02    0.44   114.13   40.00    160.00     0.00   0.00    0.17     4.00    0.00      0.00     0.00   0.00    0.00     0.00    0.00    0.00    1.76  16.20
nvme1n1p5     6279.00 705536.00     1.00   0.02    0.42   112.36   68.00    324.00     0.00   0.00    0.15     4.76    0.00      0.00     0.00   0.00    0.00     0.00    0.00    0.00    2.63  26.10


avg-cpu:  %user   %nice %system %iowait  %steal   %idle
          48.53    0.00   14.67    0.17    0.00   36.63

Device            r/s     rkB/s   rrqm/s  %rrqm r_await rareq-sz     w/s     wkB/s   wrqm/s  %wrqm w_await wareq-sz     d/s     dkB/s   drqm/s  %drqm d_await dareq-sz     f/s f_await  aqu-sz  %util
nvme1n1p3     4865.00 548672.00     1.00   0.02    0.44   112.78   64.00    276.00     0.00   0.00    0.20     4.31    0.00      0.00     0.00   0.00    0.00     0.00    0.00    0.00    2.17  21.80
nvme1n1p4     4103.00 464512.00     1.00   0.02    0.45   113.21   64.00    276.00     0.00   0.00    0.17     4.31    0.00      0.00     0.00   0.00    0.00     0.00    0.00    0.00    1.85  19.40
nvme1n1p5     6377.00 716800.00     1.00   0.02    0.44   112.40   68.00    284.00     0.00   0.00    0.16     4.18    0.00      0.00     0.00   0.00    0.00     0.00    0.00    0.00    2.84  24.10


avg-cpu:  %user   %nice %system %iowait  %steal   %idle
          49.04    0.00   13.93    0.08    0.00   36.95

Device            r/s     rkB/s   rrqm/s  %rrqm r_await rareq-sz     w/s     wkB/s   wrqm/s  %wrqm w_await wareq-sz     d/s     dkB/s   drqm/s  %drqm d_await dareq-sz     f/s f_await  aqu-sz  %util
nvme1n1p3     5241.00 596160.00     0.00   0.00    0.35   113.75   36.00    144.00     0.00   0.00    0.17     4.00    0.00      0.00     0.00   0.00    0.00     0.00    0.00    0.00    1.82  23.10
nvme1n1p4     4490.00 506880.00     1.00   0.02    0.39   112.89   56.00    280.00     0.00   0.00    0.14     5.00    0.00      0.00     0.00   0.00    0.00     0.00    0.00    0.00    1.75  21.90
nvme1n1p5     6511.00 745472.00     1.00   0.02    0.38   114.49   36.00    148.00     0.00   0.00    0.19     4.11    0.00      0.00     0.00   0.00    0.00     0.00    0.00    0.00    2.47  25.10


avg-cpu:  %user   %nice %system %iowait  %steal   %idle
          51.59    0.00   15.21    0.08    0.00   33.12

Device            r/s     rkB/s   rrqm/s  %rrqm r_await rareq-sz     w/s     wkB/s   wrqm/s  %wrqm w_await wareq-sz     d/s     dkB/s   drqm/s  %drqm d_await dareq-sz     f/s f_await  aqu-sz  %util
nvme1n1p3     4884.00 570496.00     0.00   0.00    0.29   116.81   36.00    192.00     0.00   0.00    0.08     5.33    0.00      0.00     0.00   0.00    0.00     0.00    0.00    0.00    1.44  21.50
nvme1n1p4     4308.00 507904.00     1.00   0.02    0.30   117.90   16.00     64.00     0.00   0.00    0.12     4.00    0.00      0.00     0.00   0.00    0.00     0.00    0.00    0.00    1.30  19.20
nvme1n1p5     6192.00 714624.00     1.00   0.02    0.31   115.41   36.00    196.00     0.00   0.00    0.08     5.44    0.00      0.00     0.00   0.00    0.00     0.00    0.00    0.00    1.93  27.20


avg-cpu:  %user   %nice %system %iowait  %steal   %idle
          51.09    0.00   15.61    0.33    0.00   32.97

Device            r/s     rkB/s   rrqm/s  %rrqm r_await rareq-sz     w/s     wkB/s   wrqm/s  %wrqm w_await wareq-sz     d/s     dkB/s   drqm/s  %drqm d_await dareq-sz     f/s f_await  aqu-sz  %util
nvme1n1p3     4825.00 551744.00     2.00   0.04    0.38   114.35   80.00    380.00     0.00   0.00    0.25     4.75    0.00      0.00     0.00   0.00    0.00     0.00    0.00    0.00    1.84  24.20
nvme1n1p4     4177.00 476160.00     2.00   0.05    0.45   114.00   80.00    380.00     0.00   0.00    0.26     4.75    0.00      0.00     0.00   0.00    0.00     0.00    0.00    0.00    1.92  19.10
nvme1n1p5     6086.00 695424.00     3.00   0.05    0.43   114.27   80.00    384.00     0.00   0.00    0.23     4.80    0.00      0.00     0.00   0.00    0.00     0.00    0.00    0.00    2.62  25.20


avg-cpu:  %user   %nice %system %iowait  %steal   %idle
          57.66    0.00   15.50    0.17    0.00   26.67

Device            r/s     rkB/s   rrqm/s  %rrqm r_await rareq-sz     w/s     wkB/s   wrqm/s  %wrqm w_await wareq-sz     d/s     dkB/s   drqm/s  %drqm d_await dareq-sz     f/s f_await  aqu-sz  %util
nvme1n1p3     4672.00 549184.00     0.00   0.00    0.33   117.55   40.00    200.00     0.00   0.00    0.15     5.00    0.00      0.00     0.00   0.00    0.00     0.00    0.00    0.00    1.53  21.30
nvme1n1p4     4007.00 472064.00     0.00   0.00    0.32   117.81   70.00    464.00     0.00   0.00    0.17     6.63    0.00      0.00     0.00   0.00    0.00     0.00    0.00    0.00    1.27  18.00
nvme1n1p5     5730.00 675840.00     0.00   0.00    0.31   117.95   40.00    200.00     0.00   0.00    0.17     5.00    0.00      0.00     0.00   0.00    0.00     0.00    0.00    0.00    1.81  26.40


avg-cpu:  %user   %nice %system %iowait  %steal   %idle
          48.82    0.00   16.07    0.17    0.00   34.94

Device            r/s     rkB/s   rrqm/s  %rrqm r_await rareq-sz     w/s     wkB/s   wrqm/s  %wrqm w_await wareq-sz     d/s     dkB/s   drqm/s  %drqm d_await dareq-sz     f/s f_await  aqu-sz  %util
nvme1n1p3     4901.00 561024.00     0.00   0.00    0.40   114.47  116.00    616.00     0.00   0.00    0.11     5.31    0.00      0.00     0.00   0.00    0.00     0.00    0.00    0.00    1.98  21.70
nvme1n1p4     4227.00 485376.00     0.00   0.00    0.40   114.83   84.00    360.00     0.00   0.00    0.17     4.29    0.00      0.00     0.00   0.00    0.00     0.00    0.00    0.00    1.70  20.00
nvme1n1p5     6173.00 701440.00     5.00   0.08    0.40   113.63  120.00    664.00     0.00   0.00    0.17     5.53    0.00      0.00     0.00   0.00    0.00     0.00    0.00    0.00    2.46  25.50


avg-cpu:  %user   %nice %system %iowait  %steal   %idle
          48.72    0.00   15.90    0.09    0.00   35.29

Device            r/s     rkB/s   rrqm/s  %rrqm r_await rareq-sz     w/s     wkB/s   wrqm/s  %wrqm w_await wareq-sz     d/s     dkB/s   drqm/s  %drqm d_await dareq-sz     f/s f_await  aqu-sz  %util
nvme1n1p3     5125.00 578880.00     2.00   0.04    0.39   112.95   20.00     72.00     0.00   0.00    0.25     3.60    0.00      0.00     0.00   0.00    0.00     0.00    0.00    0.00    2.01  21.70
nvme1n1p4     4125.00 476160.00     1.00   0.02    0.38   115.43   20.00     72.00     0.00   0.00    0.15     3.60    0.00      0.00     0.00   0.00    0.00     0.00    0.00    0.00    1.56  17.60
nvme1n1p5     6728.00 772096.00     0.00   0.00    0.36   114.76   16.00     68.00     0.00   0.00    0.19     4.25    0.00      0.00     0.00   0.00    0.00     0.00    0.00    0.00    2.45  28.90


avg-cpu:  %user   %nice %system %iowait  %steal   %idle
          46.23    0.00   14.30    0.09    0.00   39.38

Device            r/s     rkB/s   rrqm/s  %rrqm r_await rareq-sz     w/s     wkB/s   wrqm/s  %wrqm w_await wareq-sz     d/s     dkB/s   drqm/s  %drqm d_await dareq-sz     f/s f_await  aqu-sz  %util
nvme1n1p3     5097.00 564160.00     0.00   0.00    0.46   110.68   48.00    208.00     0.00   0.00    0.10     4.33    0.00      0.00     0.00   0.00    0.00     0.00    0.00    0.00    2.37  20.40
nvme1n1p4     4282.00 482304.00     3.00   0.07    0.43   112.64   71.00    348.00     0.00   0.00    0.10     4.90    0.00      0.00     0.00   0.00    0.00     0.00    0.00    0.00    1.86  19.50
nvme1n1p5     6248.00 698368.00     5.00   0.08    0.50   111.77   48.00    208.00     0.00   0.00    0.10     4.33    0.00      0.00     0.00   0.00    0.00     0.00    0.00    0.00    3.11  23.30


avg-cpu:  %user   %nice %system %iowait  %steal   %idle
          53.32    0.00   16.10    0.26    0.00   30.32

Device            r/s     rkB/s   rrqm/s  %rrqm r_await rareq-sz     w/s     wkB/s   wrqm/s  %wrqm w_await wareq-sz     d/s     dkB/s   drqm/s  %drqm d_await dareq-sz     f/s f_await  aqu-sz  %util
nvme1n1p3     5085.00 596096.00     0.00   0.00    0.31   117.23  111.00    576.00     0.00   0.00    0.14     5.19    0.00      0.00     0.00   0.00    0.00     0.00    0.00    0.00    1.58  23.60
nvme1n1p4     4314.00 506752.00     0.00   0.00    0.31   117.47   96.00    412.00     0.00   0.00    0.16     4.29    0.00      0.00     0.00   0.00    0.00     0.00    0.00    0.00    1.35  22.50
nvme1n1p5     6520.00 768000.00     1.00   0.02    0.29   117.79  115.00    592.00     0.00   0.00    0.14     5.15    0.00      0.00     0.00   0.00    0.00     0.00    0.00    0.00    1.90  30.10


avg-cpu:  %user   %nice %system %iowait  %steal   %idle
          53.97    0.00   14.26    0.17    0.00   31.60

Device            r/s     rkB/s   rrqm/s  %rrqm r_await rareq-sz     w/s     wkB/s   wrqm/s  %wrqm w_await wareq-sz     d/s     dkB/s   drqm/s  %drqm d_await dareq-sz     f/s f_await  aqu-sz  %util
nvme1n1p3     4681.00 536128.00     1.00   0.02    0.35   114.53   60.00    236.00     0.00   0.00    0.12     3.93    0.00      0.00     0.00   0.00    0.00     0.00    0.00    0.00    1.64  19.50
nvme1n1p4     4193.00 490624.00     0.00   0.00    0.36   117.01   85.00    452.00     0.00   0.00    0.11     5.32    0.00      0.00     0.00   0.00    0.00     0.00    0.00    0.00    1.53  17.50
nvme1n1p5     5900.00 684032.00     2.00   0.03    0.34   115.94   56.00    228.00     0.00   0.00    0.18     4.07    0.00      0.00     0.00   0.00    0.00     0.00    0.00    0.00    2.03  25.80


avg-cpu:  %user   %nice %system %iowait  %steal   %idle
          57.37    0.00   14.49    0.17    0.00   27.96

Device            r/s     rkB/s   rrqm/s  %rrqm r_await rareq-sz     w/s     wkB/s   wrqm/s  %wrqm w_await wareq-sz     d/s     dkB/s   drqm/s  %drqm d_await dareq-sz     f/s f_await  aqu-sz  %util
nvme1n1p3     4700.00 550528.00     0.00   0.00    0.32   117.13   68.00    300.00     0.00   0.00    0.16     4.41    0.00      0.00     0.00   0.00    0.00     0.00    0.00    0.00    1.53  22.40
nvme1n1p4     3999.00 470016.00     0.00   0.00    0.33   117.53   60.00    288.00     0.00   0.00    0.13     4.80    0.00      0.00     0.00   0.00    0.00     0.00    0.00    0.00    1.33  18.20
nvme1n1p5     5883.00 692224.00     0.00   0.00    0.31   117.67   64.00    296.00     0.00   0.00    0.17     4.62    0.00      0.00     0.00   0.00    0.00     0.00    0.00    0.00    1.84  26.00


avg-cpu:  %user   %nice %system %iowait  %steal   %idle
          45.79    0.00   14.47    0.09    0.00   39.66

Device            r/s     rkB/s   rrqm/s  %rrqm r_await rareq-sz     w/s     wkB/s   wrqm/s  %wrqm w_await wareq-sz     d/s     dkB/s   drqm/s  %drqm d_await dareq-sz     f/s f_await  aqu-sz  %util
nvme1n1p3     5001.00 561664.00     0.00   0.00    0.47   112.31   68.00    376.00     0.00   0.00    0.12     5.53    0.00      0.00     0.00   0.00    0.00     0.00    0.00    0.00    2.36  22.40
nvme1n1p4     4256.00 483328.00     1.00   0.02    0.47   113.56   40.00    160.00     0.00   0.00    0.17     4.00    0.00      0.00     0.00   0.00    0.00     0.00    0.00    0.00    2.01  17.90
nvme1n1p5     6125.00 687104.00     4.00   0.07    0.55   112.18   68.00    336.00     0.00   0.00    0.10     4.94    0.00      0.00     0.00   0.00    0.00     0.00    0.00    0.00    3.39  25.00


avg-cpu:  %user   %nice %system %iowait  %steal   %idle
          54.19    0.00   12.96    0.17    0.00   32.68

Device            r/s     rkB/s   rrqm/s  %rrqm r_await rareq-sz     w/s     wkB/s   wrqm/s  %wrqm w_await wareq-sz     d/s     dkB/s   drqm/s  %drqm d_await dareq-sz     f/s f_await  aqu-sz  %util
nvme1n1p3     4454.00 509824.00     0.00   0.00    0.37   114.46   16.00     64.00     0.00   0.00    0.19     4.00    0.00      0.00     0.00   0.00    0.00     0.00    0.00    0.00    1.64  18.10
nvme1n1p4     3577.00 407168.00     1.00   0.03    0.38   113.83   16.00     68.00     0.00   0.00    0.25     4.25    0.00      0.00     0.00   0.00    0.00     0.00    0.00    0.00    1.37  16.80
nvme1n1p5     5844.00 668672.00     1.00   0.02    0.36   114.42   16.00     64.00     0.00   0.00    0.25     4.00    0.00      0.00     0.00   0.00    0.00     0.00    0.00    0.00    2.11  23.20


avg-cpu:  %user   %nice %system %iowait  %steal   %idle
          57.23    0.00   13.45    0.34    0.00   28.99

Device            r/s     rkB/s   rrqm/s  %rrqm r_await rareq-sz     w/s     wkB/s   wrqm/s  %wrqm w_await wareq-sz     d/s     dkB/s   drqm/s  %drqm d_await dareq-sz     f/s f_await  aqu-sz  %util
nvme1n1p3     4586.00 525504.00     0.00   0.00    0.38   114.59   56.00    244.00     0.00   0.00    0.29     4.36    0.00      0.00     0.00   0.00    0.00     0.00    0.00    0.00    1.78  20.30
nvme1n1p4     3948.00 448256.00     0.00   0.00    0.37   113.54   85.00    456.00     0.00   0.00    0.21     5.36    0.00      0.00     0.00   0.00    0.00     0.00    0.00    0.00    1.46  19.80
nvme1n1p5     5637.00 644096.00     4.00   0.07    0.40   114.26   56.00    244.00     0.00   0.00    0.29     4.36    0.00      0.00     0.00   0.00    0.00     0.00    0.00    0.00    2.29  25.30


avg-cpu:  %user   %nice %system %iowait  %steal   %idle
          54.83    0.00   14.92    0.08    0.00   30.17

Device            r/s     rkB/s   rrqm/s  %rrqm r_await rareq-sz     w/s     wkB/s   wrqm/s  %wrqm w_await wareq-sz     d/s     dkB/s   drqm/s  %drqm d_await dareq-sz     f/s f_await  aqu-sz  %util
nvme1n1p3     4517.00 521984.00     0.00   0.00    0.35   115.56   49.00    248.00     0.00   0.00    0.10     5.06    0.00      0.00     0.00   0.00    0.00     0.00    0.00    0.00    1.60  19.60
nvme1n1p4     3975.00 467584.00     0.00   0.00    0.35   117.63   20.00    104.00     0.00   0.00    0.15     5.20    0.00      0.00     0.00   0.00    0.00     0.00    0.00    0.00    1.38  19.20
nvme1n1p5     5725.00 666624.00     3.00   0.05    0.35   116.44   49.00    252.00     0.00   0.00    0.10     5.14    0.00      0.00     0.00   0.00    0.00     0.00    0.00    0.00    2.03  24.10


avg-cpu:  %user   %nice %system %iowait  %steal   %idle
          53.37    0.00   15.43    0.25    0.00   30.94

Device            r/s     rkB/s   rrqm/s  %rrqm r_await rareq-sz     w/s     wkB/s   wrqm/s  %wrqm w_await wareq-sz     d/s     dkB/s   drqm/s  %drqm d_await dareq-sz     f/s f_await  aqu-sz  %util
nvme1n1p3     4980.00 575936.00     0.00   0.00    0.36   115.65   80.00    336.00     0.00   0.00    0.20     4.20    0.00      0.00     0.00   0.00    0.00     0.00    0.00    0.00    1.80  23.80
nvme1n1p4     4279.00 495616.00     0.00   0.00    0.36   115.83   72.00    324.00     0.00   0.00    0.19     4.50    0.00      0.00     0.00   0.00    0.00     0.00    0.00    0.00    1.56  21.20
nvme1n1p5     6259.00 724992.00     0.00   0.00    0.39   115.83   72.00    324.00     0.00   0.00    0.19     4.50    0.00      0.00     0.00   0.00    0.00     0.00    0.00    0.00    2.44  28.00


avg-cpu:  %user   %nice %system %iowait  %steal   %idle
          40.64    0.00   14.88    0.17    0.00   44.31

Device            r/s     rkB/s   rrqm/s  %rrqm r_await rareq-sz     w/s     wkB/s   wrqm/s  %wrqm w_await wareq-sz     d/s     dkB/s   drqm/s  %drqm d_await dareq-sz     f/s f_await  aqu-sz  %util
nvme1n1p3     4935.00 544640.00     0.00   0.00    0.55   110.36   52.00    260.00     0.00   0.00    0.17     5.00    0.00      0.00     0.00   0.00    0.00     0.00    0.00    0.00    2.71  21.20
nvme1n1p4     4229.00 462848.00     0.00   0.00    0.58   109.45   85.00    424.00     0.00   0.00    0.14     4.99    0.00      0.00     0.00   0.00    0.00     0.00    0.00    0.00    2.45  17.70
nvme1n1p5     6097.00 671744.00     5.00   0.08    0.59   110.18   56.00    268.00     0.00   0.00    0.16     4.79    0.00      0.00     0.00   0.00    0.00     0.00    0.00    0.00    3.58  22.80


avg-cpu:  %user   %nice %system %iowait  %steal   %idle
          58.75    0.00   13.95    0.08    0.00   27.22

Device            r/s     rkB/s   rrqm/s  %rrqm r_await rareq-sz     w/s     wkB/s   wrqm/s  %wrqm w_await wareq-sz     d/s     dkB/s   drqm/s  %drqm d_await dareq-sz     f/s f_await  aqu-sz  %util
nvme1n1p3     4685.00 534592.00     0.00   0.00    0.39   114.11   52.00    336.00     0.00   0.00    0.17     6.46    0.00      0.00     0.00   0.00    0.00     0.00    0.00    0.00    1.84  20.60
nvme1n1p4     3827.00 443392.00     1.00   0.03    0.37   115.86   32.00    136.00     0.00   0.00    0.25     4.25    0.00      0.00     0.00   0.00    0.00     0.00    0.00    0.00    1.43  17.90
nvme1n1p5     5789.00 667648.00     2.00   0.03    0.41   115.33   64.00    372.00     0.00   0.00    0.19     5.81    0.00      0.00     0.00   0.00    0.00     0.00    0.00    0.00    2.40  24.10


avg-cpu:  %user   %nice %system %iowait  %steal   %idle
          63.87    0.00   12.64    0.17    0.00   23.32

Device            r/s     rkB/s   rrqm/s  %rrqm r_await rareq-sz     w/s     wkB/s   wrqm/s  %wrqm w_await wareq-sz     d/s     dkB/s   drqm/s  %drqm d_await dareq-sz     f/s f_await  aqu-sz  %util
nvme1n1p3     4162.00 475008.00     1.00   0.02    0.37   114.13   88.00    380.00     0.00   0.00    0.14     4.32    0.00      0.00     0.00   0.00    0.00     0.00    0.00    0.00    1.56  18.50
nvme1n1p4     3586.00 406528.00     1.00   0.03    0.40   113.37   84.00    376.00     0.00   0.00    0.15     4.48    0.00      0.00     0.00   0.00    0.00     0.00    0.00    0.00    1.45  15.20
nvme1n1p5     5483.00 622592.00     0.00   0.00    0.39   113.55   80.00    372.00     0.00   0.00    0.15     4.65    0.00      0.00     0.00   0.00    0.00     0.00    0.00    0.00    2.13  21.70


avg-cpu:  %user   %nice %system %iowait  %steal   %idle
          28.40    0.00    2.21    0.17    0.00   69.22

Device            r/s     rkB/s   rrqm/s  %rrqm r_await rareq-sz     w/s     wkB/s   wrqm/s  %wrqm w_await wareq-sz     d/s     dkB/s   drqm/s  %drqm d_await dareq-sz     f/s f_await  aqu-sz  %util
nvme1n1p3       73.00   8256.00     0.00   0.00    0.45   113.10   40.00    160.00     0.00   0.00    0.15     4.00    0.00      0.00     0.00   0.00    0.00     0.00    0.00    0.00    0.04   0.70
nvme1n1p4       16.00   2048.00     0.00   0.00    0.31   128.00   68.00    384.00     0.00   0.00    0.13     5.65    0.00      0.00     0.00   0.00    0.00     0.00    0.00    0.00    0.01   0.70
nvme1n1p5       76.00   8192.00     0.00   0.00    0.66   107.79   44.00    164.00     0.00   0.00    0.14     3.73    0.00      0.00     0.00   0.00    0.00     0.00    0.00    0.00    0.06   1.00


avg-cpu:  %user   %nice %system %iowait  %steal   %idle
          27.28    0.00    1.88    0.17    0.00   70.67

Device            r/s     rkB/s   rrqm/s  %rrqm r_await rareq-sz     w/s     wkB/s   wrqm/s  %wrqm w_await wareq-sz     d/s     dkB/s   drqm/s  %drqm d_await dareq-sz     f/s f_await  aqu-sz  %util
nvme1n1p3        0.00      0.00     0.00   0.00    0.00     0.00   96.00    508.00     0.00   0.00    0.11     5.29    0.00      0.00     0.00   0.00    0.00     0.00    0.00    0.00    0.01   1.10
nvme1n1p4        0.00      0.00     0.00   0.00    0.00     0.00   76.00    348.00     0.00   0.00    0.14     4.58    0.00      0.00     0.00   0.00    0.00     0.00    0.00    0.00    0.01   0.90
nvme1n1p5        0.00      0.00     0.00   0.00    0.00     0.00   93.00    548.00     0.00   0.00    0.12     5.89    0.00      0.00     0.00   0.00    0.00     0.00    0.00    0.00    0.01   0.90


avg-cpu:  %user   %nice %system %iowait  %steal   %idle
          15.60    0.00    2.30    0.09    0.00   82.01

Device            r/s     rkB/s   rrqm/s  %rrqm r_await rareq-sz     w/s     wkB/s   wrqm/s  %wrqm w_await wareq-sz     d/s     dkB/s   drqm/s  %drqm d_await dareq-sz     f/s f_await  aqu-sz  %util
nvme1n1p3        0.00      0.00     0.00   0.00    0.00     0.00   20.00     76.00     0.00   0.00    0.15     3.80    0.00      0.00     0.00   0.00    0.00     0.00    0.00    0.00    0.00   0.40
nvme1n1p4        0.00      0.00     0.00   0.00    0.00     0.00   16.00     72.00     0.00   0.00    0.06     4.50    0.00      0.00     0.00   0.00    0.00     0.00    0.00    0.00    0.00   0.10
nvme1n1p5        0.00      0.00     0.00   0.00    0.00     0.00   16.00     72.00     0.00   0.00    0.12     4.50    0.00      0.00     0.00   0.00    0.00     0.00    0.00    0.00    0.00   0.20


avg-cpu:  %user   %nice %system %iowait  %steal   %idle
          16.79    0.00    2.84    0.17    0.00   80.20

Device            r/s     rkB/s   rrqm/s  %rrqm r_await rareq-sz     w/s     wkB/s   wrqm/s  %wrqm w_await wareq-sz     d/s     dkB/s   drqm/s  %drqm d_await dareq-sz     f/s f_await  aqu-sz  %util
nvme1n1p3        0.00      0.00     0.00   0.00    0.00     0.00   40.00    216.00     0.00   0.00    0.20     5.40    0.00      0.00     0.00   0.00    0.00     0.00    0.00    0.00    0.01   1.10
nvme1n1p4        0.00      0.00     0.00   0.00    0.00     0.00   70.00    396.00     0.00   0.00    0.16     5.66    0.00      0.00     0.00   0.00    0.00     0.00    0.00    0.00    0.01   1.00
nvme1n1p5        0.00      0.00     0.00   0.00    0.00     0.00   44.00    224.00     0.00   0.00    0.20     5.09    0.00      0.00     0.00   0.00    0.00     0.00    0.00    0.00    0.01   0.80

