Linux 6.8.0-124-generic (sok-com) 	2026년 07월 31일 	_x86_64_	(12 CPU)

avg-cpu:  %user   %nice %system %iowait  %steal   %idle
          19.62    0.02    3.78    0.14    0.00   76.44

Device            r/s     rkB/s   rrqm/s  %rrqm r_await rareq-sz     w/s     wkB/s   wrqm/s  %wrqm w_await wareq-sz     d/s     dkB/s   drqm/s  %drqm d_await dareq-sz     f/s f_await  aqu-sz  %util
nvme1n1p3       14.78    810.37     0.00   0.00    0.13    54.83  171.11   3623.88     0.03   0.02    0.12    21.18    0.00      0.00     0.00   0.00    0.00     0.00    0.00    0.00    0.02   0.97
nvme1n1p4       11.70    458.67     0.00   0.00    0.14    39.19  174.50   3629.87     0.03   0.02    0.12    20.80    0.00      0.00     0.00   0.00    0.00     0.00    0.00    0.00    0.02   0.96
nvme1n1p5       14.29    652.26     0.00   0.00    0.14    45.65  174.95   3630.29     0.04   0.02    0.12    20.75    0.00      0.00     0.00   0.00    0.00     0.00    0.00    0.00    0.02   1.01


avg-cpu:  %user   %nice %system %iowait  %steal   %idle
          17.53    0.00    3.12    0.17    0.00   79.17

Device            r/s     rkB/s   rrqm/s  %rrqm r_await rareq-sz     w/s     wkB/s   wrqm/s  %wrqm w_await wareq-sz     d/s     dkB/s   drqm/s  %drqm d_await dareq-sz     f/s f_await  aqu-sz  %util
nvme1n1p3        0.00      0.00     0.00   0.00    0.00     0.00   76.00    316.00     0.00   0.00    0.11     4.16    0.00      0.00     0.00   0.00    0.00     0.00    0.00    0.00    0.01   0.50
nvme1n1p4        0.00      0.00     0.00   0.00    0.00     0.00   76.00    324.00     0.00   0.00    0.11     4.26    0.00      0.00     0.00   0.00    0.00     0.00    0.00    0.00    0.01   1.30
nvme1n1p5        0.00      0.00     0.00   0.00    0.00     0.00   76.00    320.00     0.00   0.00    0.11     4.21    0.00      0.00     0.00   0.00    0.00     0.00    0.00    0.00    0.01   0.50


avg-cpu:  %user   %nice %system %iowait  %steal   %idle
          20.19    0.00    1.88    0.09    0.00   77.84

Device            r/s     rkB/s   rrqm/s  %rrqm r_await rareq-sz     w/s     wkB/s   wrqm/s  %wrqm w_await wareq-sz     d/s     dkB/s   drqm/s  %drqm d_await dareq-sz     f/s f_await  aqu-sz  %util
nvme1n1p3        0.00      0.00     0.00   0.00    0.00     0.00   74.00    388.00     0.00   0.00    0.08     5.24    0.00      0.00     0.00   0.00    0.00     0.00    0.00    0.00    0.01   0.50
nvme1n1p4        0.00      0.00     0.00   0.00    0.00     0.00   71.00    352.00     0.00   0.00    0.08     4.96    0.00      0.00     0.00   0.00    0.00     0.00    0.00    0.00    0.01   0.40
nvme1n1p5        0.00      0.00     0.00   0.00    0.00     0.00   44.00    192.00     0.00   0.00    0.11     4.36    0.00      0.00     0.00   0.00    0.00     0.00    0.00    0.00    0.00   0.50


avg-cpu:  %user   %nice %system %iowait  %steal   %idle
          25.76    0.00    2.85    0.08    0.00   71.31

Device            r/s     rkB/s   rrqm/s  %rrqm r_await rareq-sz     w/s     wkB/s   wrqm/s  %wrqm w_await wareq-sz     d/s     dkB/s   drqm/s  %drqm d_await dareq-sz     f/s f_await  aqu-sz  %util
nvme1n1p3        0.00      0.00     0.00   0.00    0.00     0.00   32.00    136.00     0.00   0.00    0.09     4.25    0.00      0.00     0.00   0.00    0.00     0.00    0.00    0.00    0.00   0.30
nvme1n1p4        0.00      0.00     0.00   0.00    0.00     0.00   32.00    140.00     0.00   0.00    0.12     4.38    0.00      0.00     0.00   0.00    0.00     0.00    0.00    0.00    0.00   0.60
nvme1n1p5        0.00      0.00     0.00   0.00    0.00     0.00   59.00    324.00     0.00   0.00    0.10     5.49    0.00      0.00     0.00   0.00    0.00     0.00    0.00    0.00    0.01   0.20


avg-cpu:  %user   %nice %system %iowait  %steal   %idle
          29.86    0.00    3.61    0.08    0.00   66.45

Device            r/s     rkB/s   rrqm/s  %rrqm r_await rareq-sz     w/s     wkB/s   wrqm/s  %wrqm w_await wareq-sz     d/s     dkB/s   drqm/s  %drqm d_await dareq-sz     f/s f_await  aqu-sz  %util
nvme1n1p3        0.00      0.00     0.00   0.00    0.00     0.00   32.00    124.00     0.00   0.00    0.12     3.88    0.00      0.00     0.00   0.00    0.00     0.00    0.00    0.00    0.00   0.60
nvme1n1p4        0.00      0.00     0.00   0.00    0.00     0.00   32.00    124.00     0.00   0.00    0.12     3.88    0.00      0.00     0.00   0.00    0.00     0.00    0.00    0.00    0.00   0.50
nvme1n1p5        0.00      0.00     0.00   0.00    0.00     0.00   32.00    124.00     0.00   0.00    0.09     3.88    0.00      0.00     0.00   0.00    0.00     0.00    0.00    0.00    0.00   0.30


avg-cpu:  %user   %nice %system %iowait  %steal   %idle
          21.58    0.00    4.28    0.25    0.00   73.89

Device            r/s     rkB/s   rrqm/s  %rrqm r_await rareq-sz     w/s     wkB/s   wrqm/s  %wrqm w_await wareq-sz     d/s     dkB/s   drqm/s  %drqm d_await dareq-sz     f/s f_await  aqu-sz  %util
nvme1n1p3        0.00      0.00     0.00   0.00    0.00     0.00  165.00    888.00     0.00   0.00    0.10     5.38    0.00      0.00     0.00   0.00    0.00     0.00    0.00    0.00    0.02   1.70
nvme1n1p4        2.00    136.00     0.00   0.00    0.00    68.00  152.00    892.00     0.00   0.00    0.09     5.87    0.00      0.00     0.00   0.00    0.00     0.00    0.00    0.00    0.01   1.40
nvme1n1p5        1.00     52.00     0.00   0.00    0.00    52.00  178.00   1064.00     0.00   0.00    0.10     5.98    0.00      0.00     0.00   0.00    0.00     0.00    0.00    0.00    0.02   1.60


avg-cpu:  %user   %nice %system %iowait  %steal   %idle
          53.34    0.00   11.35    0.85    0.00   34.46

Device            r/s     rkB/s   rrqm/s  %rrqm r_await rareq-sz     w/s     wkB/s   wrqm/s  %wrqm w_await wareq-sz     d/s     dkB/s   drqm/s  %drqm d_await dareq-sz     f/s f_await  aqu-sz  %util
nvme1n1p3        0.00      0.00     0.00   0.00    0.00     0.00 7923.00  71552.00     0.00   0.00    0.06     9.03    0.00      0.00     0.00   0.00    0.00     0.00    0.00    0.00    0.47   9.40
nvme1n1p4        0.00      0.00     0.00   0.00    0.00     0.00 8611.00  73984.00     0.00   0.00    0.06     8.59    0.00      0.00     0.00   0.00    0.00     0.00    0.00    0.00    0.52  16.10
nvme1n1p5        0.00      0.00     0.00   0.00    0.00     0.00 8474.00  73780.00     0.00   0.00    0.06     8.71    0.00      0.00     0.00   0.00    0.00     0.00    0.00    0.00    0.51  13.60


avg-cpu:  %user   %nice %system %iowait  %steal   %idle
          68.74    0.00   14.74    1.18    0.00   15.33

Device            r/s     rkB/s   rrqm/s  %rrqm r_await rareq-sz     w/s     wkB/s   wrqm/s  %wrqm w_await wareq-sz     d/s     dkB/s   drqm/s  %drqm d_await dareq-sz     f/s f_await  aqu-sz  %util
nvme1n1p3        0.00      0.00     0.00   0.00    0.00     0.00 11687.00 102948.00     0.00   0.00    0.06     8.81    0.00      0.00     0.00   0.00    0.00     0.00    0.00    0.00    0.67  13.00
nvme1n1p4        0.00      0.00     0.00   0.00    0.00     0.00 12093.00 104344.00     0.00   0.00    0.06     8.63    0.00      0.00     0.00   0.00    0.00     0.00    0.00    0.00    0.73  21.50
nvme1n1p5        0.00      0.00     0.00   0.00    0.00     0.00 12202.00 104408.00     0.00   0.00    0.06     8.56    0.00      0.00     0.00   0.00    0.00     0.00    0.00    0.00    0.74  19.30


avg-cpu:  %user   %nice %system %iowait  %steal   %idle
          68.61    0.00   14.85    1.18    0.00   15.36

Device            r/s     rkB/s   rrqm/s  %rrqm r_await rareq-sz     w/s     wkB/s   wrqm/s  %wrqm w_await wareq-sz     d/s     dkB/s   drqm/s  %drqm d_await dareq-sz     f/s f_await  aqu-sz  %util
nvme1n1p3        0.00      0.00     0.00   0.00    0.00     0.00 12013.00 107472.00     0.00   0.00    0.06     8.95    0.00      0.00     0.00   0.00    0.00     0.00    0.00    0.00    0.68  12.10
nvme1n1p4        0.00      0.00     0.00   0.00    0.00     0.00 12439.00 108076.00     0.00   0.00    0.06     8.69    0.00      0.00     0.00   0.00    0.00     0.00    0.00    0.00    0.77  18.30
nvme1n1p5        0.00      0.00     0.00   0.00    0.00     0.00 12686.00 108500.00     0.00   0.00    0.06     8.55    0.00      0.00     0.00   0.00    0.00     0.00    0.00    0.00    0.78  20.80


avg-cpu:  %user   %nice %system %iowait  %steal   %idle
          67.94    0.00   14.46    1.19    0.00   16.41

Device            r/s     rkB/s   rrqm/s  %rrqm r_await rareq-sz     w/s     wkB/s   wrqm/s  %wrqm w_await wareq-sz     d/s     dkB/s   drqm/s  %drqm d_await dareq-sz     f/s f_await  aqu-sz  %util
nvme1n1p3        0.00      0.00     0.00   0.00    0.00     0.00 12076.00 107512.00     0.00   0.00    0.07     8.90    0.00      0.00     0.00   0.00    0.00     0.00    0.00    0.00    0.81  13.70
nvme1n1p4        0.00      0.00     0.00   0.00    0.00     0.00 12382.00 106908.00     0.00   0.00    0.06     8.63    0.00      0.00     0.00   0.00    0.00     0.00    0.00    0.00    0.75  20.10
nvme1n1p5        0.00      0.00     0.00   0.00    0.00     0.00 12530.00 106500.00     0.00   0.00    0.06     8.50    0.00      0.00     0.00   0.00    0.00     0.00    0.00    0.00    0.79  22.20


avg-cpu:  %user   %nice %system %iowait  %steal   %idle
          68.02    0.00   14.51    1.43    0.00   16.03

Device            r/s     rkB/s   rrqm/s  %rrqm r_await rareq-sz     w/s     wkB/s   wrqm/s  %wrqm w_await wareq-sz     d/s     dkB/s   drqm/s  %drqm d_await dareq-sz     f/s f_await  aqu-sz  %util
nvme1n1p3        0.00      0.00     0.00   0.00    0.00     0.00 11910.00 105820.00     0.00   0.00    0.06     8.88    0.00      0.00     0.00   0.00    0.00     0.00    0.00    0.00    0.72  14.10
nvme1n1p4        0.00      0.00     0.00   0.00    0.00     0.00 12596.00 108560.00     0.00   0.00    0.06     8.62    0.00      0.00     0.00   0.00    0.00     0.00    0.00    0.00    0.78  18.80
nvme1n1p5        0.00      0.00     0.00   0.00    0.00     0.00 12888.00 110112.00     0.00   0.00    0.06     8.54    0.00      0.00     0.00   0.00    0.00     0.00    0.00    0.00    0.80  20.80


avg-cpu:  %user   %nice %system %iowait  %steal   %idle
          68.58    0.00   12.92    1.27    0.00   17.23

Device            r/s     rkB/s   rrqm/s  %rrqm r_await rareq-sz     w/s     wkB/s   wrqm/s  %wrqm w_await wareq-sz     d/s     dkB/s   drqm/s  %drqm d_await dareq-sz     f/s f_await  aqu-sz  %util
nvme1n1p3        0.00      0.00     0.00   0.00    0.00     0.00 11181.00  99408.00     0.00   0.00    0.06     8.89    0.00      0.00     0.00   0.00    0.00     0.00    0.00    0.00    0.68  13.00
nvme1n1p4        0.00      0.00     0.00   0.00    0.00     0.00 11234.00  97524.00     0.00   0.00    0.06     8.68    0.00      0.00     0.00   0.00    0.00     0.00    0.00    0.00    0.68  17.20
nvme1n1p5        0.00      0.00     0.00   0.00    0.00     0.00 11653.00  98128.00     0.00   0.00    0.06     8.42    0.00      0.00     0.00   0.00    0.00     0.00    0.00    0.00    0.71  22.30


avg-cpu:  %user   %nice %system %iowait  %steal   %idle
          69.68    0.00   13.43    1.18    0.00   15.71

Device            r/s     rkB/s   rrqm/s  %rrqm r_await rareq-sz     w/s     wkB/s   wrqm/s  %wrqm w_await wareq-sz     d/s     dkB/s   drqm/s  %drqm d_await dareq-sz     f/s f_await  aqu-sz  %util
nvme1n1p3        0.00      0.00     0.00   0.00    0.00     0.00 12203.00 107464.00     0.00   0.00    0.06     8.81    0.00      0.00     0.00   0.00    0.00     0.00    0.00    0.00    0.71  13.60
nvme1n1p4        2.00     24.00     0.00   0.00    0.50    12.00 12904.00 112008.00     0.00   0.00    0.06     8.68    0.00      0.00     0.00   0.00    0.00     0.00    0.00    0.00    0.79  14.60
nvme1n1p5        1.00    120.00     0.00   0.00    0.00   120.00 12792.00 111712.00     0.00   0.00    0.06     8.73    0.00      0.00     0.00   0.00    0.00     0.00    0.00    0.00    0.79  17.70


avg-cpu:  %user   %nice %system %iowait  %steal   %idle
          68.92    0.00   14.06    1.10    0.00   15.92

Device            r/s     rkB/s   rrqm/s  %rrqm r_await rareq-sz     w/s     wkB/s   wrqm/s  %wrqm w_await wareq-sz     d/s     dkB/s   drqm/s  %drqm d_await dareq-sz     f/s f_await  aqu-sz  %util
nvme1n1p3        0.00      0.00     0.00   0.00    0.00     0.00 12814.00 114784.00     0.00   0.00    0.06     8.96    0.00      0.00     0.00   0.00    0.00     0.00    0.00    0.00    0.74  14.40
nvme1n1p4        0.00      0.00     0.00   0.00    0.00     0.00 13183.00 114232.00     0.00   0.00    0.06     8.67    0.00      0.00     0.00   0.00    0.00     0.00    0.00    0.00    0.77  20.00
nvme1n1p5        0.00      0.00     0.00   0.00    0.00     0.00 13207.00 114116.00     0.00   0.00    0.06     8.64    0.00      0.00     0.00   0.00    0.00     0.00    0.00    0.00    0.81  18.20


avg-cpu:  %user   %nice %system %iowait  %steal   %idle
          66.64    0.00   14.39    1.27    0.00   17.70

Device            r/s     rkB/s   rrqm/s  %rrqm r_await rareq-sz     w/s     wkB/s   wrqm/s  %wrqm w_await wareq-sz     d/s     dkB/s   drqm/s  %drqm d_await dareq-sz     f/s f_await  aqu-sz  %util
nvme1n1p3        0.00      0.00     0.00   0.00    0.00     0.00 11950.00 106144.00     0.00   0.00    0.06     8.88    0.00      0.00     0.00   0.00    0.00     0.00    0.00    0.00    0.68  13.70
nvme1n1p4        0.00      0.00     0.00   0.00    0.00     0.00 12343.00 106324.00     0.00   0.00    0.06     8.61    0.00      0.00     0.00   0.00    0.00     0.00    0.00    0.00    0.72  17.70
nvme1n1p5        0.00      0.00     0.00   0.00    0.00     0.00 12459.00 106532.00     0.00   0.00    0.06     8.55    0.00      0.00     0.00   0.00    0.00     0.00    0.00    0.00    0.79  20.90


avg-cpu:  %user   %nice %system %iowait  %steal   %idle
          68.27    0.00   14.31    1.18    0.00   16.25

Device            r/s     rkB/s   rrqm/s  %rrqm r_await rareq-sz     w/s     wkB/s   wrqm/s  %wrqm w_await wareq-sz     d/s     dkB/s   drqm/s  %drqm d_await dareq-sz     f/s f_await  aqu-sz  %util
nvme1n1p3        0.00      0.00     0.00   0.00    0.00     0.00 11812.00 105248.00     0.00   0.00    0.06     8.91    0.00      0.00     0.00   0.00    0.00     0.00    0.00    0.00    0.71  12.50
nvme1n1p4        0.00      0.00     0.00   0.00    0.00     0.00 12402.00 106848.00     0.00   0.00    0.06     8.62    0.00      0.00     0.00   0.00    0.00     0.00    0.00    0.00    0.74  18.30
nvme1n1p5        0.00      0.00     0.00   0.00    0.00     0.00 12400.00 106752.00     0.00   0.00    0.06     8.61    0.00      0.00     0.00   0.00    0.00     0.00    0.00    0.00    0.73  16.80


avg-cpu:  %user   %nice %system %iowait  %steal   %idle
          69.68    0.00   13.09    1.01    0.00   16.22

Device            r/s     rkB/s   rrqm/s  %rrqm r_await rareq-sz     w/s     wkB/s   wrqm/s  %wrqm w_await wareq-sz     d/s     dkB/s   drqm/s  %drqm d_await dareq-sz     f/s f_await  aqu-sz  %util
nvme1n1p3        0.00      0.00     0.00   0.00    0.00     0.00 11582.00 103648.00     0.00   0.00    0.06     8.95    0.00      0.00     0.00   0.00    0.00     0.00    0.00    0.00    0.68  11.30
nvme1n1p4        0.00      0.00     0.00   0.00    0.00     0.00 11935.00 103548.00     0.00   0.00    0.06     8.68    0.00      0.00     0.00   0.00    0.00     0.00    0.00    0.00    0.74  16.40
nvme1n1p5        0.00      0.00     0.00   0.00    0.00     0.00 12030.00 104312.00     0.00   0.00    0.06     8.67    0.00      0.00     0.00   0.00    0.00     0.00    0.00    0.00    0.74  16.00


avg-cpu:  %user   %nice %system %iowait  %steal   %idle
          71.40    0.00   13.11    0.93    0.00   14.55

Device            r/s     rkB/s   rrqm/s  %rrqm r_await rareq-sz     w/s     wkB/s   wrqm/s  %wrqm w_await wareq-sz     d/s     dkB/s   drqm/s  %drqm d_await dareq-sz     f/s f_await  aqu-sz  %util
nvme1n1p3        0.00      0.00     0.00   0.00    0.00     0.00 10429.00  94436.00     0.00   0.00    0.06     9.06    0.00      0.00     0.00   0.00    0.00     0.00    0.00    0.00    0.64  11.40
nvme1n1p4        0.00      0.00     0.00   0.00    0.00     0.00 10875.00  96260.00     0.00   0.00    0.06     8.85    0.00      0.00     0.00   0.00    0.00     0.00    0.00    0.00    0.65  17.00
nvme1n1p5        0.00      0.00     0.00   0.00    0.00     0.00 10775.00  94612.00     0.00   0.00    0.06     8.78    0.00      0.00     0.00   0.00    0.00     0.00    0.00    0.00    0.68  16.20


avg-cpu:  %user   %nice %system %iowait  %steal   %idle
          67.57    0.00   14.86    1.10    0.00   16.47

Device            r/s     rkB/s   rrqm/s  %rrqm r_await rareq-sz     w/s     wkB/s   wrqm/s  %wrqm w_await wareq-sz     d/s     dkB/s   drqm/s  %drqm d_await dareq-sz     f/s f_await  aqu-sz  %util
nvme1n1p3        0.00      0.00     0.00   0.00    0.00     0.00 11716.00 104544.00     0.00   0.00    0.06     8.92    0.00      0.00     0.00   0.00    0.00     0.00    0.00    0.00    0.65  12.20
nvme1n1p4        0.00      0.00     0.00   0.00    0.00     0.00 12186.00 106032.00     0.00   0.00    0.06     8.70    0.00      0.00     0.00   0.00    0.00     0.00    0.00    0.00    0.72  16.20
nvme1n1p5        0.00      0.00     0.00   0.00    0.00     0.00 12189.00 105300.00     0.00   0.00    0.06     8.64    0.00      0.00     0.00   0.00    0.00     0.00    0.00    0.00    0.78  17.90


avg-cpu:  %user   %nice %system %iowait  %steal   %idle
          69.30    0.00   13.66    1.10    0.00   15.95

Device            r/s     rkB/s   rrqm/s  %rrqm r_await rareq-sz     w/s     wkB/s   wrqm/s  %wrqm w_await wareq-sz     d/s     dkB/s   drqm/s  %drqm d_await dareq-sz     f/s f_await  aqu-sz  %util
nvme1n1p3        0.00      0.00     0.00   0.00    0.00     0.00 11632.00 103024.00     0.00   0.00    0.06     8.86    0.00      0.00     0.00   0.00    0.00     0.00    0.00    0.00    0.65  12.50
nvme1n1p4        0.00      0.00     0.00   0.00    0.00     0.00 12052.00 104112.00     0.00   0.00    0.06     8.64    0.00      0.00     0.00   0.00    0.00     0.00    0.00    0.00    0.75  18.50
nvme1n1p5        0.00      0.00     0.00   0.00    0.00     0.00 12189.00 104852.00     0.00   0.00    0.06     8.60    0.00      0.00     0.00   0.00    0.00     0.00    0.00    0.00    0.74  15.80


avg-cpu:  %user   %nice %system %iowait  %steal   %idle
          69.04    0.00   13.87    1.02    0.00   16.07

Device            r/s     rkB/s   rrqm/s  %rrqm r_await rareq-sz     w/s     wkB/s   wrqm/s  %wrqm w_await wareq-sz     d/s     dkB/s   drqm/s  %drqm d_await dareq-sz     f/s f_await  aqu-sz  %util
nvme1n1p3        0.00      0.00     0.00   0.00    0.00     0.00 11735.00 104880.00     0.00   0.00    0.06     8.94    0.00      0.00     0.00   0.00    0.00     0.00    0.00    0.00    0.66  11.30
nvme1n1p4        0.00      0.00     0.00   0.00    0.00     0.00 12082.00 105052.00     0.00   0.00    0.06     8.69    0.00      0.00     0.00   0.00    0.00     0.00    0.00    0.00    0.76  16.70
nvme1n1p5        0.00      0.00     0.00   0.00    0.00     0.00 12181.00 105528.00     0.00   0.00    0.06     8.66    0.00      0.00     0.00   0.00    0.00     0.00    0.00    0.00    0.77  16.80


avg-cpu:  %user   %nice %system %iowait  %steal   %idle
          67.84    0.00   13.77    1.11    0.00   17.28

Device            r/s     rkB/s   rrqm/s  %rrqm r_await rareq-sz     w/s     wkB/s   wrqm/s  %wrqm w_await wareq-sz     d/s     dkB/s   drqm/s  %drqm d_await dareq-sz     f/s f_await  aqu-sz  %util
nvme1n1p3        0.00      0.00     0.00   0.00    0.00     0.00 11308.00 100388.00     0.00   0.00    0.06     8.88    0.00      0.00     0.00   0.00    0.00     0.00    0.00    0.00    0.66  11.20
nvme1n1p4        0.00      0.00     0.00   0.00    0.00     0.00 11858.00 101996.00     0.00   0.00    0.06     8.60    0.00      0.00     0.00   0.00    0.00     0.00    0.00    0.00    0.73  16.70
nvme1n1p5        0.00      0.00     0.00   0.00    0.00     0.00 11813.00 101184.00     0.00   0.00    0.06     8.57    0.00      0.00     0.00   0.00    0.00     0.00    0.00    0.00    0.72  19.30


avg-cpu:  %user   %nice %system %iowait  %steal   %idle
          69.82    0.00   14.20    1.10    0.00   14.88

Device            r/s     rkB/s   rrqm/s  %rrqm r_await rareq-sz     w/s     wkB/s   wrqm/s  %wrqm w_await wareq-sz     d/s     dkB/s   drqm/s  %drqm d_await dareq-sz     f/s f_await  aqu-sz  %util
nvme1n1p3        0.00      0.00     0.00   0.00    0.00     0.00 11227.00 121636.00     0.00   0.00    0.06    10.83    0.00      0.00     0.00   0.00    0.00     0.00    0.00    0.00    0.70  12.80
nvme1n1p4        0.00      0.00     0.00   0.00    0.00     0.00 12044.00 141976.00     0.00   0.00    0.06    11.79    0.00      0.00     0.00   0.00    0.00     0.00    0.00    0.00    0.78  18.20
nvme1n1p5        0.00      0.00     0.00   0.00    0.00     0.00 11990.00 144092.00     0.00   0.00    0.06    12.02    0.00      0.00     0.00   0.00    0.00     0.00    0.00    0.00    0.78  14.90


avg-cpu:  %user   %nice %system %iowait  %steal   %idle
          68.31    0.00   14.36    1.36    0.00   15.97

Device            r/s     rkB/s   rrqm/s  %rrqm r_await rareq-sz     w/s     wkB/s   wrqm/s  %wrqm w_await wareq-sz     d/s     dkB/s   drqm/s  %drqm d_await dareq-sz     f/s f_await  aqu-sz  %util
nvme1n1p3        0.00      0.00     0.00   0.00    0.00     0.00 11554.00 172432.00     0.00   0.00    0.06    14.92    0.00      0.00     0.00   0.00    0.00     0.00    0.00    0.00    0.69  13.80
nvme1n1p4        0.00      0.00     0.00   0.00    0.00     0.00 11862.00 154132.00     0.00   0.00    0.06    12.99    0.00      0.00     0.00   0.00    0.00     0.00    0.00    0.00    0.73  20.00
nvme1n1p5        0.00      0.00     0.00   0.00    0.00     0.00 11830.00 152088.00     0.00   0.00    0.06    12.86    0.00      0.00     0.00   0.00    0.00     0.00    0.00    0.00    0.74  19.80


avg-cpu:  %user   %nice %system %iowait  %steal   %idle
          71.42    0.00   13.06    0.85    0.00   14.67

Device            r/s     rkB/s   rrqm/s  %rrqm r_await rareq-sz     w/s     wkB/s   wrqm/s  %wrqm w_await wareq-sz     d/s     dkB/s   drqm/s  %drqm d_await dareq-sz     f/s f_await  aqu-sz  %util
nvme1n1p3        0.00      0.00     0.00   0.00    0.00     0.00 11003.00  97296.00     0.00   0.00    0.06     8.84    0.00      0.00     0.00   0.00    0.00     0.00    0.00    0.00    0.65  12.80
nvme1n1p4        0.00      0.00     0.00   0.00    0.00     0.00 11242.00  97292.00     0.00   0.00    0.06     8.65    0.00      0.00     0.00   0.00    0.00     0.00    0.00    0.00    0.68  16.70
nvme1n1p5        0.00      0.00     0.00   0.00    0.00     0.00 11303.00  97728.00     0.00   0.00    0.06     8.65    0.00      0.00     0.00   0.00    0.00     0.00    0.00    0.00    0.71  16.30


avg-cpu:  %user   %nice %system %iowait  %steal   %idle
          70.82    0.00   13.40    0.93    0.00   14.84

Device            r/s     rkB/s   rrqm/s  %rrqm r_await rareq-sz     w/s     wkB/s   wrqm/s  %wrqm w_await wareq-sz     d/s     dkB/s   drqm/s  %drqm d_await dareq-sz     f/s f_await  aqu-sz  %util
nvme1n1p3        0.00      0.00     0.00   0.00    0.00     0.00 11873.00 105948.00     0.00   0.00    0.06     8.92    0.00      0.00     0.00   0.00    0.00     0.00    0.00    0.00    0.72  13.20
nvme1n1p4        0.00      0.00     0.00   0.00    0.00     0.00 12366.00 107496.00     0.00   0.00    0.06     8.69    0.00      0.00     0.00   0.00    0.00     0.00    0.00    0.00    0.75  18.10
nvme1n1p5        0.00      0.00     0.00   0.00    0.00     0.00 11888.00 104496.00     0.00   0.00    0.06     8.79    0.00      0.00     0.00   0.00    0.00     0.00    0.00    0.00    0.72  14.30


avg-cpu:  %user   %nice %system %iowait  %steal   %idle
          73.21    0.00   11.82    0.77    0.00   14.20

Device            r/s     rkB/s   rrqm/s  %rrqm r_await rareq-sz     w/s     wkB/s   wrqm/s  %wrqm w_await wareq-sz     d/s     dkB/s   drqm/s  %drqm d_await dareq-sz     f/s f_await  aqu-sz  %util
nvme1n1p3        0.00      0.00     0.00   0.00    0.00     0.00 10496.00  93760.00     0.00   0.00    0.06     8.93    0.00      0.00     0.00   0.00    0.00     0.00    0.00    0.00    0.65  10.10
nvme1n1p4        0.00      0.00     0.00   0.00    0.00     0.00 11096.00  95716.00     0.00   0.00    0.07     8.63    0.00      0.00     0.00   0.00    0.00     0.00    0.00    0.00    0.78  16.10
nvme1n1p5        0.00      0.00     0.00   0.00    0.00     0.00 11052.00  97212.00     0.00   0.00    0.06     8.80    0.00      0.00     0.00   0.00    0.00     0.00    0.00    0.00    0.71  10.50


avg-cpu:  %user   %nice %system %iowait  %steal   %idle
          70.15    0.00   13.44    1.11    0.00   15.31

Device            r/s     rkB/s   rrqm/s  %rrqm r_await rareq-sz     w/s     wkB/s   wrqm/s  %wrqm w_await wareq-sz     d/s     dkB/s   drqm/s  %drqm d_await dareq-sz     f/s f_await  aqu-sz  %util
nvme1n1p3        0.00      0.00     0.00   0.00    0.00     0.00 10867.00  96748.00     0.00   0.00    0.06     8.90    0.00      0.00     0.00   0.00    0.00     0.00    0.00    0.00    0.64  10.60
nvme1n1p4        0.00      0.00     0.00   0.00    0.00     0.00 11418.00  97480.00     0.00   0.00    0.06     8.54    0.00      0.00     0.00   0.00    0.00     0.00    0.00    0.00    0.72  19.00
nvme1n1p5        0.00      0.00     0.00   0.00    0.00     0.00 11348.00  97072.00     0.00   0.00    0.06     8.55    0.00      0.00     0.00   0.00    0.00     0.00    0.00    0.00    0.73  16.70


avg-cpu:  %user   %nice %system %iowait  %steal   %idle
          70.44    0.00   14.05    0.94    0.00   14.57

Device            r/s     rkB/s   rrqm/s  %rrqm r_await rareq-sz     w/s     wkB/s   wrqm/s  %wrqm w_await wareq-sz     d/s     dkB/s   drqm/s  %drqm d_await dareq-sz     f/s f_await  aqu-sz  %util
nvme1n1p3        0.00      0.00     0.00   0.00    0.00     0.00 12004.00 106156.00     0.00   0.00    0.06     8.84    0.00      0.00     0.00   0.00    0.00     0.00    0.00    0.00    0.72  13.80
nvme1n1p4        0.00      0.00     0.00   0.00    0.00     0.00 12304.00 107388.00     0.00   0.00    0.06     8.73    0.00      0.00     0.00   0.00    0.00     0.00    0.00    0.00    0.74  16.30
nvme1n1p5        0.00      0.00     0.00   0.00    0.00     0.00 12408.00 107752.00     0.00   0.00    0.06     8.68    0.00      0.00     0.00   0.00    0.00     0.00    0.00    0.00    0.79  16.40


avg-cpu:  %user   %nice %system %iowait  %steal   %idle
          68.82    0.00   14.48    1.11    0.00   15.59

Device            r/s     rkB/s   rrqm/s  %rrqm r_await rareq-sz     w/s     wkB/s   wrqm/s  %wrqm w_await wareq-sz     d/s     dkB/s   drqm/s  %drqm d_await dareq-sz     f/s f_await  aqu-sz  %util
nvme1n1p3        0.00      0.00     0.00   0.00    0.00     0.00 11064.00  99244.00     0.00   0.00    0.06     8.97    0.00      0.00     0.00   0.00    0.00     0.00    0.00    0.00    0.64  12.20
nvme1n1p4        0.00      0.00     0.00   0.00    0.00     0.00 11522.00  99188.00     0.00   0.00    0.06     8.61    0.00      0.00     0.00   0.00    0.00     0.00    0.00    0.00    0.73  19.70
nvme1n1p5        0.00      0.00     0.00   0.00    0.00     0.00 11438.00  99212.00     0.00   0.00    0.06     8.67    0.00      0.00     0.00   0.00    0.00     0.00    0.00    0.00    0.69  16.30


avg-cpu:  %user   %nice %system %iowait  %steal   %idle
          70.32    0.00   13.60    1.03    0.00   15.06

Device            r/s     rkB/s   rrqm/s  %rrqm r_await rareq-sz     w/s     wkB/s   wrqm/s  %wrqm w_await wareq-sz     d/s     dkB/s   drqm/s  %drqm d_await dareq-sz     f/s f_await  aqu-sz  %util
nvme1n1p3        0.00      0.00     0.00   0.00    0.00     0.00 11613.00 103840.00     0.00   0.00    0.06     8.94    0.00      0.00     0.00   0.00    0.00     0.00    0.00    0.00    0.69  14.10
nvme1n1p4        0.00      0.00     0.00   0.00    0.00     0.00 11937.00 103896.00     0.00   0.00    0.06     8.70    0.00      0.00     0.00   0.00    0.00     0.00    0.00    0.00    0.75  16.00
nvme1n1p5        0.00      0.00     0.00   0.00    0.00     0.00 11930.00 103532.00     0.00   0.00    0.06     8.68    0.00      0.00     0.00   0.00    0.00     0.00    0.00    0.00    0.74  17.60


avg-cpu:  %user   %nice %system %iowait  %steal   %idle
          67.29    0.00   14.52    1.11    0.00   17.08

Device            r/s     rkB/s   rrqm/s  %rrqm r_await rareq-sz     w/s     wkB/s   wrqm/s  %wrqm w_await wareq-sz     d/s     dkB/s   drqm/s  %drqm d_await dareq-sz     f/s f_await  aqu-sz  %util
nvme1n1p3        0.00      0.00     0.00   0.00    0.00     0.00 11343.56 101651.49     0.00   0.00    0.06     8.96    0.00      0.00     0.00   0.00    0.00     0.00    0.00    0.00    0.65  10.99
nvme1n1p4        0.00      0.00     0.00   0.00    0.00     0.00 11900.99 102744.55     0.00   0.00    0.07     8.63    0.00      0.00     0.00   0.00    0.00     0.00    0.00    0.00    0.77  17.52
nvme1n1p5        0.00      0.00     0.00   0.00    0.00     0.00 11961.39 103180.20     0.00   0.00    0.06     8.63    0.00      0.00     0.00   0.00    0.00     0.00    0.00    0.00    0.70  17.23


avg-cpu:  %user   %nice %system %iowait  %steal   %idle
          66.67    0.00   14.91    1.11    0.00   17.31

Device            r/s     rkB/s   rrqm/s  %rrqm r_await rareq-sz     w/s     wkB/s   wrqm/s  %wrqm w_await wareq-sz     d/s     dkB/s   drqm/s  %drqm d_await dareq-sz     f/s f_await  aqu-sz  %util
nvme1n1p3        0.00      0.00     0.00   0.00    0.00     0.00 11874.00 105256.00     0.00   0.00    0.06     8.86    0.00      0.00     0.00   0.00    0.00     0.00    0.00    0.00    0.69  12.00
nvme1n1p4        0.00      0.00     0.00   0.00    0.00     0.00 11971.00 105668.00     0.00   0.00    0.06     8.83    0.00      0.00     0.00   0.00    0.00     0.00    0.00    0.00    0.70  13.40
nvme1n1p5        0.00      0.00     0.00   0.00    0.00     0.00 12525.00 107284.00     0.00   0.00    0.06     8.57    0.00      0.00     0.00   0.00    0.00     0.00    0.00    0.00    0.76  20.20


avg-cpu:  %user   %nice %system %iowait  %steal   %idle
          66.87    0.00   15.08    1.19    0.00   16.87

Device            r/s     rkB/s   rrqm/s  %rrqm r_await rareq-sz     w/s     wkB/s   wrqm/s  %wrqm w_await wareq-sz     d/s     dkB/s   drqm/s  %drqm d_await dareq-sz     f/s f_await  aqu-sz  %util
nvme1n1p3        0.00      0.00     0.00   0.00    0.00     0.00 12376.00 110072.00     0.00   0.00    0.05     8.89    0.00      0.00     0.00   0.00    0.00     0.00    0.00    0.00    0.68  14.10
nvme1n1p4        0.00      0.00     0.00   0.00    0.00     0.00 12799.00 111408.00     0.00   0.00    0.06     8.70    0.00      0.00     0.00   0.00    0.00     0.00    0.00    0.00    0.75  17.50
nvme1n1p5        0.00      0.00     0.00   0.00    0.00     0.00 12905.00 111464.00     0.00   0.00    0.06     8.64    0.00      0.00     0.00   0.00    0.00     0.00    0.00    0.00    0.81  19.40


avg-cpu:  %user   %nice %system %iowait  %steal   %idle
          68.11    0.00   14.20    1.19    0.00   16.50

Device            r/s     rkB/s   rrqm/s  %rrqm r_await rareq-sz     w/s     wkB/s   wrqm/s  %wrqm w_await wareq-sz     d/s     dkB/s   drqm/s  %drqm d_await dareq-sz     f/s f_await  aqu-sz  %util
nvme1n1p3        0.00      0.00     0.00   0.00    0.00     0.00 11795.00 104016.00     0.00   0.00    0.09     8.82    0.00      0.00     0.00   0.00    0.00     0.00    0.00    0.00    1.02  13.10
nvme1n1p4        0.00      0.00     0.00   0.00    0.00     0.00 12015.00 104676.00     0.00   0.00    0.06     8.71    0.00      0.00     0.00   0.00    0.00     0.00    0.00    0.00    0.75  15.60
nvme1n1p5        0.00      0.00     0.00   0.00    0.00     0.00 12260.00 105260.00     0.00   0.00    0.06     8.59    0.00      0.00     0.00   0.00    0.00     0.00    0.00    0.00    0.76  17.60


avg-cpu:  %user   %nice %system %iowait  %steal   %idle
          74.09    0.00   11.30    0.76    0.00   13.85

Device            r/s     rkB/s   rrqm/s  %rrqm r_await rareq-sz     w/s     wkB/s   wrqm/s  %wrqm w_await wareq-sz     d/s     dkB/s   drqm/s  %drqm d_await dareq-sz     f/s f_await  aqu-sz  %util
nvme1n1p3        0.00      0.00     0.00   0.00    0.00     0.00 10504.00  94844.00     0.00   0.00    0.06     9.03    0.00      0.00     0.00   0.00    0.00     0.00    0.00    0.00    0.66  12.10
nvme1n1p4        0.00      0.00     0.00   0.00    0.00     0.00 10761.00  93416.00     0.00   0.00    0.06     8.68    0.00      0.00     0.00   0.00    0.00     0.00    0.00    0.00    0.68  14.10
nvme1n1p5        0.00      0.00     0.00   0.00    0.00     0.00 10707.00  93208.00     0.00   0.00    0.06     8.71    0.00      0.00     0.00   0.00    0.00     0.00    0.00    0.00    0.65  15.60


avg-cpu:  %user   %nice %system %iowait  %steal   %idle
          75.59    0.00   10.25    0.76    0.00   13.39

Device            r/s     rkB/s   rrqm/s  %rrqm r_await rareq-sz     w/s     wkB/s   wrqm/s  %wrqm w_await wareq-sz     d/s     dkB/s   drqm/s  %drqm d_await dareq-sz     f/s f_await  aqu-sz  %util
nvme1n1p3        0.00      0.00     0.00   0.00    0.00     0.00 10146.00  89876.00     0.00   0.00    0.06     8.86    0.00      0.00     0.00   0.00    0.00     0.00    0.00    0.00    0.59  10.20
nvme1n1p4        0.00      0.00     0.00   0.00    0.00     0.00 10350.00  91552.00     0.00   0.00    0.06     8.85    0.00      0.00     0.00   0.00    0.00     0.00    0.00    0.00    0.64  11.20
nvme1n1p5        0.00      0.00     0.00   0.00    0.00     0.00 10732.00  92520.00     0.00   0.00    0.07     8.62    0.00      0.00     0.00   0.00    0.00     0.00    0.00    0.00    0.75  13.60


avg-cpu:  %user   %nice %system %iowait  %steal   %idle
          73.43    0.00   11.38    0.85    0.00   14.35

Device            r/s     rkB/s   rrqm/s  %rrqm r_await rareq-sz     w/s     wkB/s   wrqm/s  %wrqm w_await wareq-sz     d/s     dkB/s   drqm/s  %drqm d_await dareq-sz     f/s f_await  aqu-sz  %util
nvme1n1p3        0.00      0.00     0.00   0.00    0.00     0.00 10370.00  92536.00     0.00   0.00    0.06     8.92    0.00      0.00     0.00   0.00    0.00     0.00    0.00    0.00    0.63  11.60
nvme1n1p4        0.00      0.00     0.00   0.00    0.00     0.00 10554.00  91700.00     0.00   0.00    0.06     8.69    0.00      0.00     0.00   0.00    0.00     0.00    0.00    0.00    0.66  13.70
nvme1n1p5        0.00      0.00     0.00   0.00    0.00     0.00 10717.00  91828.00     0.00   0.00    0.06     8.57    0.00      0.00     0.00   0.00    0.00     0.00    0.00    0.00    0.66  17.20


avg-cpu:  %user   %nice %system %iowait  %steal   %idle
          73.39    0.00   11.69    0.85    0.00   14.07

Device            r/s     rkB/s   rrqm/s  %rrqm r_await rareq-sz     w/s     wkB/s   wrqm/s  %wrqm w_await wareq-sz     d/s     dkB/s   drqm/s  %drqm d_await dareq-sz     f/s f_await  aqu-sz  %util
nvme1n1p3        0.00      0.00     0.00   0.00    0.00     0.00 10553.00  94904.00     0.00   0.00    0.06     8.99    0.00      0.00     0.00   0.00    0.00     0.00    0.00    0.00    0.64  11.20
nvme1n1p4        0.00      0.00     0.00   0.00    0.00     0.00 11346.00  97596.00     0.00   0.00    0.06     8.60    0.00      0.00     0.00   0.00    0.00     0.00    0.00    0.00    0.70  17.20
nvme1n1p5        0.00      0.00     0.00   0.00    0.00     0.00 11275.00  97348.00     0.00   0.00    0.06     8.63    0.00      0.00     0.00   0.00    0.00     0.00    0.00    0.00    0.69  13.70


avg-cpu:  %user   %nice %system %iowait  %steal   %idle
          75.15    0.00   10.85    0.85    0.00   13.15

Device            r/s     rkB/s   rrqm/s  %rrqm r_await rareq-sz     w/s     wkB/s   wrqm/s  %wrqm w_await wareq-sz     d/s     dkB/s   drqm/s  %drqm d_await dareq-sz     f/s f_await  aqu-sz  %util
nvme1n1p3        0.00      0.00     0.00   0.00    0.00     0.00 10031.00  89068.00     0.00   0.00    0.06     8.88    0.00      0.00     0.00   0.00    0.00     0.00    0.00    0.00    0.62  10.10
nvme1n1p4        0.00      0.00     0.00   0.00    0.00     0.00 10358.00  89372.00     0.00   0.00    0.06     8.63    0.00      0.00     0.00   0.00    0.00     0.00    0.00    0.00    0.66  13.00
nvme1n1p5        0.00      0.00     0.00   0.00    0.00     0.00 10398.00  89412.00     0.00   0.00    0.06     8.60    0.00      0.00     0.00   0.00    0.00     0.00    0.00    0.00    0.66  14.70


avg-cpu:  %user   %nice %system %iowait  %steal   %idle
          71.08    0.00   12.20    1.02    0.00   15.70

Device            r/s     rkB/s   rrqm/s  %rrqm r_await rareq-sz     w/s     wkB/s   wrqm/s  %wrqm w_await wareq-sz     d/s     dkB/s   drqm/s  %drqm d_await dareq-sz     f/s f_await  aqu-sz  %util
nvme1n1p3        0.00      0.00     0.00   0.00    0.00     0.00 10763.00  98476.00     0.00   0.00    0.06     9.15    0.00      0.00     0.00   0.00    0.00     0.00    0.00    0.00    0.69  12.00
nvme1n1p4        0.00      0.00     0.00   0.00    0.00     0.00 11414.00 108296.00     0.00   0.00    0.06     9.49    0.00      0.00     0.00   0.00    0.00     0.00    0.00    0.00    0.70  17.60
nvme1n1p5        0.00      0.00     0.00   0.00    0.00     0.00 11365.00 107516.00     0.00   0.00    0.06     9.46    0.00      0.00     0.00   0.00    0.00     0.00    0.00    0.00    0.70  16.90


avg-cpu:  %user   %nice %system %iowait  %steal   %idle
          74.09    0.00   12.28    0.85    0.00   12.79

Device            r/s     rkB/s   rrqm/s  %rrqm r_await rareq-sz     w/s     wkB/s   wrqm/s  %wrqm w_await wareq-sz     d/s     dkB/s   drqm/s  %drqm d_await dareq-sz     f/s f_await  aqu-sz  %util
nvme1n1p3        0.00      0.00     0.00   0.00    0.00     0.00 11326.00 169160.00     0.00   0.00    0.06    14.94    0.00      0.00     0.00   0.00    0.00     0.00    0.00    0.00    0.72  13.90
nvme1n1p4        0.00      0.00     0.00   0.00    0.00     0.00 11752.00 189740.00     0.00   0.00    0.07    16.15    0.00      0.00     0.00   0.00    0.00     0.00    0.00    0.00    0.77  16.00
nvme1n1p5        0.00      0.00     0.00   0.00    0.00     0.00 11968.00 191044.00     0.00   0.00    0.07    15.96    0.00      0.00     0.00   0.00    0.00     0.00    0.00    0.00    0.82  17.90


avg-cpu:  %user   %nice %system %iowait  %steal   %idle
          65.14    0.00   14.63    1.53    0.00   18.71

Device            r/s     rkB/s   rrqm/s  %rrqm r_await rareq-sz     w/s     wkB/s   wrqm/s  %wrqm w_await wareq-sz     d/s     dkB/s   drqm/s  %drqm d_await dareq-sz     f/s f_await  aqu-sz  %util
nvme1n1p3        0.00      0.00     0.00   0.00    0.00     0.00 10979.00 116300.00     0.00   0.00    0.06    10.59    0.00      0.00     0.00   0.00    0.00     0.00    0.00    0.00    0.62  12.50
nvme1n1p4        0.00      0.00     0.00   0.00    0.00     0.00 11247.00  94044.00     0.00   0.00    0.06     8.36    0.00      0.00     0.00   0.00    0.00     0.00    0.00    0.00    0.69  19.20
nvme1n1p5        0.00      0.00     0.00   0.00    0.00     0.00 11170.00  93476.00     0.00   0.00    0.06     8.37    0.00      0.00     0.00   0.00    0.00     0.00    0.00    0.00    0.67  20.90


avg-cpu:  %user   %nice %system %iowait  %steal   %idle
          64.78    0.00   16.13    1.52    0.00   17.57

Device            r/s     rkB/s   rrqm/s  %rrqm r_await rareq-sz     w/s     wkB/s   wrqm/s  %wrqm w_await wareq-sz     d/s     dkB/s   drqm/s  %drqm d_await dareq-sz     f/s f_await  aqu-sz  %util
nvme1n1p3        0.00      0.00     0.00   0.00    0.00     0.00 10378.00  91552.00     0.00   0.00    0.05     8.82    0.00      0.00     0.00   0.00    0.00     0.00    0.00    0.00    0.57  10.70
nvme1n1p4        0.00      0.00     0.00   0.00    0.00     0.00 11427.00  94752.00     0.00   0.00    0.06     8.29    0.00      0.00     0.00   0.00    0.00     0.00    0.00    0.00    0.70  22.20
nvme1n1p5        0.00      0.00     0.00   0.00    0.00     0.00 11400.00  94904.00     0.00   0.00    0.06     8.32    0.00      0.00     0.00   0.00    0.00     0.00    0.00    0.00    0.72  20.70


avg-cpu:  %user   %nice %system %iowait  %steal   %idle
          64.65    0.00   15.74    1.18    0.00   18.43

Device            r/s     rkB/s   rrqm/s  %rrqm r_await rareq-sz     w/s     wkB/s   wrqm/s  %wrqm w_await wareq-sz     d/s     dkB/s   drqm/s  %drqm d_await dareq-sz     f/s f_await  aqu-sz  %util
nvme1n1p3        0.00      0.00     0.00   0.00    0.00     0.00 11142.00  99184.00     0.00   0.00    0.06     8.90    0.00      0.00     0.00   0.00    0.00     0.00    0.00    0.00    0.70  12.80
nvme1n1p4        0.00      0.00     0.00   0.00    0.00     0.00 11809.00 100204.00     0.00   0.00    0.06     8.49    0.00      0.00     0.00   0.00    0.00     0.00    0.00    0.00    0.74  20.70
nvme1n1p5        0.00      0.00     0.00   0.00    0.00     0.00 11500.00  99504.00     0.00   0.00    0.07     8.65    0.00      0.00     0.00   0.00    0.00     0.00    0.00    0.00    0.77  17.10


avg-cpu:  %user   %nice %system %iowait  %steal   %idle
          66.47    0.00   15.79    1.27    0.00   16.47

Device            r/s     rkB/s   rrqm/s  %rrqm r_await rareq-sz     w/s     wkB/s   wrqm/s  %wrqm w_await wareq-sz     d/s     dkB/s   drqm/s  %drqm d_await dareq-sz     f/s f_await  aqu-sz  %util
nvme1n1p3        0.00      0.00     0.00   0.00    0.00     0.00 12452.00 111120.00     0.00   0.00    0.06     8.92    0.00      0.00     0.00   0.00    0.00     0.00    0.00    0.00    0.71  11.50
nvme1n1p4        0.00      0.00     0.00   0.00    0.00     0.00 13199.00 112896.00     0.00   0.00    0.07     8.55    0.00      0.00     0.00   0.00    0.00     0.00    0.00    0.00    0.88  19.00
nvme1n1p5        0.00      0.00     0.00   0.00    0.00     0.00 13044.00 112708.00     0.00   0.00    0.06     8.64    0.00      0.00     0.00   0.00    0.00     0.00    0.00    0.00    0.81  18.40


avg-cpu:  %user   %nice %system %iowait  %steal   %idle
          67.80    0.00   14.49    1.19    0.00   16.53

Device            r/s     rkB/s   rrqm/s  %rrqm r_await rareq-sz     w/s     wkB/s   wrqm/s  %wrqm w_await wareq-sz     d/s     dkB/s   drqm/s  %drqm d_await dareq-sz     f/s f_await  aqu-sz  %util
nvme1n1p3        0.00      0.00     0.00   0.00    0.00     0.00 11495.00 102820.00     0.00   0.00    0.06     8.94    0.00      0.00     0.00   0.00    0.00     0.00    0.00    0.00    0.65  11.10
nvme1n1p4        0.00      0.00     0.00   0.00    0.00     0.00 12149.00 104156.00     0.00   0.00    0.06     8.57    0.00      0.00     0.00   0.00    0.00     0.00    0.00    0.00    0.74  20.40
nvme1n1p5        0.00      0.00     0.00   0.00    0.00     0.00 12176.00 104288.00     0.00   0.00    0.06     8.57    0.00      0.00     0.00   0.00    0.00     0.00    0.00    0.00    0.77  17.70


avg-cpu:  %user   %nice %system %iowait  %steal   %idle
          70.63    0.00   14.18    1.01    0.00   14.18

Device            r/s     rkB/s   rrqm/s  %rrqm r_await rareq-sz     w/s     wkB/s   wrqm/s  %wrqm w_await wareq-sz     d/s     dkB/s   drqm/s  %drqm d_await dareq-sz     f/s f_await  aqu-sz  %util
nvme1n1p3        0.00      0.00     0.00   0.00    0.00     0.00 10986.00  97752.00     0.00   0.00    0.06     8.90    0.00      0.00     0.00   0.00    0.00     0.00    0.00    0.00    0.66  12.30
nvme1n1p4        0.00      0.00     0.00   0.00    0.00     0.00 11193.00  97288.00     0.00   0.00    0.06     8.69    0.00      0.00     0.00   0.00    0.00     0.00    0.00    0.00    0.71  16.40
nvme1n1p5        0.00      0.00     0.00   0.00    0.00     0.00 11407.00  97868.00     0.00   0.00    0.06     8.58    0.00      0.00     0.00   0.00    0.00     0.00    0.00    0.00    0.70  19.10


avg-cpu:  %user   %nice %system %iowait  %steal   %idle
          65.07    0.00   15.50    1.28    0.00   18.15

Device            r/s     rkB/s   rrqm/s  %rrqm r_await rareq-sz     w/s     wkB/s   wrqm/s  %wrqm w_await wareq-sz     d/s     dkB/s   drqm/s  %drqm d_await dareq-sz     f/s f_await  aqu-sz  %util
nvme1n1p3        0.00      0.00     0.00   0.00    0.00     0.00 11284.00 100588.00     0.00   0.00    0.06     8.91    0.00      0.00     0.00   0.00    0.00     0.00    0.00    0.00    0.63  13.40
nvme1n1p4        0.00      0.00     0.00   0.00    0.00     0.00 11884.00 101596.00     0.00   0.00    0.06     8.55    0.00      0.00     0.00   0.00    0.00     0.00    0.00    0.00    0.71  18.40
nvme1n1p5        0.00      0.00     0.00   0.00    0.00     0.00 11881.00 101624.00     0.00   0.00    0.06     8.55    0.00      0.00     0.00   0.00    0.00     0.00    0.00    0.00    0.71  17.50


avg-cpu:  %user   %nice %system %iowait  %steal   %idle
          70.17    0.00   13.31    0.93    0.00   15.59

Device            r/s     rkB/s   rrqm/s  %rrqm r_await rareq-sz     w/s     wkB/s   wrqm/s  %wrqm w_await wareq-sz     d/s     dkB/s   drqm/s  %drqm d_await dareq-sz     f/s f_await  aqu-sz  %util
nvme1n1p3        0.00      0.00     0.00   0.00    0.00     0.00 12051.00 107160.00     0.00   0.00    0.06     8.89    0.00      0.00     0.00   0.00    0.00     0.00    0.00    0.00    0.70  12.10
nvme1n1p4        0.00      0.00     0.00   0.00    0.00     0.00 12431.00 108764.00     0.00   0.00    0.06     8.75    0.00      0.00     0.00   0.00    0.00     0.00    0.00    0.00    0.78  17.60
nvme1n1p5        0.00      0.00     0.00   0.00    0.00     0.00 12324.00 108164.00     0.00   0.00    0.06     8.78    0.00      0.00     0.00   0.00    0.00     0.00    0.00    0.00    0.76  15.70


avg-cpu:  %user   %nice %system %iowait  %steal   %idle
          66.89    0.00   14.89    1.19    0.00   17.02

Device            r/s     rkB/s   rrqm/s  %rrqm r_await rareq-sz     w/s     wkB/s   wrqm/s  %wrqm w_await wareq-sz     d/s     dkB/s   drqm/s  %drqm d_await dareq-sz     f/s f_await  aqu-sz  %util
nvme1n1p3        0.00      0.00     0.00   0.00    0.00     0.00 12054.00 108200.00     0.00   0.00    0.06     8.98    0.00      0.00     0.00   0.00    0.00     0.00    0.00    0.00    0.72  11.70
nvme1n1p4        0.00      0.00     0.00   0.00    0.00     0.00 12577.00 108804.00     0.00   0.00    0.06     8.65    0.00      0.00     0.00   0.00    0.00     0.00    0.00    0.00    0.78  19.40
nvme1n1p5        0.00      0.00     0.00   0.00    0.00     0.00 12776.00 109400.00     0.00   0.00    0.06     8.56    0.00      0.00     0.00   0.00    0.00     0.00    0.00    0.00    0.80  20.10


avg-cpu:  %user   %nice %system %iowait  %steal   %idle
          66.75    0.00   14.83    1.19    0.00   17.22

Device            r/s     rkB/s   rrqm/s  %rrqm r_await rareq-sz     w/s     wkB/s   wrqm/s  %wrqm w_await wareq-sz     d/s     dkB/s   drqm/s  %drqm d_await dareq-sz     f/s f_await  aqu-sz  %util
nvme1n1p3        0.00      0.00     0.00   0.00    0.00     0.00 12397.00 111436.00     0.00   0.00    0.06     8.99    0.00      0.00     0.00   0.00    0.00     0.00    0.00    0.00    0.73  13.60
nvme1n1p4        0.00      0.00     0.00   0.00    0.00     0.00 12639.00 111188.00     0.00   0.00    0.06     8.80    0.00      0.00     0.00   0.00    0.00     0.00    0.00    0.00    0.73  15.30
nvme1n1p5        0.00      0.00     0.00   0.00    0.00     0.00 12941.00 111972.00     0.00   0.00    0.06     8.65    0.00      0.00     0.00   0.00    0.00     0.00    0.00    0.00    0.81  19.80


avg-cpu:  %user   %nice %system %iowait  %steal   %idle
          67.43    0.00   15.43    1.02    0.00   16.11

Device            r/s     rkB/s   rrqm/s  %rrqm r_await rareq-sz     w/s     wkB/s   wrqm/s  %wrqm w_await wareq-sz     d/s     dkB/s   drqm/s  %drqm d_await dareq-sz     f/s f_await  aqu-sz  %util
nvme1n1p3        0.00      0.00     0.00   0.00    0.00     0.00 12441.00 110548.00     0.00   0.00    0.06     8.89    0.00      0.00     0.00   0.00    0.00     0.00    0.00    0.00    0.71  13.60
nvme1n1p4        0.00      0.00     0.00   0.00    0.00     0.00 12859.00 112476.00     0.00   0.00    0.06     8.75    0.00      0.00     0.00   0.00    0.00     0.00    0.00    0.00    0.78  16.10
nvme1n1p5        0.00      0.00     0.00   0.00    0.00     0.00 13079.00 112660.00     0.00   0.00    0.06     8.61    0.00      0.00     0.00   0.00    0.00     0.00    0.00    0.00    0.79  18.50


avg-cpu:  %user   %nice %system %iowait  %steal   %idle
          67.92    0.00   13.69    1.20    0.00   17.19

Device            r/s     rkB/s   rrqm/s  %rrqm r_await rareq-sz     w/s     wkB/s   wrqm/s  %wrqm w_await wareq-sz     d/s     dkB/s   drqm/s  %drqm d_await dareq-sz     f/s f_await  aqu-sz  %util
nvme1n1p3        0.00      0.00     0.00   0.00    0.00     0.00 12298.00 111284.00     0.00   0.00    0.06     9.05    0.00      0.00     0.00   0.00    0.00     0.00    0.00    0.00    0.71  12.30
nvme1n1p4        0.00      0.00     0.00   0.00    0.00     0.00 12744.00 111116.00     0.00   0.00    0.06     8.72    0.00      0.00     0.00   0.00    0.00     0.00    0.00    0.00    0.80  19.00
nvme1n1p5        0.00      0.00     0.00   0.00    0.00     0.00 12522.00 110404.00     0.00   0.00    0.06     8.82    0.00      0.00     0.00   0.00    0.00     0.00    0.00    0.00    0.77  14.60


avg-cpu:  %user   %nice %system %iowait  %steal   %idle
          67.83    0.00   14.42    1.37    0.00   16.38

Device            r/s     rkB/s   rrqm/s  %rrqm r_await rareq-sz     w/s     wkB/s   wrqm/s  %wrqm w_await wareq-sz     d/s     dkB/s   drqm/s  %drqm d_await dareq-sz     f/s f_await  aqu-sz  %util
nvme1n1p3        0.00      0.00     0.00   0.00    0.00     0.00 12186.00 108820.00     0.00   0.00    0.06     8.93    0.00      0.00     0.00   0.00    0.00     0.00    0.00    0.00    0.70  11.90
nvme1n1p4        0.00      0.00     0.00   0.00    0.00     0.00 12656.00 109480.00     0.00   0.00    0.06     8.65    0.00      0.00     0.00   0.00    0.00     0.00    0.00    0.00    0.76  18.20
nvme1n1p5        0.00      0.00     0.00   0.00    0.00     0.00 12746.00 109644.00     0.00   0.00    0.06     8.60    0.00      0.00     0.00   0.00    0.00     0.00    0.00    0.00    0.79  20.70


avg-cpu:  %user   %nice %system %iowait  %steal   %idle
          74.62    0.00   11.33    0.85    0.00   13.20

Device            r/s     rkB/s   rrqm/s  %rrqm r_await rareq-sz     w/s     wkB/s   wrqm/s  %wrqm w_await wareq-sz     d/s     dkB/s   drqm/s  %drqm d_await dareq-sz     f/s f_await  aqu-sz  %util
nvme1n1p3        0.00      0.00     0.00   0.00    0.00     0.00 8405.00  75160.00     0.00   0.00    0.06     8.94    0.00      0.00     0.00   0.00    0.00     0.00    0.00    0.00    0.51   8.90
nvme1n1p4        0.00      0.00     0.00   0.00    0.00     0.00 9070.00  77688.00     0.00   0.00    0.07     8.57    0.00      0.00     0.00   0.00    0.00     0.00    0.00    0.00    0.59  14.70
nvme1n1p5        0.00      0.00     0.00   0.00    0.00     0.00 9119.00  77820.00     0.00   0.00    0.07     8.53    0.00      0.00     0.00   0.00    0.00     0.00    0.00    0.00    0.59  12.90


avg-cpu:  %user   %nice %system %iowait  %steal   %idle
          67.21    0.00   15.08    1.02    0.00   16.70

Device            r/s     rkB/s   rrqm/s  %rrqm r_await rareq-sz     w/s     wkB/s   wrqm/s  %wrqm w_await wareq-sz     d/s     dkB/s   drqm/s  %drqm d_await dareq-sz     f/s f_await  aqu-sz  %util
nvme1n1p3        0.00      0.00     0.00   0.00    0.00     0.00 12266.00 109564.00     0.00   0.00    0.06     8.93    0.00      0.00     0.00   0.00    0.00     0.00    0.00    0.00    0.73  11.70
nvme1n1p4        0.00      0.00     0.00   0.00    0.00     0.00 12441.00 108244.00     0.00   0.00    0.07     8.70    0.00      0.00     0.00   0.00    0.00     0.00    0.00    0.00    0.84  17.00
nvme1n1p5        0.00      0.00     0.00   0.00    0.00     0.00 12626.00 109024.00     0.00   0.00    0.06     8.63    0.00      0.00     0.00   0.00    0.00     0.00    0.00    0.00    0.76  17.60


avg-cpu:  %user   %nice %system %iowait  %steal   %idle
          69.54    0.00   14.68    0.85    0.00   14.93

Device            r/s     rkB/s   rrqm/s  %rrqm r_await rareq-sz     w/s     wkB/s   wrqm/s  %wrqm w_await wareq-sz     d/s     dkB/s   drqm/s  %drqm d_await dareq-sz     f/s f_await  aqu-sz  %util
nvme1n1p3        0.00      0.00     0.00   0.00    0.00     0.00 11954.00 106212.00     0.00   0.00    0.06     8.89    0.00      0.00     0.00   0.00    0.00     0.00    0.00    0.00    0.69  14.20
nvme1n1p4        0.00      0.00     0.00   0.00    0.00     0.00 12235.00 108080.00     0.00   0.00    0.06     8.83    0.00      0.00     0.00   0.00    0.00     0.00    0.00    0.00    0.74  14.40
nvme1n1p5        0.00      0.00     0.00   0.00    0.00     0.00 12258.00 108016.00     0.00   0.00    0.06     8.81    0.00      0.00     0.00   0.00    0.00     0.00    0.00    0.00    0.75  14.50


avg-cpu:  %user   %nice %system %iowait  %steal   %idle
          69.75    0.00   14.31    1.03    0.00   14.91

Device            r/s     rkB/s   rrqm/s  %rrqm r_await rareq-sz     w/s     wkB/s   wrqm/s  %wrqm w_await wareq-sz     d/s     dkB/s   drqm/s  %drqm d_await dareq-sz     f/s f_await  aqu-sz  %util
nvme1n1p3        0.00      0.00     0.00   0.00    0.00     0.00 10795.00 115752.00     0.00   0.00    0.06    10.72    0.00      0.00     0.00   0.00    0.00     0.00    0.00    0.00    0.63  11.70
nvme1n1p4        0.00      0.00     0.00   0.00    0.00     0.00 11514.00 135512.00     0.00   0.00    0.06    11.77    0.00      0.00     0.00   0.00    0.00     0.00    0.00    0.00    0.73  20.70
nvme1n1p5        0.00      0.00     0.00   0.00    0.00     0.00 11380.00 138800.00     0.00   0.00    0.06    12.20    0.00      0.00     0.00   0.00    0.00     0.00    0.00    0.00    0.71  16.60


avg-cpu:  %user   %nice %system %iowait  %steal   %idle
          72.17    0.00   12.68    0.85    0.00   14.30

Device            r/s     rkB/s   rrqm/s  %rrqm r_await rareq-sz     w/s     wkB/s   wrqm/s  %wrqm w_await wareq-sz     d/s     dkB/s   drqm/s  %drqm d_await dareq-sz     f/s f_await  aqu-sz  %util
nvme1n1p3        0.00      0.00     0.00   0.00    0.00     0.00 11635.00 172560.00     0.00   0.00    0.06    14.83    0.00      0.00     0.00   0.00    0.00     0.00    0.00    0.00    0.74  12.10
nvme1n1p4        0.00      0.00     0.00   0.00    0.00     0.00 11779.00 156136.00     0.00   0.00    0.07    13.26    0.00      0.00     0.00   0.00    0.00     0.00    0.00    0.00    0.79  14.90
nvme1n1p5        0.00      0.00     0.00   0.00    0.00     0.00 11812.00 152600.00     0.00   0.00    0.07    12.92    0.00      0.00     0.00   0.00    0.00     0.00    0.00    0.00    0.79  17.20


avg-cpu:  %user   %nice %system %iowait  %steal   %idle
          79.68    0.00    9.48    0.68    0.00   10.16

Device            r/s     rkB/s   rrqm/s  %rrqm r_await rareq-sz     w/s     wkB/s   wrqm/s  %wrqm w_await wareq-sz     d/s     dkB/s   drqm/s  %drqm d_await dareq-sz     f/s f_await  aqu-sz  %util
nvme1n1p3        0.00      0.00     0.00   0.00    0.00     0.00 7772.00  68036.00     0.00   0.00    0.07     8.75    0.00      0.00     0.00   0.00    0.00     0.00    0.00    0.00    0.54   9.00
nvme1n1p4        0.00      0.00     0.00   0.00    0.00     0.00 7849.00  66852.00     0.00   0.00    0.06     8.52    0.00      0.00     0.00   0.00    0.00     0.00    0.00    0.00    0.48  12.20
nvme1n1p5        0.00      0.00     0.00   0.00    0.00     0.00 7640.00  65084.00     0.00   0.00    0.07     8.52    0.00      0.00     0.00   0.00    0.00     0.00    0.00    0.00    0.51  10.10


avg-cpu:  %user   %nice %system %iowait  %steal   %idle
          71.94    0.00   12.59    0.94    0.00   14.54

Device            r/s     rkB/s   rrqm/s  %rrqm r_await rareq-sz     w/s     wkB/s   wrqm/s  %wrqm w_await wareq-sz     d/s     dkB/s   drqm/s  %drqm d_await dareq-sz     f/s f_await  aqu-sz  %util
nvme1n1p3        0.00      0.00     0.00   0.00    0.00     0.00 9520.00  84816.00     0.00   0.00    0.06     8.91    0.00      0.00     0.00   0.00    0.00     0.00    0.00    0.00    0.55  11.60
nvme1n1p4        0.00      0.00     0.00   0.00    0.00     0.00 9958.00  85348.00     0.00   0.00    0.07     8.57    0.00      0.00     0.00   0.00    0.00     0.00    0.00    0.00    0.66  16.10
nvme1n1p5        0.00      0.00     0.00   0.00    0.00     0.00 10303.00  87792.00     0.00   0.00    0.06     8.52    0.00      0.00     0.00   0.00    0.00     0.00    0.00    0.00    0.63  14.20


avg-cpu:  %user   %nice %system %iowait  %steal   %idle
          70.36    0.00   13.97    1.02    0.00   14.65

Device            r/s     rkB/s   rrqm/s  %rrqm r_await rareq-sz     w/s     wkB/s   wrqm/s  %wrqm w_await wareq-sz     d/s     dkB/s   drqm/s  %drqm d_await dareq-sz     f/s f_await  aqu-sz  %util
nvme1n1p3        0.00      0.00     0.00   0.00    0.00     0.00 11794.00 104540.00     0.00   0.00    0.06     8.86    0.00      0.00     0.00   0.00    0.00     0.00    0.00    0.00    0.76  12.10
nvme1n1p4        0.00      0.00     0.00   0.00    0.00     0.00 12250.00 106592.00     0.00   0.00    0.06     8.70    0.00      0.00     0.00   0.00    0.00     0.00    0.00    0.00    0.77  17.00
nvme1n1p5        0.00      0.00     0.00   0.00    0.00     0.00 12163.00 106128.00     0.00   0.00    0.06     8.73    0.00      0.00     0.00   0.00    0.00     0.00    0.00    0.00    0.76  17.90


avg-cpu:  %user   %nice %system %iowait  %steal   %idle
          67.89    0.00   14.48    1.02    0.00   16.61

Device            r/s     rkB/s   rrqm/s  %rrqm r_await rareq-sz     w/s     wkB/s   wrqm/s  %wrqm w_await wareq-sz     d/s     dkB/s   drqm/s  %drqm d_await dareq-sz     f/s f_await  aqu-sz  %util
nvme1n1p3        0.00      0.00     0.00   0.00    0.00     0.00 11501.00 102456.00     0.00   0.00    0.07     8.91    0.00      0.00     0.00   0.00    0.00     0.00    0.00    0.00    0.75  13.10
nvme1n1p4        0.00      0.00     0.00   0.00    0.00     0.00 11984.00 103300.00     0.00   0.00    0.06     8.62    0.00      0.00     0.00   0.00    0.00     0.00    0.00    0.00    0.73  17.80
nvme1n1p5        0.00      0.00     0.00   0.00    0.00     0.00 12050.00 103512.00     0.00   0.00    0.06     8.59    0.00      0.00     0.00   0.00    0.00     0.00    0.00    0.00    0.72  18.00


avg-cpu:  %user   %nice %system %iowait  %steal   %idle
          69.77    0.00   14.01    1.02    0.00   15.20

Device            r/s     rkB/s   rrqm/s  %rrqm r_await rareq-sz     w/s     wkB/s   wrqm/s  %wrqm w_await wareq-sz     d/s     dkB/s   drqm/s  %drqm d_await dareq-sz     f/s f_await  aqu-sz  %util
nvme1n1p3        0.00      0.00     0.00   0.00    0.00     0.00 12001.00 106600.00     0.00   0.00    0.06     8.88    0.00      0.00     0.00   0.00    0.00     0.00    0.00    0.00    0.70  12.80
nvme1n1p4        0.00      0.00     0.00   0.00    0.00     0.00 12237.00 106988.00     0.00   0.00    0.06     8.74    0.00      0.00     0.00   0.00    0.00     0.00    0.00    0.00    0.76  16.30
nvme1n1p5        0.00      0.00     0.00   0.00    0.00     0.00 12386.00 107436.00     0.00   0.00    0.06     8.67    0.00      0.00     0.00   0.00    0.00     0.00    0.00    0.00    0.79  17.50


avg-cpu:  %user   %nice %system %iowait  %steal   %idle
          69.18    0.00   14.76    1.20    0.00   14.85

Device            r/s     rkB/s   rrqm/s  %rrqm r_await rareq-sz     w/s     wkB/s   wrqm/s  %wrqm w_await wareq-sz     d/s     dkB/s   drqm/s  %drqm d_await dareq-sz     f/s f_await  aqu-sz  %util
nvme1n1p3        0.00      0.00     0.00   0.00    0.00     0.00 9621.00  85488.00     0.00   0.00    0.06     8.89    0.00      0.00     0.00   0.00    0.00     0.00    0.00    0.00    0.54  10.60
nvme1n1p4        2.00    256.00     0.00   0.00    0.00   128.00 10432.00  88216.00     0.00   0.00    0.06     8.46    0.00      0.00     0.00   0.00    0.00     0.00    0.00    0.00    0.66  20.10
nvme1n1p5        7.00    772.00     0.00   0.00    0.14   110.29 10063.00  87280.00     0.00   0.00    0.06     8.67    0.00      0.00     0.00   0.00    0.00     0.00    0.00    0.00    0.62  16.90


avg-cpu:  %user   %nice %system %iowait  %steal   %idle
          46.51    0.00   11.84    1.02    0.00   40.63

Device            r/s     rkB/s   rrqm/s  %rrqm r_await rareq-sz     w/s     wkB/s   wrqm/s  %wrqm w_await wareq-sz     d/s     dkB/s   drqm/s  %drqm d_await dareq-sz     f/s f_await  aqu-sz  %util
nvme1n1p3        7.00    772.00     0.00   0.00    0.14   110.29 4355.00  37244.00     0.00   0.00    0.07     8.55    0.00      0.00     0.00   0.00    0.00     0.00    0.00    0.00    0.29   7.00
nvme1n1p4        5.00    516.00     0.00   0.00    0.20   103.20 4255.00  35256.00     0.00   0.00    0.06     8.29    0.00      0.00     0.00   0.00    0.00     0.00    0.00    0.00    0.26   8.70
nvme1n1p5        0.00      0.00     0.00   0.00    0.00     0.00 4244.00  35228.00     0.00   0.00    0.06     8.30    0.00      0.00     0.00   0.00    0.00     0.00    0.00    0.00    0.25   8.10


avg-cpu:  %user   %nice %system %iowait  %steal   %idle
          23.98    0.00    5.56    0.33    0.00   70.13

Device            r/s     rkB/s   rrqm/s  %rrqm r_await rareq-sz     w/s     wkB/s   wrqm/s  %wrqm w_await wareq-sz     d/s     dkB/s   drqm/s  %drqm d_await dareq-sz     f/s f_await  aqu-sz  %util
nvme1n1p3        0.00      0.00     0.00   0.00    0.00     0.00  162.00    772.00     0.00   0.00    0.11     4.77    0.00      0.00     0.00   0.00    0.00     0.00    0.00    0.00    0.02   1.60
nvme1n1p4        0.00      0.00     0.00   0.00    0.00     0.00  116.00    504.00     0.00   0.00    0.15     4.34    0.00      0.00     0.00   0.00    0.00     0.00    0.00    0.00    0.02   1.80
nvme1n1p5        0.00      0.00     0.00   0.00    0.00     0.00  157.00    772.00     0.00   0.00    0.11     4.92    0.00      0.00     0.00   0.00    0.00     0.00    0.00    0.00    0.02   1.90


avg-cpu:  %user   %nice %system %iowait  %steal   %idle
          15.69    0.00    2.55    0.16    0.00   81.59

Device            r/s     rkB/s   rrqm/s  %rrqm r_await rareq-sz     w/s     wkB/s   wrqm/s  %wrqm w_await wareq-sz     d/s     dkB/s   drqm/s  %drqm d_await dareq-sz     f/s f_await  aqu-sz  %util
nvme1n1p3        0.00      0.00     0.00   0.00    0.00     0.00   36.00    164.00     0.00   0.00    0.14     4.56    0.00      0.00     0.00   0.00    0.00     0.00    0.00    0.00    0.01   0.40
nvme1n1p4        0.00      0.00     0.00   0.00    0.00     0.00   70.00    360.00     0.00   0.00    0.10     5.14    0.00      0.00     0.00   0.00    0.00     0.00    0.00    0.00    0.01   0.60
nvme1n1p5        0.00      0.00     0.00   0.00    0.00     0.00   40.00    172.00     0.00   0.00    0.12     4.30    0.00      0.00     0.00   0.00    0.00     0.00    0.00    0.00    0.01   0.50


avg-cpu:  %user   %nice %system %iowait  %steal   %idle
          16.36    0.00    2.66    0.25    0.00   80.73

Device            r/s     rkB/s   rrqm/s  %rrqm r_await rareq-sz     w/s     wkB/s   wrqm/s  %wrqm w_await wareq-sz     d/s     dkB/s   drqm/s  %drqm d_await dareq-sz     f/s f_await  aqu-sz  %util
nvme1n1p3        0.00      0.00     0.00   0.00    0.00     0.00   56.00    244.00     0.00   0.00    0.20     4.36    0.00      0.00     0.00   0.00    0.00     0.00    0.00    0.00    0.01   1.00
nvme1n1p4        0.00      0.00     0.00   0.00    0.00     0.00   60.00    252.00     0.00   0.00    0.17     4.20    0.00      0.00     0.00   0.00    0.00     0.00    0.00    0.00    0.01   0.80
nvme1n1p5        0.00      0.00     0.00   0.00    0.00     0.00   60.00    256.00     0.00   0.00    0.20     4.27    0.00      0.00     0.00   0.00    0.00     0.00    0.00    0.00    0.01   1.10


avg-cpu:  %user   %nice %system %iowait  %steal   %idle
          24.39    0.00    3.78    0.25    0.00   71.57

Device            r/s     rkB/s   rrqm/s  %rrqm r_await rareq-sz     w/s     wkB/s   wrqm/s  %wrqm w_await wareq-sz     d/s     dkB/s   drqm/s  %drqm d_await dareq-sz     f/s f_await  aqu-sz  %util
nvme1n1p3        0.00      0.00     0.00   0.00    0.00     0.00  116.00    572.00     0.00   0.00    0.09     4.93    0.00      0.00     0.00   0.00    0.00     0.00    0.00    0.00    0.01   0.70
nvme1n1p4        0.00      0.00     0.00   0.00    0.00     0.00  126.00    692.00     0.00   0.00    0.09     5.49    0.00      0.00     0.00   0.00    0.00     0.00    0.00    0.00    0.01   0.70
nvme1n1p5        0.00      0.00     0.00   0.00    0.00     0.00  122.00    612.00     0.00   0.00    0.09     5.02    0.00      0.00     0.00   0.00    0.00     0.00    0.00    0.00    0.01   1.30


avg-cpu:  %user   %nice %system %iowait  %steal   %idle
          56.59    0.00   21.66    0.09    0.00   21.66

Device            r/s     rkB/s   rrqm/s  %rrqm r_await rareq-sz     w/s     wkB/s   wrqm/s  %wrqm w_await wareq-sz     d/s     dkB/s   drqm/s  %drqm d_await dareq-sz     f/s f_await  aqu-sz  %util
nvme1n1p3     6407.00  25628.00     0.00   0.00    0.06     4.00  139.00   1124.00     0.00   0.00    0.09     8.09    0.00      0.00     0.00   0.00    0.00     0.00    0.00    0.00    0.37  26.90
nvme1n1p4     5913.00  23652.00     0.00   0.00    0.05     4.00  144.00   1224.00     0.00   0.00    0.08     8.50    0.00      0.00     0.00   0.00    0.00     0.00    0.00    0.00    0.34  22.80
nvme1n1p5     7542.00  30168.00     0.00   0.00    0.05     4.00  152.00   1248.00     0.00   0.00    0.09     8.21    0.00      0.00     0.00   0.00    0.00     0.00    0.00    0.00    0.42  26.90


avg-cpu:  %user   %nice %system %iowait  %steal   %idle
          61.58    0.00   23.17    0.09    0.00   15.16

Device            r/s     rkB/s   rrqm/s  %rrqm r_await rareq-sz     w/s     wkB/s   wrqm/s  %wrqm w_await wareq-sz     d/s     dkB/s   drqm/s  %drqm d_await dareq-sz     f/s f_await  aqu-sz  %util
nvme1n1p3     6770.00  27080.00     0.00   0.00    0.05     4.00   88.00    352.00     0.00   0.00    0.08     4.00    0.00      0.00     0.00   0.00    0.00     0.00    0.00    0.00    0.38  27.90
nvme1n1p4     6029.00  24116.00     0.00   0.00    0.05     4.00   96.00    372.00     0.00   0.00    0.08     3.88    0.00      0.00     0.00   0.00    0.00     0.00    0.00    0.00    0.33  23.00
nvme1n1p5     8356.00  33424.00     0.00   0.00    0.05     4.00   88.00    356.00     0.00   0.00    0.08     4.05    0.00      0.00     0.00   0.00    0.00     0.00    0.00    0.00    0.45  29.80


avg-cpu:  %user   %nice %system %iowait  %steal   %idle
          61.32    0.00   23.06    0.00    0.00   15.63

Device            r/s     rkB/s   rrqm/s  %rrqm r_await rareq-sz     w/s     wkB/s   wrqm/s  %wrqm w_await wareq-sz     d/s     dkB/s   drqm/s  %drqm d_await dareq-sz     f/s f_await  aqu-sz  %util
nvme1n1p3     6862.00  27448.00     0.00   0.00    0.05     4.00   99.00    624.00     0.00   0.00    0.08     6.30    0.00      0.00     0.00   0.00    0.00     0.00    0.00    0.00    0.38  29.30
nvme1n1p4     6582.00  26328.00     0.00   0.00    0.05     4.00   60.00    236.00     0.00   0.00    0.08     3.93    0.00      0.00     0.00   0.00    0.00     0.00    0.00    0.00    0.35  27.50
nvme1n1p5     8674.00  34696.00     0.00   0.00    0.05     4.00   88.00    484.00     0.00   0.00    0.08     5.50    0.00      0.00     0.00   0.00    0.00     0.00    0.00    0.00    0.46  32.90


avg-cpu:  %user   %nice %system %iowait  %steal   %idle
          62.25    0.00   22.29    0.09    0.00   15.37

Device            r/s     rkB/s   rrqm/s  %rrqm r_await rareq-sz     w/s     wkB/s   wrqm/s  %wrqm w_await wareq-sz     d/s     dkB/s   drqm/s  %drqm d_await dareq-sz     f/s f_await  aqu-sz  %util
nvme1n1p3     6739.00  26960.00     0.00   0.00    0.05     4.00   36.00    148.00     0.00   0.00    0.11     4.11    0.00      0.00     0.00   0.00    0.00     0.00    0.00    0.00    0.37  28.90
nvme1n1p4     6266.00  25064.00     0.00   0.00    0.05     4.00   57.00    340.00     0.00   0.00    0.07     5.96    0.00      0.00     0.00   0.00    0.00     0.00    0.00    0.00    0.33  24.70
nvme1n1p5     8366.00  33464.00     0.00   0.00    0.05     4.00   40.00    156.00     0.00   0.00    0.10     3.90    0.00      0.00     0.00   0.00    0.00     0.00    0.00    0.00    0.44  29.80


avg-cpu:  %user   %nice %system %iowait  %steal   %idle
          51.28    0.00   31.23    0.00    0.00   17.49

Device            r/s     rkB/s   rrqm/s  %rrqm r_await rareq-sz     w/s     wkB/s   wrqm/s  %wrqm w_await wareq-sz     d/s     dkB/s   drqm/s  %drqm d_await dareq-sz     f/s f_await  aqu-sz  %util
nvme1n1p3     8675.00  34700.00     0.00   0.00    0.05     4.00   36.00    144.00     0.00   0.00    0.08     4.00    0.00      0.00     0.00   0.00    0.00     0.00    0.00    0.00    0.46  34.80
nvme1n1p4     7992.00  31968.00     0.00   0.00    0.05     4.00   36.00    148.00     0.00   0.00    0.11     4.11    0.00      0.00     0.00   0.00    0.00     0.00    0.00    0.00    0.41  28.20
nvme1n1p5     10731.00  42924.00     0.00   0.00    0.05     4.00   44.00    164.00     0.00   0.00    0.09     3.73    0.00      0.00     0.00   0.00    0.00     0.00    0.00    0.00    0.55  39.10


avg-cpu:  %user   %nice %system %iowait  %steal   %idle
          50.04    0.00   30.47    0.09    0.00   19.40

Device            r/s     rkB/s   rrqm/s  %rrqm r_await rareq-sz     w/s     wkB/s   wrqm/s  %wrqm w_await wareq-sz     d/s     dkB/s   drqm/s  %drqm d_await dareq-sz     f/s f_await  aqu-sz  %util
nvme1n1p3     8773.00  35096.00     0.00   0.00    0.05     4.00   52.00    232.00     0.00   0.00    0.08     4.46    0.00      0.00     0.00   0.00    0.00     0.00    0.00    0.00    0.46  34.70
nvme1n1p4     7972.00  31888.00     0.00   0.00    0.05     4.00   32.00    116.00     0.00   0.00    0.09     3.62    0.00      0.00     0.00   0.00    0.00     0.00    0.00    0.00    0.40  26.40
nvme1n1p5     10633.00  42532.00     0.00   0.00    0.05     4.00   52.00    228.00     0.00   0.00    0.06     4.38    0.00      0.00     0.00   0.00    0.00     0.00    0.00    0.00    0.53  40.70


avg-cpu:  %user   %nice %system %iowait  %steal   %idle
          60.65    0.00   24.29    0.09    0.00   14.97

Device            r/s     rkB/s   rrqm/s  %rrqm r_await rareq-sz     w/s     wkB/s   wrqm/s  %wrqm w_await wareq-sz     d/s     dkB/s   drqm/s  %drqm d_await dareq-sz     f/s f_await  aqu-sz  %util
nvme1n1p3     6695.00  26780.00     0.00   0.00    0.06     4.00  168.00    712.00     0.00   0.00    0.08     4.24    0.00      0.00     0.00   0.00    0.00     0.00    0.00    0.00    0.38  29.10
nvme1n1p4     5984.00  23940.00     0.00   0.00    0.05     4.00  202.00    912.00     0.00   0.00    0.07     4.51    0.00      0.00     0.00   0.00    0.00     0.00    0.00    0.00    0.33  26.40
nvme1n1p5     8135.00  32548.00     0.00   0.00    0.05     4.00  176.00    732.00     0.00   0.00    0.09     4.16    0.00      0.00     0.00   0.00    0.00     0.00    0.00    0.00    0.45  31.80


avg-cpu:  %user   %nice %system %iowait  %steal   %idle
          54.20    0.00   27.57    0.09    0.00   18.15

Device            r/s     rkB/s   rrqm/s  %rrqm r_await rareq-sz     w/s     wkB/s   wrqm/s  %wrqm w_await wareq-sz     d/s     dkB/s   drqm/s  %drqm d_await dareq-sz     f/s f_await  aqu-sz  %util
nvme1n1p3     8078.00  32312.00     0.00   0.00    0.05     4.00   68.00    424.00     0.00   0.00    0.09     6.24    0.00      0.00     0.00   0.00    0.00     0.00    0.00    0.00    0.43  30.60
nvme1n1p4     7446.00  29788.00     0.00   0.00    0.05     4.00   32.00    152.00     0.00   0.00    0.09     4.75    0.00      0.00     0.00   0.00    0.00     0.00    0.00    0.00    0.38  28.70
nvme1n1p5     9968.00  39872.00     0.00   0.00    0.05     4.00   64.00    416.00     0.00   0.00    0.08     6.50    0.00      0.00     0.00   0.00    0.00     0.00    0.00    0.00    0.51  35.30


avg-cpu:  %user   %nice %system %iowait  %steal   %idle
          51.76    0.00   30.68    0.00    0.00   17.57

Device            r/s     rkB/s   rrqm/s  %rrqm r_await rareq-sz     w/s     wkB/s   wrqm/s  %wrqm w_await wareq-sz     d/s     dkB/s   drqm/s  %drqm d_await dareq-sz     f/s f_await  aqu-sz  %util
nvme1n1p3     8721.00  34884.00     0.00   0.00    0.05     4.00   56.00    224.00     0.00   0.00    0.09     4.00    0.00      0.00     0.00   0.00    0.00     0.00    0.00    0.00    0.46  36.20
nvme1n1p4     7852.00  31408.00     0.00   0.00    0.05     4.00   64.00    248.00     0.00   0.00    0.09     3.88    0.00      0.00     0.00   0.00    0.00     0.00    0.00    0.00    0.41  26.10
nvme1n1p5     10545.00  42180.00     0.00   0.00    0.05     4.00   64.00    248.00     0.00   0.00    0.09     3.88    0.00      0.00     0.00   0.00    0.00     0.00    0.00    0.00    0.54  37.60


avg-cpu:  %user   %nice %system %iowait  %steal   %idle
          49.83    0.00   31.42    0.09    0.00   18.66

Device            r/s     rkB/s   rrqm/s  %rrqm r_await rareq-sz     w/s     wkB/s   wrqm/s  %wrqm w_await wareq-sz     d/s     dkB/s   drqm/s  %drqm d_await dareq-sz     f/s f_await  aqu-sz  %util
nvme1n1p3     8569.00  34276.00     0.00   0.00    0.05     4.00   40.00    184.00     0.00   0.00    0.07     4.60    0.00      0.00     0.00   0.00    0.00     0.00    0.00    0.00    0.46  33.10
nvme1n1p4     7867.00  31468.00     0.00   0.00    0.05     4.00   68.00    384.00     0.00   0.00    0.09     5.65    0.00      0.00     0.00   0.00    0.00     0.00    0.00    0.00    0.41  31.20
nvme1n1p5     10446.00  41784.00     0.00   0.00    0.05     4.00   40.00    184.00     0.00   0.00    0.10     4.60    0.00      0.00     0.00   0.00    0.00     0.00    0.00    0.00    0.53  36.80


avg-cpu:  %user   %nice %system %iowait  %steal   %idle
          51.62    0.00   30.00    0.00    0.00   18.38

Device            r/s     rkB/s   rrqm/s  %rrqm r_await rareq-sz     w/s     wkB/s   wrqm/s  %wrqm w_await wareq-sz     d/s     dkB/s   drqm/s  %drqm d_await dareq-sz     f/s f_await  aqu-sz  %util
nvme1n1p3     7925.00  31704.00     0.00   0.00    0.05     4.00   68.00    272.00     0.00   0.00    0.07     4.00    0.00      0.00     0.00   0.00    0.00     0.00    0.00    0.00    0.43  33.10
nvme1n1p4     7303.00  29212.00     0.00   0.00    0.05     4.00   40.00    156.00     0.00   0.00    0.07     3.90    0.00      0.00     0.00   0.00    0.00     0.00    0.00    0.00    0.38  27.80
nvme1n1p5     9709.00  38836.00     0.00   0.00    0.05     4.00   68.00    276.00     0.00   0.00    0.07     4.06    0.00      0.00     0.00   0.00    0.00     0.00    0.00    0.00    0.50  37.50


avg-cpu:  %user   %nice %system %iowait  %steal   %idle
          53.50    0.00   28.67    0.09    0.00   17.75

Device            r/s     rkB/s   rrqm/s  %rrqm r_await rareq-sz     w/s     wkB/s   wrqm/s  %wrqm w_await wareq-sz     d/s     dkB/s   drqm/s  %drqm d_await dareq-sz     f/s f_await  aqu-sz  %util
nvme1n1p3     7518.00  30068.00     0.00   0.00    0.05     4.00   88.00    356.00     0.00   0.00    0.08     4.05    0.00      0.00     0.00   0.00    0.00     0.00    0.00    0.00    0.41  31.00
nvme1n1p4     6767.00  27068.00     0.00   0.00    0.05     4.00   84.00    352.00     0.00   0.00    0.08     4.19    0.00      0.00     0.00   0.00    0.00     0.00    0.00    0.00    0.36  25.10
nvme1n1p5     9322.00  37288.00     0.00   0.00    0.05     4.00   88.00    356.00     0.00   0.00    0.08     4.05    0.00      0.00     0.00   0.00    0.00     0.00    0.00    0.00    0.49  34.90


avg-cpu:  %user   %nice %system %iowait  %steal   %idle
          49.70    0.00   31.51    0.00    0.00   18.79

Device            r/s     rkB/s   rrqm/s  %rrqm r_await rareq-sz     w/s     wkB/s   wrqm/s  %wrqm w_await wareq-sz     d/s     dkB/s   drqm/s  %drqm d_await dareq-sz     f/s f_await  aqu-sz  %util
nvme1n1p3     8513.00  34056.00     0.00   0.00    0.05     4.00   20.00     80.00     0.00   0.00    0.05     4.00    0.00      0.00     0.00   0.00    0.00     0.00    0.00    0.00    0.45  35.20
nvme1n1p4     7899.00  31596.00     0.00   0.00    0.05     4.00   42.00    192.00     0.00   0.00    0.05     4.57    0.00      0.00     0.00   0.00    0.00     0.00    0.00    0.00    0.41  28.00
nvme1n1p5     10533.00  42132.00     0.00   0.00    0.05     4.00   20.00     80.00     0.00   0.00    0.10     4.00    0.00      0.00     0.00   0.00    0.00     0.00    0.00    0.00    0.53  37.40


avg-cpu:  %user   %nice %system %iowait  %steal   %idle
          49.40    0.00   31.26    0.09    0.00   19.25

Device            r/s     rkB/s   rrqm/s  %rrqm r_await rareq-sz     w/s     wkB/s   wrqm/s  %wrqm w_await wareq-sz     d/s     dkB/s   drqm/s  %drqm d_await dareq-sz     f/s f_await  aqu-sz  %util
nvme1n1p3     8066.00  32264.00     0.00   0.00    0.05     4.00  110.00    476.00     0.00   0.00    0.08     4.33    0.00      0.00     0.00   0.00    0.00     0.00    0.00    0.00    0.44  31.90
nvme1n1p4     7258.00  29032.00     0.00   0.00    0.05     4.00   84.00    336.00     0.00   0.00    0.08     4.00    0.00      0.00     0.00   0.00    0.00     0.00    0.00    0.00    0.38  30.00
nvme1n1p5     9864.00  39460.00     0.00   0.00    0.05     4.00  102.00    464.00     0.00   0.00    0.08     4.55    0.00      0.00     0.00   0.00    0.00     0.00    0.00    0.00    0.51  35.20


avg-cpu:  %user   %nice %system %iowait  %steal   %idle
          55.14    0.00   27.14    0.09    0.00   17.64

Device            r/s     rkB/s   rrqm/s  %rrqm r_await rareq-sz     w/s     wkB/s   wrqm/s  %wrqm w_await wareq-sz     d/s     dkB/s   drqm/s  %drqm d_await dareq-sz     f/s f_await  aqu-sz  %util
nvme1n1p3     7223.00  28892.00     0.00   0.00    0.05     4.00   36.00    124.00     0.00   0.00    0.11     3.44    0.00      0.00     0.00   0.00    0.00     0.00    0.00    0.00    0.39  28.90
nvme1n1p4     6667.00  26724.00     0.00   0.00    0.05     4.01   36.00    124.00     0.00   0.00    0.11     3.44    0.00      0.00     0.00   0.00    0.00     0.00    0.00    0.00    0.35  26.80
nvme1n1p5     8819.00  35276.00     0.00   0.00    0.05     4.00   36.00    124.00     0.00   0.00    0.11     3.44    0.00      0.00     0.00   0.00    0.00     0.00    0.00    0.00    0.45  33.60


avg-cpu:  %user   %nice %system %iowait  %steal   %idle
          57.60    0.00   25.84    0.00    0.00   16.57

Device            r/s     rkB/s   rrqm/s  %rrqm r_await rareq-sz     w/s     wkB/s   wrqm/s  %wrqm w_await wareq-sz     d/s     dkB/s   drqm/s  %drqm d_await dareq-sz     f/s f_await  aqu-sz  %util
nvme1n1p3     7047.00  28192.00     0.00   0.00    0.05     4.00   44.00    164.00     0.00   0.00    0.09     3.73    0.00      0.00     0.00   0.00    0.00     0.00    0.00    0.00    0.39  30.10
nvme1n1p4     6407.00  25628.00     0.00   0.00    0.05     4.00   66.00    284.00     0.00   0.00    0.06     4.30    0.00      0.00     0.00   0.00    0.00     0.00    0.00    0.00    0.34  24.50
nvme1n1p5     8729.00  34916.00     0.00   0.00    0.05     4.00   40.00    160.00     0.00   0.00    0.07     4.00    0.00      0.00     0.00   0.00    0.00     0.00    0.00    0.00    0.46  32.60


avg-cpu:  %user   %nice %system %iowait  %steal   %idle
          52.96    0.00   28.58    0.09    0.00   18.37

Device            r/s     rkB/s   rrqm/s  %rrqm r_await rareq-sz     w/s     wkB/s   wrqm/s  %wrqm w_await wareq-sz     d/s     dkB/s   drqm/s  %drqm d_await dareq-sz     f/s f_await  aqu-sz  %util
nvme1n1p3     7546.00  30184.00     0.00   0.00    0.05     4.00  119.00    516.00     0.00   0.00    0.08     4.34    0.00      0.00     0.00   0.00    0.00     0.00    0.00    0.00    0.42  36.80
nvme1n1p4     7122.00  28488.00     0.00   0.00    0.05     4.00   92.00    384.00     0.00   0.00    0.10     4.17    0.00      0.00     0.00   0.00    0.00     0.00    0.00    0.00    0.38  28.10
nvme1n1p5     9570.00  38284.00     0.00   0.00    0.05     4.00  114.00    508.00     0.00   0.00    0.09     4.46    0.00      0.00     0.00   0.00    0.00     0.00    0.00    0.00    0.50  34.80


avg-cpu:  %user   %nice %system %iowait  %steal   %idle
          50.64    0.00   31.82    0.09    0.00   17.45

Device            r/s     rkB/s   rrqm/s  %rrqm r_await rareq-sz     w/s     wkB/s   wrqm/s  %wrqm w_await wareq-sz     d/s     dkB/s   drqm/s  %drqm d_await dareq-sz     f/s f_await  aqu-sz  %util
nvme1n1p3     8810.00  35240.00     0.00   0.00    0.05     4.00   40.00    176.00     0.00   0.00    0.07     4.40    0.00      0.00     0.00   0.00    0.00     0.00    0.00    0.00    0.47  36.00
nvme1n1p4     8223.00  32892.00     0.00   0.00    0.05     4.00   40.00    176.00     0.00   0.00    0.07     4.40    0.00      0.00     0.00   0.00    0.00     0.00    0.00    0.00    0.42  32.70
nvme1n1p5     10983.00  43932.00     0.00   0.00    0.05     4.00   40.00    176.00     0.00   0.00    0.07     4.40    0.00      0.00     0.00   0.00    0.00     0.00    0.00    0.00    0.56  40.70


avg-cpu:  %user   %nice %system %iowait  %steal   %idle
          51.26    0.00   30.30    0.08    0.00   18.35

Device            r/s     rkB/s   rrqm/s  %rrqm r_await rareq-sz     w/s     wkB/s   wrqm/s  %wrqm w_await wareq-sz     d/s     dkB/s   drqm/s  %drqm d_await dareq-sz     f/s f_await  aqu-sz  %util
nvme1n1p3     8126.00  32504.00     0.00   0.00    0.05     4.00   60.00    224.00     0.00   0.00    0.08     3.73    0.00      0.00     0.00   0.00    0.00     0.00    0.00    0.00    0.44  35.00
nvme1n1p4     7390.00  29560.00     0.00   0.00    0.05     4.00   78.00    344.00     0.00   0.00    0.08     4.41    0.00      0.00     0.00   0.00    0.00     0.00    0.00    0.00    0.38  27.40
nvme1n1p5     10016.00  40064.00     0.00   0.00    0.05     4.00   60.00    228.00     0.00   0.00    0.10     3.80    0.00      0.00     0.00   0.00    0.00     0.00    0.00    0.00    0.51  37.80


avg-cpu:  %user   %nice %system %iowait  %steal   %idle
          54.08    0.00   27.25    0.00    0.00   18.67

Device            r/s     rkB/s   rrqm/s  %rrqm r_await rareq-sz     w/s     wkB/s   wrqm/s  %wrqm w_await wareq-sz     d/s     dkB/s   drqm/s  %drqm d_await dareq-sz     f/s f_await  aqu-sz  %util
nvme1n1p3     7695.00  30780.00     0.00   0.00    0.05     4.00   54.00    232.00     0.00   0.00    0.07     4.30    0.00      0.00     0.00   0.00    0.00     0.00    0.00    0.00    0.41  30.40
nvme1n1p4     7140.00  28560.00     0.00   0.00    0.05     4.00   40.00    156.00     0.00   0.00    0.10     3.90    0.00      0.00     0.00   0.00    0.00     0.00    0.00    0.00    0.37  26.40
nvme1n1p5     9443.00  37776.00     0.00   0.00    0.05     4.00   53.00    232.00     0.00   0.00    0.08     4.38    0.00      0.00     0.00   0.00    0.00     0.00    0.00    0.00    0.48  34.20


avg-cpu:  %user   %nice %system %iowait  %steal   %idle
          55.88    0.00   26.50    0.00    0.00   17.61

Device            r/s     rkB/s   rrqm/s  %rrqm r_await rareq-sz     w/s     wkB/s   wrqm/s  %wrqm w_await wareq-sz     d/s     dkB/s   drqm/s  %drqm d_await dareq-sz     f/s f_await  aqu-sz  %util
nvme1n1p3     7577.00  30308.00     0.00   0.00    0.05     4.00   24.00    136.00     0.00   0.00    0.12     5.67    0.00      0.00     0.00   0.00    0.00     0.00    0.00    0.00    0.41  31.80
nvme1n1p4     6885.00  27540.00     0.00   0.00    0.05     4.00   24.00    136.00     0.00   0.00    0.08     5.67    0.00      0.00     0.00   0.00    0.00     0.00    0.00    0.00    0.36  27.90
nvme1n1p5     9441.00  37768.00     0.00   0.00    0.05     4.00   28.00    144.00     0.00   0.00    0.07     5.14    0.00      0.00     0.00   0.00    0.00     0.00    0.00    0.00    0.48  35.10


avg-cpu:  %user   %nice %system %iowait  %steal   %idle
          52.59    0.08   28.92    0.08    0.00   18.32

Device            r/s     rkB/s   rrqm/s  %rrqm r_await rareq-sz     w/s     wkB/s   wrqm/s  %wrqm w_await wareq-sz     d/s     dkB/s   drqm/s  %drqm d_await dareq-sz     f/s f_await  aqu-sz  %util
nvme1n1p3     7736.00  30944.00     0.00   0.00    0.05     4.00   96.00    368.00     0.00   0.00    0.08     3.83    0.00      0.00     0.00   0.00    0.00     0.00    0.00    0.00    0.43  32.10
nvme1n1p4     7092.00  28368.00     0.00   0.00    0.05     4.00  109.00    492.00     0.00   0.00    0.08     4.51    0.00      0.00     0.00   0.00    0.00     0.00    0.00    0.00    0.38  26.40
nvme1n1p5     9482.00  37932.00     0.00   0.00    0.05     4.00  100.00    376.00     0.00   0.00    0.09     3.76    0.00      0.00     0.00   0.00    0.00     0.00    0.00    0.00    0.50  36.90


avg-cpu:  %user   %nice %system %iowait  %steal   %idle
          53.40    0.00   28.06    0.09    0.00   18.45

Device            r/s     rkB/s   rrqm/s  %rrqm r_await rareq-sz     w/s     wkB/s   wrqm/s  %wrqm w_await wareq-sz     d/s     dkB/s   drqm/s  %drqm d_await dareq-sz     f/s f_await  aqu-sz  %util
nvme1n1p3     7123.00  28492.00     0.00   0.00    0.05     4.00   58.00    280.00     0.00   0.00    0.07     4.83    0.00      0.00     0.00   0.00    0.00     0.00    0.00    0.00    0.39  29.40
nvme1n1p4     6600.00  26400.00     0.00   0.00    0.05     4.00   40.00    148.00     0.00   0.00    0.10     3.70    0.00      0.00     0.00   0.00    0.00     0.00    0.00    0.00    0.34  23.20
nvme1n1p5     8784.00  35136.00     0.00   0.00    0.05     4.00   53.00    288.00     0.00   0.00    0.08     5.43    0.00      0.00     0.00   0.00    0.00     0.00    0.00    0.00    0.46  32.00


avg-cpu:  %user   %nice %system %iowait  %steal   %idle
          53.60    0.00   28.00    0.09    0.00   18.32

Device            r/s     rkB/s   rrqm/s  %rrqm r_await rareq-sz     w/s     wkB/s   wrqm/s  %wrqm w_await wareq-sz     d/s     dkB/s   drqm/s  %drqm d_await dareq-sz     f/s f_await  aqu-sz  %util
nvme1n1p3     7688.00  30752.00     0.00   0.00    0.05     4.00   96.00    392.00     0.00   0.00    0.08     4.08    0.00      0.00     0.00   0.00    0.00     0.00    0.00    0.00    0.42  32.40
nvme1n1p4     7023.00  28092.00     0.00   0.00    0.05     4.00   92.00    380.00     0.00   0.00    0.09     4.13    0.00      0.00     0.00   0.00    0.00     0.00    0.00    0.00    0.38  25.80
nvme1n1p5     9235.00  36940.00     0.00   0.00    0.05     4.00   92.00    384.00     0.00   0.00    0.09     4.17    0.00      0.00     0.00   0.00    0.00     0.00    0.00    0.00    0.49  35.80


avg-cpu:  %user   %nice %system %iowait  %steal   %idle
          52.25    0.00   31.01    0.00    0.00   16.74

Device            r/s     rkB/s   rrqm/s  %rrqm r_await rareq-sz     w/s     wkB/s   wrqm/s  %wrqm w_await wareq-sz     d/s     dkB/s   drqm/s  %drqm d_await dareq-sz     f/s f_await  aqu-sz  %util
nvme1n1p3     8304.00  33216.00     0.00   0.00    0.05     4.00   20.00     76.00     0.00   0.00    0.10     3.80    0.00      0.00     0.00   0.00    0.00     0.00    0.00    0.00    0.44  30.20
nvme1n1p4     7655.00  30620.00     0.00   0.00    0.05     4.00   41.00    196.00     0.00   0.00    0.05     4.78    0.00      0.00     0.00   0.00    0.00     0.00    0.00    0.00    0.40  25.00
nvme1n1p5     10326.00  41304.00     0.00   0.00    0.05     4.00   16.00     64.00     0.00   0.00    0.12     4.00    0.00      0.00     0.00   0.00    0.00     0.00    0.00    0.00    0.54  39.00


avg-cpu:  %user   %nice %system %iowait  %steal   %idle
          50.17    0.00   31.55    0.00    0.00   18.28

Device            r/s     rkB/s   rrqm/s  %rrqm r_await rareq-sz     w/s     wkB/s   wrqm/s  %wrqm w_await wareq-sz     d/s     dkB/s   drqm/s  %drqm d_await dareq-sz     f/s f_await  aqu-sz  %util
nvme1n1p3     8233.00  32932.00     0.00   0.00    0.05     4.00   59.00    264.00     0.00   0.00    0.08     4.47    0.00      0.00     0.00   0.00    0.00     0.00    0.00    0.00    0.45  39.20
nvme1n1p4     7504.00  30016.00     0.00   0.00    0.05     4.00   36.00    144.00     0.00   0.00    0.08     4.00    0.00      0.00     0.00   0.00    0.00     0.00    0.00    0.00    0.41  27.60
nvme1n1p5     10202.00  40812.00     0.00   0.00    0.05     4.00   52.00    244.00     0.00   0.00    0.08     4.69    0.00      0.00     0.00   0.00    0.00     0.00    0.00    0.00    0.55  35.70


avg-cpu:  %user   %nice %system %iowait  %steal   %idle
          59.14    0.00   25.30    0.08    0.00   15.48

Device            r/s     rkB/s   rrqm/s  %rrqm r_await rareq-sz     w/s     wkB/s   wrqm/s  %wrqm w_await wareq-sz     d/s     dkB/s   drqm/s  %drqm d_await dareq-sz     f/s f_await  aqu-sz  %util
nvme1n1p3     7325.00  29300.00     0.00   0.00    0.06     4.00  100.00    428.00     0.00   0.00    0.08     4.28    0.00      0.00     0.00   0.00    0.00     0.00    0.00    0.00    0.41  30.40
nvme1n1p4     6805.00  27224.00     0.00   0.00    0.06     4.00   92.00    416.00     0.00   0.00    0.09     4.52    0.00      0.00     0.00   0.00    0.00     0.00    0.00    0.00    0.39  26.50
nvme1n1p5     9159.00  36640.00     0.00   0.00    0.06     4.00  100.00    432.00     0.00   0.00    0.08     4.32    0.00      0.00     0.00   0.00    0.00     0.00    0.00    0.00    0.51  35.60


avg-cpu:  %user   %nice %system %iowait  %steal   %idle
          52.63    0.00   30.42    0.08    0.00   16.86

Device            r/s     rkB/s   rrqm/s  %rrqm r_await rareq-sz     w/s     wkB/s   wrqm/s  %wrqm w_await wareq-sz     d/s     dkB/s   drqm/s  %drqm d_await dareq-sz     f/s f_await  aqu-sz  %util
nvme1n1p3     8444.00  33776.00     0.00   0.00    0.05     4.00   36.00    148.00     0.00   0.00    0.08     4.11    0.00      0.00     0.00   0.00    0.00     0.00    0.00    0.00    0.46  35.40
nvme1n1p4     8105.00  32424.00     0.00   0.00    0.05     4.00   59.00    284.00     0.00   0.00    0.07     4.81    0.00      0.00     0.00   0.00    0.00     0.00    0.00    0.00    0.44  31.10
nvme1n1p5     10511.00  42052.00     0.00   0.00    0.05     4.00   40.00    160.00     0.00   0.00    0.10     4.00    0.00      0.00     0.00   0.00    0.00     0.00    0.00    0.00    0.57  40.60


avg-cpu:  %user   %nice %system %iowait  %steal   %idle
          52.69    0.00   28.40    0.00    0.00   18.91

Device            r/s     rkB/s   rrqm/s  %rrqm r_await rareq-sz     w/s     wkB/s   wrqm/s  %wrqm w_await wareq-sz     d/s     dkB/s   drqm/s  %drqm d_await dareq-sz     f/s f_await  aqu-sz  %util
nvme1n1p3     8649.00  34596.00     0.00   0.00    0.05     4.00   96.00    460.00     0.00   0.00    0.08     4.79    0.00      0.00     0.00   0.00    0.00     0.00    0.00    0.00    0.48  36.80
nvme1n1p4     7860.00  31440.00     0.00   0.00    0.05     4.00   76.00    308.00     0.00   0.00    0.09     4.05    0.00      0.00     0.00   0.00    0.00     0.00    0.00    0.00    0.43  32.00
nvme1n1p5     10440.00  41764.00     0.00   0.00    0.05     4.00  100.00    472.00     0.00   0.00    0.08     4.72    0.00      0.00     0.00   0.00    0.00     0.00    0.00    0.00    0.57  38.20


avg-cpu:  %user   %nice %system %iowait  %steal   %idle
          50.47    0.00   32.09    0.09    0.00   17.36

Device            r/s     rkB/s   rrqm/s  %rrqm r_await rareq-sz     w/s     wkB/s   wrqm/s  %wrqm w_await wareq-sz     d/s     dkB/s   drqm/s  %drqm d_await dareq-sz     f/s f_await  aqu-sz  %util
nvme1n1p3     8248.00  32992.00     0.00   0.00    0.05     4.00   40.00    148.00     0.00   0.00    0.10     3.70    0.00      0.00     0.00   0.00    0.00     0.00    0.00    0.00    0.45  31.00
nvme1n1p4     7647.00  30592.00     0.00   0.00    0.05     4.00   40.00    148.00     0.00   0.00    0.10     3.70    0.00      0.00     0.00   0.00    0.00     0.00    0.00    0.00    0.42  32.00
nvme1n1p5     10270.00  41084.00     0.00   0.00    0.05     4.00   40.00    152.00     0.00   0.00    0.10     3.80    0.00      0.00     0.00   0.00    0.00     0.00    0.00    0.00    0.56  38.00


avg-cpu:  %user   %nice %system %iowait  %steal   %idle
          55.36    0.00   25.77    0.09    0.00   18.79

Device            r/s     rkB/s   rrqm/s  %rrqm r_await rareq-sz     w/s     wkB/s   wrqm/s  %wrqm w_await wareq-sz     d/s     dkB/s   drqm/s  %drqm d_await dareq-sz     f/s f_await  aqu-sz  %util
nvme1n1p3     6847.00  27388.00     0.00   0.00    0.06     4.00   24.00     84.00     0.00   0.00    0.08     3.50    0.00      0.00     0.00   0.00    0.00     0.00    0.00    0.00    0.38  29.60
nvme1n1p4     6339.00  25360.00     0.00   0.00    0.06     4.00   41.00    188.00     0.00   0.00    0.05     4.59    0.00      0.00     0.00   0.00    0.00     0.00    0.00    0.00    0.35  24.30
nvme1n1p5     8453.00  33816.00     0.00   0.00    0.06     4.00   24.00     88.00     0.00   0.00    0.08     3.67    0.00      0.00     0.00   0.00    0.00     0.00    0.00    0.00    0.47  34.10


avg-cpu:  %user   %nice %system %iowait  %steal   %idle
          51.59    0.00   29.48    0.09    0.00   18.85

Device            r/s     rkB/s   rrqm/s  %rrqm r_await rareq-sz     w/s     wkB/s   wrqm/s  %wrqm w_await wareq-sz     d/s     dkB/s   drqm/s  %drqm d_await dareq-sz     f/s f_await  aqu-sz  %util
nvme1n1p3     8017.00  32068.00     0.00   0.00    0.05     4.00  171.00    908.00     0.00   0.00    0.08     5.31    0.00      0.00     0.00   0.00    0.00     0.00    0.00    0.00    0.45  34.80
nvme1n1p4     7371.00  29492.00     0.00   0.00    0.05     4.00  140.00    672.00     0.00   0.00    0.09     4.80    0.00      0.00     0.00   0.00    0.00     0.00    0.00    0.00    0.41  29.90
nvme1n1p5     9758.00  39040.00     0.00   0.00    0.05     4.00  166.00    892.00     0.00   0.00    0.08     5.37    0.00      0.00     0.00   0.00    0.00     0.00    0.00    0.00    0.54  38.50


avg-cpu:  %user   %nice %system %iowait  %steal   %idle
          50.51    0.00   27.26    0.00    0.00   22.22

Device            r/s     rkB/s   rrqm/s  %rrqm r_await rareq-sz     w/s     wkB/s   wrqm/s  %wrqm w_await wareq-sz     d/s     dkB/s   drqm/s  %drqm d_await dareq-sz     f/s f_await  aqu-sz  %util
nvme1n1p3     7691.00  30764.00     0.00   0.00    0.05     4.00   16.00     64.00     0.00   0.00    0.06     4.00    0.00      0.00     0.00   0.00    0.00     0.00    0.00    0.00    0.42  33.40
nvme1n1p4     7222.00  28896.00     0.00   0.00    0.05     4.00   16.00     64.00     0.00   0.00    0.12     4.00    0.00      0.00     0.00   0.00    0.00     0.00    0.00    0.00    0.39  29.70
nvme1n1p5     9564.00  38256.00     0.00   0.00    0.05     4.00   16.00     64.00     0.00   0.00    0.12     4.00    0.00      0.00     0.00   0.00    0.00     0.00    0.00    0.00    0.52  34.50


avg-cpu:  %user   %nice %system %iowait  %steal   %idle
          51.57    0.00   25.78    0.08    0.00   22.56

Device            r/s     rkB/s   rrqm/s  %rrqm r_await rareq-sz     w/s     wkB/s   wrqm/s  %wrqm w_await wareq-sz     d/s     dkB/s   drqm/s  %drqm d_await dareq-sz     f/s f_await  aqu-sz  %util
nvme1n1p3     6655.00  26620.00     0.00   0.00    0.06     4.00   80.00    312.00     0.00   0.00    0.09     3.90    0.00      0.00     0.00   0.00    0.00     0.00    0.00    0.00    0.37  29.20
nvme1n1p4     6061.00  24244.00     0.00   0.00    0.06     4.00  108.00    540.00     0.00   0.00    0.07     5.00    0.00      0.00     0.00   0.00    0.00     0.00    0.00    0.00    0.34  23.10
nvme1n1p5     7933.00  31732.00     0.00   0.00    0.05     4.00   72.00    300.00     0.00   0.00    0.10     4.17    0.00      0.00     0.00   0.00    0.00     0.00    0.00    0.00    0.44  30.50


avg-cpu:  %user   %nice %system %iowait  %steal   %idle
          59.21    0.00   24.31    0.08    0.00   16.40

Device            r/s     rkB/s   rrqm/s  %rrqm r_await rareq-sz     w/s     wkB/s   wrqm/s  %wrqm w_await wareq-sz     d/s     dkB/s   drqm/s  %drqm d_await dareq-sz     f/s f_await  aqu-sz  %util
nvme1n1p3     6977.00  27912.00     0.00   0.00    0.05     4.00   34.00    176.00     0.00   0.00    0.09     5.18    0.00      0.00     0.00   0.00    0.00     0.00    0.00    0.00    0.38  28.70
nvme1n1p4     6451.00  25808.00     0.00   0.00    0.05     4.00   20.00     76.00     0.00   0.00    0.10     3.80    0.00      0.00     0.00   0.00    0.00     0.00    0.00    0.00    0.35  22.40
nvme1n1p5     8468.00  33876.00     0.00   0.00    0.05     4.00   33.00    176.00     0.00   0.00    0.06     5.33    0.00      0.00     0.00   0.00    0.00     0.00    0.00    0.00    0.46  32.60


avg-cpu:  %user   %nice %system %iowait  %steal   %idle
          63.95    0.00   21.26    0.08    0.00   14.71

Device            r/s     rkB/s   rrqm/s  %rrqm r_await rareq-sz     w/s     wkB/s   wrqm/s  %wrqm w_await wareq-sz     d/s     dkB/s   drqm/s  %drqm d_await dareq-sz     f/s f_await  aqu-sz  %util
nvme1n1p3     6399.00  25600.00     0.00   0.00    0.06     4.00  108.00    444.00     0.00   0.00    0.09     4.11    0.00      0.00     0.00   0.00    0.00     0.00    0.00    0.00    0.37  27.20
nvme1n1p4     5812.00  23248.00     0.00   0.00    0.06     4.00  144.00    596.00     0.00   0.00    0.08     4.14    0.00      0.00     0.00   0.00    0.00     0.00    0.00    0.00    0.34  25.10
nvme1n1p5     7818.00  31276.00     0.00   0.00    0.06     4.00  120.00    472.00     0.00   0.00    0.10     3.93    0.00      0.00     0.00   0.00    0.00     0.00    0.00    0.00    0.45  31.40


avg-cpu:  %user   %nice %system %iowait  %steal   %idle
          65.40    0.00   19.80    0.08    0.00   14.72

Device            r/s     rkB/s   rrqm/s  %rrqm r_await rareq-sz     w/s     wkB/s   wrqm/s  %wrqm w_await wareq-sz     d/s     dkB/s   drqm/s  %drqm d_await dareq-sz     f/s f_await  aqu-sz  %util
nvme1n1p3     5557.00  22224.00     0.00   0.00    0.06     4.00  193.00    808.00     0.00   0.00    0.09     4.19    0.00      0.00     0.00   0.00    0.00     0.00    0.00    0.00    0.34  26.00
nvme1n1p4     5063.00  20252.00     0.00   0.00    0.06     4.00  152.00    640.00     0.00   0.00    0.09     4.21    0.00      0.00     0.00   0.00    0.00     0.00    0.00    0.00    0.31  22.50
nvme1n1p5     6925.00  27700.00     0.00   0.00    0.06     4.00  187.00    812.00     0.00   0.00    0.10     4.34    0.00      0.00     0.00   0.00    0.00     0.00    0.00    0.00    0.42  27.70


avg-cpu:  %user   %nice %system %iowait  %steal   %idle
          64.83    0.00   21.10    0.08    0.00   13.98

Device            r/s     rkB/s   rrqm/s  %rrqm r_await rareq-sz     w/s     wkB/s   wrqm/s  %wrqm w_await wareq-sz     d/s     dkB/s   drqm/s  %drqm d_await dareq-sz     f/s f_await  aqu-sz  %util
nvme1n1p3     6467.00  25872.00     0.00   0.00    0.06     4.00   52.00    216.00     0.00   0.00    0.08     4.15    0.00      0.00     0.00   0.00    0.00     0.00    0.00    0.00    0.36  27.20
nvme1n1p4     6082.00  24332.00     0.00   0.00    0.06     4.00   44.00    204.00     0.00   0.00    0.09     4.64    0.00      0.00     0.00   0.00    0.00     0.00    0.00    0.00    0.34  24.30
nvme1n1p5     8076.00  32304.00     0.00   0.00    0.06     4.00   56.00    228.00     0.00   0.00    0.09     4.07    0.00      0.00     0.00   0.00    0.00     0.00    0.00    0.00    0.45  32.80


avg-cpu:  %user   %nice %system %iowait  %steal   %idle
          61.02    0.00   22.29    0.00    0.00   16.69

Device            r/s     rkB/s   rrqm/s  %rrqm r_await rareq-sz     w/s     wkB/s   wrqm/s  %wrqm w_await wareq-sz     d/s     dkB/s   drqm/s  %drqm d_await dareq-sz     f/s f_await  aqu-sz  %util
nvme1n1p3     6562.00  26248.00     0.00   0.00    0.06     4.00  103.00    504.00     0.00   0.00    0.08     4.89    0.00      0.00     0.00   0.00    0.00     0.00    0.00    0.00    0.37  28.70
nvme1n1p4     5866.00  23468.00     0.00   0.00    0.06     4.00  105.00    532.00     0.00   0.00    0.10     5.07    0.00      0.00     0.00   0.00    0.00     0.00    0.00    0.00    0.34  22.80
nvme1n1p5     7960.00  31840.00     0.00   0.00    0.06     4.00   72.00    276.00     0.00   0.00    0.10     3.83    0.00      0.00     0.00   0.00    0.00     0.00    0.00    0.00    0.45  31.30


avg-cpu:  %user   %nice %system %iowait  %steal   %idle
          51.54    0.00   29.69    0.09    0.00   18.69

Device            r/s     rkB/s   rrqm/s  %rrqm r_await rareq-sz     w/s     wkB/s   wrqm/s  %wrqm w_await wareq-sz     d/s     dkB/s   drqm/s  %drqm d_await dareq-sz     f/s f_await  aqu-sz  %util
nvme1n1p3     8283.00  33136.00     0.00   0.00    0.05     4.00   60.00    220.00     0.00   0.00    0.10     3.67    0.00      0.00     0.00   0.00    0.00     0.00    0.00    0.00    0.46  35.00
nvme1n1p4     7396.00  29588.00     0.00   0.00    0.05     4.00   56.00    216.00     0.00   0.00    0.09     3.86    0.00      0.00     0.00   0.00    0.00     0.00    0.00    0.00    0.40  27.70
nvme1n1p5     10205.00  40820.00     0.00   0.00    0.05     4.00   75.00    404.00     0.00   0.00    0.08     5.39    0.00      0.00     0.00   0.00    0.00     0.00    0.00    0.00    0.56  36.80


avg-cpu:  %user   %nice %system %iowait  %steal   %idle
          51.96    0.00   30.24    0.00    0.00   17.80

Device            r/s     rkB/s   rrqm/s  %rrqm r_await rareq-sz     w/s     wkB/s   wrqm/s  %wrqm w_await wareq-sz     d/s     dkB/s   drqm/s  %drqm d_await dareq-sz     f/s f_await  aqu-sz  %util
nvme1n1p3     8342.00  33376.00     0.00   0.00    0.05     4.00   24.00     84.00     0.00   0.00    0.08     3.50    0.00      0.00     0.00   0.00    0.00     0.00    0.00    0.00    0.46  36.60
nvme1n1p4     7798.00  31192.00     0.00   0.00    0.05     4.00   24.00     84.00     0.00   0.00    0.08     3.50    0.00      0.00     0.00   0.00    0.00     0.00    0.00    0.00    0.43  28.00
nvme1n1p5     10488.00  41960.00     0.00   0.00    0.05     4.00   24.00     80.00     0.00   0.00    0.08     3.33    0.00      0.00     0.00   0.00    0.00     0.00    0.00    0.00    0.57  39.30


avg-cpu:  %user   %nice %system %iowait  %steal   %idle
          49.91    0.00   31.35    0.09    0.00   18.65

Device            r/s     rkB/s   rrqm/s  %rrqm r_await rareq-sz     w/s     wkB/s   wrqm/s  %wrqm w_await wareq-sz     d/s     dkB/s   drqm/s  %drqm d_await dareq-sz     f/s f_await  aqu-sz  %util
nvme1n1p3     8884.00  35544.00     0.00   0.00    0.05     4.00  128.00    472.00     0.00   0.00    0.09     3.69    0.00      0.00     0.00   0.00    0.00     0.00    0.00    0.00    0.49  36.60
nvme1n1p4     8007.00  32032.00     0.00   0.00    0.05     4.00  150.00    632.00     0.00   0.00    0.09     4.21    0.00      0.00     0.00   0.00    0.00     0.00    0.00    0.00    0.45  31.40
nvme1n1p5     10913.00  43656.00     0.00   0.00    0.05     4.00  124.00    472.00     0.00   0.00    0.08     3.81    0.00      0.00     0.00   0.00    0.00     0.00    0.00    0.00    0.60  40.90


avg-cpu:  %user   %nice %system %iowait  %steal   %idle
          50.98    0.00   30.81    0.00    0.00   18.21

Device            r/s     rkB/s   rrqm/s  %rrqm r_await rareq-sz     w/s     wkB/s   wrqm/s  %wrqm w_await wareq-sz     d/s     dkB/s   drqm/s  %drqm d_await dareq-sz     f/s f_await  aqu-sz  %util
nvme1n1p3     9158.00  36636.00     0.00   0.00    0.05     4.00   49.00    240.00     0.00   0.00    0.04     4.90    0.00      0.00     0.00   0.00    0.00     0.00    0.00    0.00    0.50  36.20
nvme1n1p4     8201.00  32808.00     0.00   0.00    0.05     4.00   20.00     72.00     0.00   0.00    0.10     3.60    0.00      0.00     0.00   0.00    0.00     0.00    0.00    0.00    0.44  30.20
nvme1n1p5     11166.00  44664.00     0.00   0.00    0.05     4.00   20.00     72.00     0.00   0.00    0.10     3.60    0.00      0.00     0.00   0.00    0.00     0.00    0.00    0.00    0.60  38.20


avg-cpu:  %user   %nice %system %iowait  %steal   %idle
          52.58    0.00   29.72    0.08    0.00   17.61

Device            r/s     rkB/s   rrqm/s  %rrqm r_await rareq-sz     w/s     wkB/s   wrqm/s  %wrqm w_await wareq-sz     d/s     dkB/s   drqm/s  %drqm d_await dareq-sz     f/s f_await  aqu-sz  %util
nvme1n1p3     8182.00  32732.00     0.00   0.00    0.05     4.00   68.00    264.00     0.00   0.00    0.09     3.88    0.00      0.00     0.00   0.00    0.00     0.00    0.00    0.00    0.45  33.10
nvme1n1p4     7511.00  30048.00     0.00   0.00    0.05     4.00   68.00    268.00     0.00   0.00    0.09     3.94    0.00      0.00     0.00   0.00    0.00     0.00    0.00    0.00    0.41  28.50
nvme1n1p5     9917.00  39672.00     0.00   0.00    0.05     4.00   86.00    412.00     0.00   0.00    0.07     4.79    0.00      0.00     0.00   0.00    0.00     0.00    0.00    0.00    0.55  37.50


avg-cpu:  %user   %nice %system %iowait  %steal   %idle
          51.53    0.00   30.48    0.08    0.00   17.91

Device            r/s     rkB/s   rrqm/s  %rrqm r_await rareq-sz     w/s     wkB/s   wrqm/s  %wrqm w_await wareq-sz     d/s     dkB/s   drqm/s  %drqm d_await dareq-sz     f/s f_await  aqu-sz  %util
nvme1n1p3     7926.00  31704.00     0.00   0.00    0.05     4.00   60.00    224.00     0.00   0.00    0.10     3.73    0.00      0.00     0.00   0.00    0.00     0.00    0.00    0.00    0.44  33.00
nvme1n1p4     7259.00  29036.00     0.00   0.00    0.05     4.00   64.00    236.00     0.00   0.00    0.09     3.69    0.00      0.00     0.00   0.00    0.00     0.00    0.00    0.00    0.40  28.10
nvme1n1p5     9762.00  39048.00     0.00   0.00    0.05     4.00   56.00    216.00     0.00   0.00    0.09     3.86    0.00      0.00     0.00   0.00    0.00     0.00    0.00    0.00    0.53  36.70


avg-cpu:  %user   %nice %system %iowait  %steal   %idle
          51.41    0.00   30.91    0.00    0.00   17.68

Device            r/s     rkB/s   rrqm/s  %rrqm r_await rareq-sz     w/s     wkB/s   wrqm/s  %wrqm w_await wareq-sz     d/s     dkB/s   drqm/s  %drqm d_await dareq-sz     f/s f_await  aqu-sz  %util
nvme1n1p3     8130.00  32524.00     0.00   0.00    0.05     4.00   70.00    328.00     0.00   0.00    0.07     4.69    0.00      0.00     0.00   0.00    0.00     0.00    0.00    0.00    0.45  31.90
nvme1n1p4     7651.00  30608.00     0.00   0.00    0.05     4.00   69.00    324.00     0.00   0.00    0.07     4.70    0.00      0.00     0.00   0.00    0.00     0.00    0.00    0.00    0.42  30.10
nvme1n1p5     9946.00  39796.00     0.00   0.00    0.05     4.00   48.00    192.00     0.00   0.00    0.08     4.00    0.00      0.00     0.00   0.00    0.00     0.00    0.00    0.00    0.55  38.40


avg-cpu:  %user   %nice %system %iowait  %steal   %idle
          50.38    0.00   31.77    0.09    0.00   17.76

Device            r/s     rkB/s   rrqm/s  %rrqm r_await rareq-sz     w/s     wkB/s   wrqm/s  %wrqm w_await wareq-sz     d/s     dkB/s   drqm/s  %drqm d_await dareq-sz     f/s f_await  aqu-sz  %util
nvme1n1p3     8770.00  35080.00     0.00   0.00    0.05     4.00  116.00    436.00     0.00   0.00    0.09     3.76    0.00      0.00     0.00   0.00    0.00     0.00    0.00    0.00    0.49  35.90
nvme1n1p4     8178.00  32720.00     0.00   0.00    0.05     4.00  104.00    416.00     0.00   0.00    0.10     4.00    0.00      0.00     0.00   0.00    0.00     0.00    0.00    0.00    0.45  32.10
nvme1n1p5     10788.00  43156.00     0.00   0.00    0.05     4.00  137.00    580.00     0.00   0.00    0.07     4.23    0.00      0.00     0.00   0.00    0.00     0.00    0.00    0.00    0.60  40.50


avg-cpu:  %user   %nice %system %iowait  %steal   %idle
          51.61    0.00   31.44    0.00    0.00   16.95

Device            r/s     rkB/s   rrqm/s  %rrqm r_await rareq-sz     w/s     wkB/s   wrqm/s  %wrqm w_await wareq-sz     d/s     dkB/s   drqm/s  %drqm d_await dareq-sz     f/s f_await  aqu-sz  %util
nvme1n1p3     8352.00  33412.00     0.00   0.00    0.05     4.00   52.00    200.00     0.00   0.00    0.10     3.85    0.00      0.00     0.00   0.00    0.00     0.00    0.00    0.00    0.46  32.90
nvme1n1p4     7638.00  30552.00     0.00   0.00    0.05     4.00   48.00    196.00     0.00   0.00    0.08     4.08    0.00      0.00     0.00   0.00    0.00     0.00    0.00    0.00    0.42  31.20
nvme1n1p5     10147.00  40588.00     0.00   0.00    0.05     4.00   48.00    192.00     0.00   0.00    0.10     4.00    0.00      0.00     0.00   0.00    0.00     0.00    0.00    0.00    0.56  35.10


avg-cpu:  %user   %nice %system %iowait  %steal   %idle
          52.84    0.00   29.21    0.08    0.00   17.87

Device            r/s     rkB/s   rrqm/s  %rrqm r_await rareq-sz     w/s     wkB/s   wrqm/s  %wrqm w_await wareq-sz     d/s     dkB/s   drqm/s  %drqm d_await dareq-sz     f/s f_await  aqu-sz  %util
nvme1n1p3     7894.00  31576.00     0.00   0.00    0.05     4.00   64.00    320.00     0.00   0.00    0.06     5.00    0.00      0.00     0.00   0.00    0.00     0.00    0.00    0.00    0.44  32.70
nvme1n1p4     7126.00  28508.00     0.00   0.00    0.05     4.00   68.00    340.00     0.00   0.00    0.07     5.00    0.00      0.00     0.00   0.00    0.00     0.00    0.00    0.00    0.39  26.40
nvme1n1p5     9704.00  38820.00     0.00   0.00    0.05     4.00   40.00    160.00     0.00   0.00    0.07     4.00    0.00      0.00     0.00   0.00    0.00     0.00    0.00    0.00    0.53  38.00


avg-cpu:  %user   %nice %system %iowait  %steal   %idle
          51.52    0.00   30.54    0.00    0.00   17.94

Device            r/s     rkB/s   rrqm/s  %rrqm r_await rareq-sz     w/s     wkB/s   wrqm/s  %wrqm w_await wareq-sz     d/s     dkB/s   drqm/s  %drqm d_await dareq-sz     f/s f_await  aqu-sz  %util
nvme1n1p3     8832.00  35332.00     0.00   0.00    0.05     4.00   64.00    240.00     0.00   0.00    0.08     3.75    0.00      0.00     0.00   0.00    0.00     0.00    0.00    0.00    0.48  35.80
nvme1n1p4     7975.00  31904.00     0.00   0.00    0.05     4.00   64.00    244.00     0.00   0.00    0.08     3.81    0.00      0.00     0.00   0.00    0.00     0.00    0.00    0.00    0.43  31.20
nvme1n1p5     10800.00  43208.00     0.00   0.00    0.05     4.00   81.00    380.00     0.00   0.00    0.07     4.69    0.00      0.00     0.00   0.00    0.00     0.00    0.00    0.00    0.59  37.50


avg-cpu:  %user   %nice %system %iowait  %steal   %idle
          52.87    0.00   30.02    0.08    0.00   17.03

Device            r/s     rkB/s   rrqm/s  %rrqm r_await rareq-sz     w/s     wkB/s   wrqm/s  %wrqm w_await wareq-sz     d/s     dkB/s   drqm/s  %drqm d_await dareq-sz     f/s f_await  aqu-sz  %util
nvme1n1p3     9091.00  36364.00     0.00   0.00    0.05     4.00   28.00    132.00     0.00   0.00    0.11     4.71    0.00      0.00     0.00   0.00    0.00     0.00    0.00    0.00    0.49  35.20
nvme1n1p4     8425.00  33708.00     0.00   0.00    0.05     4.00   24.00    128.00     0.00   0.00    0.12     5.33    0.00      0.00     0.00   0.00    0.00     0.00    0.00    0.00    0.46  32.60
nvme1n1p5     11060.00  44240.00     0.00   0.00    0.05     4.00   28.00    136.00     0.00   0.00    0.11     4.86    0.00      0.00     0.00   0.00    0.00     0.00    0.00    0.00    0.60  43.40


avg-cpu:  %user   %nice %system %iowait  %steal   %idle
          53.19    0.00   29.70    0.08    0.00   17.03

Device            r/s     rkB/s   rrqm/s  %rrqm r_await rareq-sz     w/s     wkB/s   wrqm/s  %wrqm w_await wareq-sz     d/s     dkB/s   drqm/s  %drqm d_await dareq-sz     f/s f_await  aqu-sz  %util
nvme1n1p3     9072.00  36292.00     0.00   0.00    0.05     4.00  131.00    584.00     0.00   0.00    0.08     4.46    0.00      0.00     0.00   0.00    0.00     0.00    0.00    0.00    0.51  41.30
nvme1n1p4     8331.00  33324.00     0.00   0.00    0.05     4.00  141.00    580.00     0.00   0.00    0.08     4.11    0.00      0.00     0.00   0.00    0.00     0.00    0.00    0.00    0.46  35.50
nvme1n1p5     10933.00  43740.00     0.00   0.00    0.05     4.00  108.00    416.00     0.00   0.00    0.09     3.85    0.00      0.00     0.00   0.00    0.00     0.00    0.00    0.00    0.60  41.60


avg-cpu:  %user   %nice %system %iowait  %steal   %idle
          52.96    0.00   29.61    0.00    0.00   17.43

Device            r/s     rkB/s   rrqm/s  %rrqm r_await rareq-sz     w/s     wkB/s   wrqm/s  %wrqm w_await wareq-sz     d/s     dkB/s   drqm/s  %drqm d_await dareq-sz     f/s f_await  aqu-sz  %util
nvme1n1p3     8008.00  32032.00     0.00   0.00    0.05     4.00   16.00     64.00     0.00   0.00    0.12     4.00    0.00      0.00     0.00   0.00    0.00     0.00    0.00    0.00    0.44  35.10
nvme1n1p4     7414.00  29656.00     0.00   0.00    0.05     4.00   16.00     64.00     0.00   0.00    0.12     4.00    0.00      0.00     0.00   0.00    0.00     0.00    0.00    0.00    0.40  28.90
nvme1n1p5     10147.00  40588.00     0.00   0.00    0.05     4.00   48.00    292.00     0.00   0.00    0.08     6.08    0.00      0.00     0.00   0.00    0.00     0.00    0.00    0.00    0.55  36.70


avg-cpu:  %user   %nice %system %iowait  %steal   %idle
          50.21    0.00   31.78    0.08    0.00   17.93

Device            r/s     rkB/s   rrqm/s  %rrqm r_await rareq-sz     w/s     wkB/s   wrqm/s  %wrqm w_await wareq-sz     d/s     dkB/s   drqm/s  %drqm d_await dareq-sz     f/s f_await  aqu-sz  %util
nvme1n1p3     8766.00  35068.00     0.00   0.00    0.05     4.00   56.00    208.00     0.00   0.00    0.09     3.71    0.00      0.00     0.00   0.00    0.00     0.00    0.00    0.00    0.48  36.10
nvme1n1p4     7898.00  31592.00     0.00   0.00    0.05     4.00   64.00    228.00     0.00   0.00    0.08     3.56    0.00      0.00     0.00   0.00    0.00     0.00    0.00    0.00    0.43  33.10
nvme1n1p5     10711.00  42844.00     0.00   0.00    0.05     4.00   60.00    220.00     0.00   0.00    0.10     3.67    0.00      0.00     0.00   0.00    0.00     0.00    0.00    0.00    0.58  39.00


avg-cpu:  %user   %nice %system %iowait  %steal   %idle
          50.34    0.00   31.48    0.00    0.00   18.17

Device            r/s     rkB/s   rrqm/s  %rrqm r_await rareq-sz     w/s     wkB/s   wrqm/s  %wrqm w_await wareq-sz     d/s     dkB/s   drqm/s  %drqm d_await dareq-sz     f/s f_await  aqu-sz  %util
nvme1n1p3     8308.00  33240.00     0.00   0.00    0.05     4.00   96.00    436.00     0.00   0.00    0.07     4.54    0.00      0.00     0.00   0.00    0.00     0.00    0.00    0.00    0.46  33.50
nvme1n1p4     7569.00  30284.00     0.00   0.00    0.05     4.00  102.00    476.00     0.00   0.00    0.10     4.67    0.00      0.00     0.00   0.00    0.00     0.00    0.00    0.00    0.42  29.90
nvme1n1p5     10241.00  40972.00     0.00   0.00    0.05     4.00   68.00    264.00     0.00   0.00    0.09     3.88    0.00      0.00     0.00   0.00    0.00     0.00    0.00    0.00    0.56  38.90


avg-cpu:  %user   %nice %system %iowait  %steal   %idle
          50.98    0.00   30.40    0.09    0.00   18.53

Device            r/s     rkB/s   rrqm/s  %rrqm r_await rareq-sz     w/s     wkB/s   wrqm/s  %wrqm w_await wareq-sz     d/s     dkB/s   drqm/s  %drqm d_await dareq-sz     f/s f_await  aqu-sz  %util
nvme1n1p3     8461.00  33848.00     0.00   0.00    0.06     4.00   60.00    232.00     0.00   0.00    0.10     3.87    0.00      0.00     0.00   0.00    0.00     0.00    0.00    0.00    0.48  37.30
nvme1n1p4     7653.00  30616.00     0.00   0.00    0.06     4.00   56.00    228.00     0.00   0.00    0.09     4.07    0.00      0.00     0.00   0.00    0.00     0.00    0.00    0.00    0.44  28.50
nvme1n1p5     10241.00  40968.00     0.00   0.00    0.06     4.00   83.00    376.00     0.00   0.00    0.08     4.53    0.00      0.00     0.00   0.00    0.00     0.00    0.00    0.00    0.59  39.80


avg-cpu:  %user   %nice %system %iowait  %steal   %idle
          55.88    0.00   26.58    0.09    0.00   17.46

Device            r/s     rkB/s   rrqm/s  %rrqm r_await rareq-sz     w/s     wkB/s   wrqm/s  %wrqm w_await wareq-sz     d/s     dkB/s   drqm/s  %drqm d_await dareq-sz     f/s f_await  aqu-sz  %util
nvme1n1p3     7617.00  30468.00     0.00   0.00    0.06     4.00   84.00    344.00     0.00   0.00    0.10     4.10    0.00      0.00     0.00   0.00    0.00     0.00    0.00    0.00    0.43  32.40
nvme1n1p4     6971.00  27892.00     0.00   0.00    0.05     4.00   80.00    340.00     0.00   0.00    0.09     4.25    0.00      0.00     0.00   0.00    0.00     0.00    0.00    0.00    0.39  29.30
nvme1n1p5     9265.00  37064.00     0.00   0.00    0.06     4.00   88.00    356.00     0.00   0.00    0.09     4.05    0.00      0.00     0.00   0.00    0.00     0.00    0.00    0.00    0.52  36.00


avg-cpu:  %user   %nice %system %iowait  %steal   %idle
          53.11    0.00   28.85    0.09    0.00   17.96

Device            r/s     rkB/s   rrqm/s  %rrqm r_await rareq-sz     w/s     wkB/s   wrqm/s  %wrqm w_await wareq-sz     d/s     dkB/s   drqm/s  %drqm d_await dareq-sz     f/s f_await  aqu-sz  %util
nvme1n1p3     8321.00  33284.00     0.00   0.00    0.05     4.00   76.00    344.00     0.00   0.00    0.07     4.53    0.00      0.00     0.00   0.00    0.00     0.00    0.00    0.00    0.46  37.10
nvme1n1p4     7661.00  30656.00     0.00   0.00    0.05     4.00   75.00    344.00     0.00   0.00    0.07     4.59    0.00      0.00     0.00   0.00    0.00     0.00    0.00    0.00    0.42  32.00
nvme1n1p5     10410.00  41644.00     0.00   0.00    0.05     4.00   40.00    168.00     0.00   0.00    0.07     4.20    0.00      0.00     0.00   0.00    0.00     0.00    0.00    0.00    0.57  37.70


avg-cpu:  %user   %nice %system %iowait  %steal   %idle
          50.85    0.00   31.27    0.00    0.00   17.88

Device            r/s     rkB/s   rrqm/s  %rrqm r_await rareq-sz     w/s     wkB/s   wrqm/s  %wrqm w_await wareq-sz     d/s     dkB/s   drqm/s  %drqm d_await dareq-sz     f/s f_await  aqu-sz  %util
nvme1n1p3     8427.00  33720.00     0.00   0.00    0.05     4.00   40.00    152.00     0.00   0.00    0.07     3.80    0.00      0.00     0.00   0.00    0.00     0.00    0.00    0.00    0.46  36.90
nvme1n1p4     8038.00  32156.00     0.00   0.00    0.05     4.00   48.00    172.00     0.00   0.00    0.08     3.58    0.00      0.00     0.00   0.00    0.00     0.00    0.00    0.00    0.44  30.10
nvme1n1p5     10548.00  42204.00     0.00   0.00    0.05     4.00   72.00    348.00     0.00   0.00    0.10     4.83    0.00      0.00     0.00   0.00    0.00     0.00    0.00    0.00    0.58  40.30


avg-cpu:  %user   %nice %system %iowait  %steal   %idle
          52.68    0.00   28.97    0.08    0.00   18.27

Device            r/s     rkB/s   rrqm/s  %rrqm r_await rareq-sz     w/s     wkB/s   wrqm/s  %wrqm w_await wareq-sz     d/s     dkB/s   drqm/s  %drqm d_await dareq-sz     f/s f_await  aqu-sz  %util
nvme1n1p3     7622.00  30496.00     0.00   0.00    0.06     4.00   56.00    216.00     0.00   0.00    0.09     3.86    0.00      0.00     0.00   0.00    0.00     0.00    0.00    0.00    0.43  33.80
nvme1n1p4     6917.00  27672.00     0.00   0.00    0.05     4.00   60.00    228.00     0.00   0.00    0.08     3.80    0.00      0.00     0.00   0.00    0.00     0.00    0.00    0.00    0.39  28.70
nvme1n1p5     9555.00  38228.00     0.00   0.00    0.05     4.00   64.00    236.00     0.00   0.00    0.09     3.69    0.00      0.00     0.00   0.00    0.00     0.00    0.00    0.00    0.53  36.80


avg-cpu:  %user   %nice %system %iowait  %steal   %idle
          21.16    0.00    5.87    0.25    0.00   72.73

Device            r/s     rkB/s   rrqm/s  %rrqm r_await rareq-sz     w/s     wkB/s   wrqm/s  %wrqm w_await wareq-sz     d/s     dkB/s   drqm/s  %drqm d_await dareq-sz     f/s f_await  aqu-sz  %util
nvme1n1p3      903.00   3616.00     0.00   0.00    0.05     4.00  124.00    688.00     0.00   0.00    0.09     5.55    0.00      0.00     0.00   0.00    0.00     0.00    0.00    0.00    0.06   4.50
nvme1n1p4      788.00   3152.00     0.00   0.00    0.05     4.00  105.00    576.00     0.00   0.00    0.10     5.49    0.00      0.00     0.00   0.00    0.00     0.00    0.00    0.00    0.05   3.30
nvme1n1p5     1135.00   4548.00     0.00   0.00    0.05     4.01  124.00    684.00     0.00   0.00    0.09     5.52    0.00      0.00     0.00   0.00    0.00     0.00    0.00    0.00    0.07   5.20


avg-cpu:  %user   %nice %system %iowait  %steal   %idle
          16.89    0.00    3.63    0.25    0.00   79.22

Device            r/s     rkB/s   rrqm/s  %rrqm r_await rareq-sz     w/s     wkB/s   wrqm/s  %wrqm w_await wareq-sz     d/s     dkB/s   drqm/s  %drqm d_await dareq-sz     f/s f_await  aqu-sz  %util
nvme1n1p3        0.00      0.00     0.00   0.00    0.00     0.00  116.00    464.00     0.00   0.00    0.14     4.00    0.00      0.00     0.00   0.00    0.00     0.00    0.00    0.00    0.02   1.90
nvme1n1p4        1.00    112.00     0.00   0.00    1.00   112.00  144.00    728.00     0.00   0.00    0.11     5.06    0.00      0.00     0.00   0.00    0.00     0.00    0.00    0.00    0.02   1.60
nvme1n1p5        0.00      0.00     0.00   0.00    0.00     0.00  108.00    452.00     0.00   0.00    0.16     4.19    0.00      0.00     0.00   0.00    0.00     0.00    0.00    0.00    0.02   1.60


avg-cpu:  %user   %nice %system %iowait  %steal   %idle
          14.48    0.00    2.30    0.09    0.00   83.13

Device            r/s     rkB/s   rrqm/s  %rrqm r_await rareq-sz     w/s     wkB/s   wrqm/s  %wrqm w_await wareq-sz     d/s     dkB/s   drqm/s  %drqm d_await dareq-sz     f/s f_await  aqu-sz  %util
nvme1n1p3        0.00      0.00     0.00   0.00    0.00     0.00   16.00     68.00     0.00   0.00    0.12     4.25    0.00      0.00     0.00   0.00    0.00     0.00    0.00    0.00    0.00   0.20
nvme1n1p4        0.00      0.00     0.00   0.00    0.00     0.00   16.00     68.00     0.00   0.00    0.12     4.25    0.00      0.00     0.00   0.00    0.00     0.00    0.00    0.00    0.00   0.30
nvme1n1p5        0.00      0.00     0.00   0.00    0.00     0.00   16.00     68.00     0.00   0.00    0.06     4.25    0.00      0.00     0.00   0.00    0.00     0.00    0.00    0.00    0.00   0.30


avg-cpu:  %user   %nice %system %iowait  %steal   %idle
          18.12    0.00    2.85    0.09    0.00   78.95

Device            r/s     rkB/s   rrqm/s  %rrqm r_await rareq-sz     w/s     wkB/s   wrqm/s  %wrqm w_await wareq-sz     d/s     dkB/s   drqm/s  %drqm d_await dareq-sz     f/s f_await  aqu-sz  %util
nvme1n1p3        0.00      0.00     0.00   0.00    0.00     0.00   54.00    324.00     0.00   0.00    0.19     6.00    0.00      0.00     0.00   0.00    0.00     0.00    0.00    0.00    0.01   0.60
nvme1n1p4        0.00      0.00     0.00   0.00    0.00     0.00   28.00    108.00     0.00   0.00    0.21     3.86    0.00      0.00     0.00   0.00    0.00     0.00    0.00    0.00    0.01   0.40
nvme1n1p5        0.00      0.00     0.00   0.00    0.00     0.00   28.00    108.00     0.00   0.00    0.25     3.86    0.00      0.00     0.00   0.00    0.00     0.00    0.00    0.00    0.01   0.70


avg-cpu:  %user   %nice %system %iowait  %steal   %idle
          14.52    0.00    2.66    0.26    0.00   82.56

Device            r/s     rkB/s   rrqm/s  %rrqm r_await rareq-sz     w/s     wkB/s   wrqm/s  %wrqm w_await wareq-sz     d/s     dkB/s   drqm/s  %drqm d_await dareq-sz     f/s f_await  aqu-sz  %util
nvme1n1p3        0.00      0.00     0.00   0.00    0.00     0.00   68.00    284.00     0.00   0.00    0.15     4.18    0.00      0.00     0.00   0.00    0.00     0.00    0.00    0.00    0.01   1.10
nvme1n1p4        0.00      0.00     0.00   0.00    0.00     0.00   64.00    280.00     0.00   0.00    0.16     4.38    0.00      0.00     0.00   0.00    0.00     0.00    0.00    0.00    0.01   1.40
nvme1n1p5        0.00      0.00     0.00   0.00    0.00     0.00   96.00    488.00     0.00   0.00    0.15     5.08    0.00      0.00     0.00   0.00    0.00     0.00    0.00    0.00    0.01   1.10


avg-cpu:  %user   %nice %system %iowait  %steal   %idle
          14.85    0.00    2.68    0.26    0.00   82.21

Device            r/s     rkB/s   rrqm/s  %rrqm r_await rareq-sz     w/s     wkB/s   wrqm/s  %wrqm w_await wareq-sz     d/s     dkB/s   drqm/s  %drqm d_await dareq-sz     f/s f_await  aqu-sz  %util
nvme1n1p3        0.00      0.00     0.00   0.00    0.00     0.00  137.00   1016.00     1.00   0.72    0.15     7.42    0.00      0.00     0.00   0.00    0.00     0.00    0.00    0.00    0.02   0.60
nvme1n1p4        0.00      0.00     0.00   0.00    0.00     0.00  112.00    852.00     0.00   0.00    0.12     7.61    0.00      0.00     0.00   0.00    0.00     0.00    0.00    0.00    0.01   1.60
nvme1n1p5        0.00      0.00     0.00   0.00    0.00     0.00  149.00   1048.00     0.00   0.00    0.14     7.03    0.00      0.00     0.00   0.00    0.00     0.00    0.00    0.00    0.02   1.20


avg-cpu:  %user   %nice %system %iowait  %steal   %idle
          22.35    0.00    4.83    0.26    0.00   72.56

Device            r/s     rkB/s   rrqm/s  %rrqm r_await rareq-sz     w/s     wkB/s   wrqm/s  %wrqm w_await wareq-sz     d/s     dkB/s   drqm/s  %drqm d_await dareq-sz     f/s f_await  aqu-sz  %util
nvme1n1p3        0.00      0.00     0.00   0.00    0.00     0.00   84.00    380.00     0.00   0.00    0.17     4.52    0.00      0.00     0.00   0.00    0.00     0.00    0.00    0.00    0.01   1.80
nvme1n1p4        0.00      0.00     0.00   0.00    0.00     0.00  155.00    744.00     0.00   0.00    0.12     4.80    0.00      0.00     0.00   0.00    0.00     0.00    0.00    0.00    0.02   1.60
nvme1n1p5        0.00      0.00     0.00   0.00    0.00     0.00   92.00    400.00     0.00   0.00    0.16     4.35    0.00      0.00     0.00   0.00    0.00     0.00    0.00    0.00    0.01   1.30


avg-cpu:  %user   %nice %system %iowait  %steal   %idle
          34.96    0.00    7.63    0.60    0.00   56.81

Device            r/s     rkB/s   rrqm/s  %rrqm r_await rareq-sz     w/s     wkB/s   wrqm/s  %wrqm w_await wareq-sz     d/s     dkB/s   drqm/s  %drqm d_await dareq-sz     f/s f_await  aqu-sz  %util
nvme1n1p3        0.00      0.00     0.00   0.00    0.00     0.00 1509.00 148908.00     0.00   0.00    0.34    98.68    0.00      0.00     0.00   0.00    0.00     0.00    0.00    0.00    0.51   9.00
nvme1n1p4        0.00      0.00     0.00   0.00    0.00     0.00 1537.00 149980.00     3.00   0.19    0.33    97.58    0.00      0.00     0.00   0.00    0.00     0.00    0.00    0.00    0.50  10.30
nvme1n1p5        0.00      0.00     0.00   0.00    0.00     0.00 1575.00 150004.00     4.00   0.25    0.30    95.24    0.00      0.00     0.00   0.00    0.00     0.00    0.00    0.00    0.48   9.80


avg-cpu:  %user   %nice %system %iowait  %steal   %idle
          63.06    0.00   17.91    1.56    0.00   17.47

Device            r/s     rkB/s   rrqm/s  %rrqm r_await rareq-sz     w/s     wkB/s   wrqm/s  %wrqm w_await wareq-sz     d/s     dkB/s   drqm/s  %drqm d_await dareq-sz     f/s f_await  aqu-sz  %util
nvme1n1p3        0.00      0.00     0.00   0.00    0.00     0.00 5343.00 577256.00     6.00   0.11    0.35   108.04    0.00      0.00     0.00   0.00    0.00     0.00    0.00    0.00    1.85  30.80
nvme1n1p4        0.00      0.00     0.00   0.00    0.00     0.00 5534.00 578496.00     5.00   0.09    0.34   104.53    0.00      0.00     0.00   0.00    0.00     0.00    0.00    0.00    1.91  34.60
nvme1n1p5        0.00      0.00     0.00   0.00    0.00     0.00 5573.00 582760.00    13.00   0.23    0.32   104.57    0.00      0.00     0.00   0.00    0.00     0.00    0.00    0.00    1.80  36.10


avg-cpu:  %user   %nice %system %iowait  %steal   %idle
          67.67    0.00   16.47    0.94    0.00   14.92

Device            r/s     rkB/s   rrqm/s  %rrqm r_await rareq-sz     w/s     wkB/s   wrqm/s  %wrqm w_await wareq-sz     d/s     dkB/s   drqm/s  %drqm d_await dareq-sz     f/s f_await  aqu-sz  %util
nvme1n1p3        0.00      0.00     0.00   0.00    0.00     0.00 4995.00 536068.00     6.00   0.12    0.30   107.32    0.00      0.00     0.00   0.00    0.00     0.00    0.00    0.00    1.51  25.70
nvme1n1p4        0.00      0.00     0.00   0.00    0.00     0.00 5081.00 537080.00     7.00   0.14    0.30   105.70    0.00      0.00     0.00   0.00    0.00     0.00    0.00    0.00    1.50  26.60
nvme1n1p5        0.00      0.00     0.00   0.00    0.00     0.00 5031.00 529952.00     4.00   0.08    0.31   105.34    0.00      0.00     0.00   0.00    0.00     0.00    0.00    0.00    1.58  24.30


avg-cpu:  %user   %nice %system %iowait  %steal   %idle
          66.32    0.00   16.75    1.12    0.00   15.81

Device            r/s     rkB/s   rrqm/s  %rrqm r_await rareq-sz     w/s     wkB/s   wrqm/s  %wrqm w_await wareq-sz     d/s     dkB/s   drqm/s  %drqm d_await dareq-sz     f/s f_await  aqu-sz  %util
nvme1n1p3        0.00      0.00     0.00   0.00    0.00     0.00 5107.00 540060.00     3.00   0.06    0.31   105.75    0.00      0.00     0.00   0.00    0.00     0.00    0.00    0.00    1.58  27.40
nvme1n1p4        0.00      0.00     0.00   0.00    0.00     0.00 5230.00 540580.00    11.00   0.21    0.29   103.36    0.00      0.00     0.00   0.00    0.00     0.00    0.00    0.00    1.50  28.90
nvme1n1p5        0.00      0.00     0.00   0.00    0.00     0.00 5195.00 543888.00    10.00   0.19    0.34   104.69    0.00      0.00     0.00   0.00    0.00     0.00    0.00    0.00    1.76  26.40


avg-cpu:  %user   %nice %system %iowait  %steal   %idle
          66.72    0.00   16.72    0.94    0.00   15.61

Device            r/s     rkB/s   rrqm/s  %rrqm r_await rareq-sz     w/s     wkB/s   wrqm/s  %wrqm w_await wareq-sz     d/s     dkB/s   drqm/s  %drqm d_await dareq-sz     f/s f_await  aqu-sz  %util
nvme1n1p3        0.00      0.00     0.00   0.00    0.00     0.00 4992.08 529520.79     7.92   0.16    0.25   106.07    0.00      0.00     0.00   0.00    0.00     0.00    0.00    0.00    1.23  26.44
nvme1n1p4        0.00      0.00     0.00   0.00    0.00     0.00 5080.20 534269.31     6.93   0.14    0.28   105.17    0.00      0.00     0.00   0.00    0.00     0.00    0.00    0.00    1.44  28.42
nvme1n1p5        0.00      0.00     0.00   0.00    0.00     0.00 5147.52 540130.69     6.93   0.13    0.29   104.93    0.00      0.00     0.00   0.00    0.00     0.00    0.00    0.00    1.50  28.71


avg-cpu:  %user   %nice %system %iowait  %steal   %idle
          67.92    0.00   15.96    1.02    0.00   15.10

Device            r/s     rkB/s   rrqm/s  %rrqm r_await rareq-sz     w/s     wkB/s   wrqm/s  %wrqm w_await wareq-sz     d/s     dkB/s   drqm/s  %drqm d_await dareq-sz     f/s f_await  aqu-sz  %util
nvme1n1p3        2.00     96.00     0.00   0.00    0.50    48.00 5192.00 546908.00     8.00   0.15    0.28   105.34    0.00      0.00     0.00   0.00    0.00     0.00    0.00    0.00    1.43  27.00
nvme1n1p4        0.00      0.00     0.00   0.00    0.00     0.00 5170.00 538732.00     4.00   0.08    0.27   104.20    0.00      0.00     0.00   0.00    0.00     0.00    0.00    0.00    1.39  27.10
nvme1n1p5        0.00      0.00     0.00   0.00    0.00     0.00 5111.00 530648.00    16.00   0.31    0.26   103.82    0.00      0.00     0.00   0.00    0.00     0.00    0.00    0.00    1.33  27.10


avg-cpu:  %user   %nice %system %iowait  %steal   %idle
          68.43    0.00   15.91    0.85    0.00   14.81

Device            r/s     rkB/s   rrqm/s  %rrqm r_await rareq-sz     w/s     wkB/s   wrqm/s  %wrqm w_await wareq-sz     d/s     dkB/s   drqm/s  %drqm d_await dareq-sz     f/s f_await  aqu-sz  %util
nvme1n1p3        0.00      0.00     0.00   0.00    0.00     0.00 5022.00 532968.00     7.00   0.14    0.30   106.13    0.00      0.00     0.00   0.00    0.00     0.00    0.00    0.00    1.51  26.60
nvme1n1p4        0.00      0.00     0.00   0.00    0.00     0.00 5111.00 542168.00     7.00   0.14    0.31   106.08    0.00      0.00     0.00   0.00    0.00     0.00    0.00    0.00    1.58  29.30
nvme1n1p5        0.00      0.00     0.00   0.00    0.00     0.00 5118.00 542220.00     8.00   0.16    0.32   105.94    0.00      0.00     0.00   0.00    0.00     0.00    0.00    0.00    1.63  29.00


avg-cpu:  %user   %nice %system %iowait  %steal   %idle
          66.18    0.00   17.16    1.02    0.00   15.63

Device            r/s     rkB/s   rrqm/s  %rrqm r_await rareq-sz     w/s     wkB/s   wrqm/s  %wrqm w_await wareq-sz     d/s     dkB/s   drqm/s  %drqm d_await dareq-sz     f/s f_await  aqu-sz  %util
nvme1n1p3        0.00      0.00     0.00   0.00    0.00     0.00 5236.00 561840.00     8.00   0.15    0.33   107.30    0.00      0.00     0.00   0.00    0.00     0.00    0.00    0.00    1.74  28.00
nvme1n1p4        0.00      0.00     0.00   0.00    0.00     0.00 5222.00 548652.00    15.00   0.29    0.33   105.07    0.00      0.00     0.00   0.00    0.00     0.00    0.00    0.00    1.70  30.10
nvme1n1p5        0.00      0.00     0.00   0.00    0.00     0.00 5294.00 550752.00    13.00   0.24    0.32   104.03    0.00      0.00     0.00   0.00    0.00     0.00    0.00    0.00    1.71  31.40


avg-cpu:  %user   %nice %system %iowait  %steal   %idle
          67.92    0.00   16.00    1.03    0.00   15.06

Device            r/s     rkB/s   rrqm/s  %rrqm r_await rareq-sz     w/s     wkB/s   wrqm/s  %wrqm w_await wareq-sz     d/s     dkB/s   drqm/s  %drqm d_await dareq-sz     f/s f_await  aqu-sz  %util
nvme1n1p3        0.00      0.00     0.00   0.00    0.00     0.00 5030.00 535320.00     7.00   0.14    0.33   106.43    0.00      0.00     0.00   0.00    0.00     0.00    0.00    0.00    1.64  26.70
nvme1n1p4        0.00      0.00     0.00   0.00    0.00     0.00 5126.00 537444.00    14.00   0.27    0.30   104.85    0.00      0.00     0.00   0.00    0.00     0.00    0.00    0.00    1.53  28.90
nvme1n1p5        0.00      0.00     0.00   0.00    0.00     0.00 5139.00 539300.00     9.00   0.17    0.29   104.94    0.00      0.00     0.00   0.00    0.00     0.00    0.00    0.00    1.51  28.50


avg-cpu:  %user   %nice %system %iowait  %steal   %idle
          69.45    0.00   15.15    0.94    0.00   14.47

Device            r/s     rkB/s   rrqm/s  %rrqm r_await rareq-sz     w/s     wkB/s   wrqm/s  %wrqm w_await wareq-sz     d/s     dkB/s   drqm/s  %drqm d_await dareq-sz     f/s f_await  aqu-sz  %util
nvme1n1p3        0.00      0.00     0.00   0.00    0.00     0.00 4869.00 521820.00     6.00   0.12    0.30   107.17    0.00      0.00     0.00   0.00    0.00     0.00    0.00    0.00    1.47  22.10
nvme1n1p4        0.00      0.00     0.00   0.00    0.00     0.00 4983.00 528000.00    13.00   0.26    0.31   105.96    0.00      0.00     0.00   0.00    0.00     0.00    0.00    0.00    1.54  26.50
nvme1n1p5        0.00      0.00     0.00   0.00    0.00     0.00 5047.00 525260.00     8.00   0.16    0.28   104.07    0.00      0.00     0.00   0.00    0.00     0.00    0.00    0.00    1.42  25.80


avg-cpu:  %user   %nice %system %iowait  %steal   %idle
          63.86    0.00   17.94    1.12    0.00   17.08

Device            r/s     rkB/s   rrqm/s  %rrqm r_await rareq-sz     w/s     wkB/s   wrqm/s  %wrqm w_await wareq-sz     d/s     dkB/s   drqm/s  %drqm d_await dareq-sz     f/s f_await  aqu-sz  %util
nvme1n1p3        0.00      0.00     0.00   0.00    0.00     0.00 5302.00 565888.00     6.00   0.11    0.33   106.73    0.00      0.00     0.00   0.00    0.00     0.00    0.00    0.00    1.73  27.40
nvme1n1p4        0.00      0.00     0.00   0.00    0.00     0.00 5345.00 561876.00    10.00   0.19    0.32   105.12    0.00      0.00     0.00   0.00    0.00     0.00    0.00    0.00    1.72  28.60
nvme1n1p5        0.00      0.00     0.00   0.00    0.00     0.00 5332.00 563292.00     9.00   0.17    0.36   105.64    0.00      0.00     0.00   0.00    0.00     0.00    0.00    0.00    1.91  30.10


avg-cpu:  %user   %nice %system %iowait  %steal   %idle
          62.79    0.00   17.28    1.28    0.00   18.65

Device            r/s     rkB/s   rrqm/s  %rrqm r_await rareq-sz     w/s     wkB/s   wrqm/s  %wrqm w_await wareq-sz     d/s     dkB/s   drqm/s  %drqm d_await dareq-sz     f/s f_await  aqu-sz  %util
nvme1n1p3        0.00      0.00     0.00   0.00    0.00     0.00 5491.00 586556.00    11.00   0.20    0.35   106.82    0.00      0.00     0.00   0.00    0.00     0.00    0.00    0.00    1.94  31.00
nvme1n1p4        0.00      0.00     0.00   0.00    0.00     0.00 5576.00 589764.00     5.00   0.09    0.32   105.77    0.00      0.00     0.00   0.00    0.00     0.00    0.00    0.00    1.79  31.70
nvme1n1p5        0.00      0.00     0.00   0.00    0.00     0.00 5537.00 589132.00    15.00   0.27    0.35   106.40    0.00      0.00     0.00   0.00    0.00     0.00    0.00    0.00    1.96  29.70


avg-cpu:  %user   %nice %system %iowait  %steal   %idle
          61.27    0.00   17.91    1.37    0.00   19.45

Device            r/s     rkB/s   rrqm/s  %rrqm r_await rareq-sz     w/s     wkB/s   wrqm/s  %wrqm w_await wareq-sz     d/s     dkB/s   drqm/s  %drqm d_await dareq-sz     f/s f_await  aqu-sz  %util
nvme1n1p3        0.00      0.00     0.00   0.00    0.00     0.00 5596.00 597768.00     6.00   0.11    0.37   106.82    0.00      0.00     0.00   0.00    0.00     0.00    0.00    0.00    2.08  32.10
nvme1n1p4        0.00      0.00     0.00   0.00    0.00     0.00 5635.00 594768.00     5.00   0.09    0.36   105.55    0.00      0.00     0.00   0.00    0.00     0.00    0.00    0.00    2.04  32.40
nvme1n1p5        0.00      0.00     0.00   0.00    0.00     0.00 5692.00 595028.00    13.00   0.23    0.36   104.54    0.00      0.00     0.00   0.00    0.00     0.00    0.00    0.00    2.08  34.20


avg-cpu:  %user   %nice %system %iowait  %steal   %idle
          59.19    0.00   17.86    1.55    0.00   21.40

Device            r/s     rkB/s   rrqm/s  %rrqm r_await rareq-sz     w/s     wkB/s   wrqm/s  %wrqm w_await wareq-sz     d/s     dkB/s   drqm/s  %drqm d_await dareq-sz     f/s f_await  aqu-sz  %util
nvme1n1p3        0.00      0.00     0.00   0.00    0.00     0.00 5618.00 601544.00     3.00   0.05    0.38   107.07    0.00      0.00     0.00   0.00    0.00     0.00    0.00    0.00    2.15  34.40
nvme1n1p4        0.00      0.00     0.00   0.00    0.00     0.00 5708.00 599896.00     8.00   0.14    0.35   105.10    0.00      0.00     0.00   0.00    0.00     0.00    0.00    0.00    2.01  36.90
nvme1n1p5        0.00      0.00     0.00   0.00    0.00     0.00 5764.00 604956.00     6.00   0.10    0.38   104.95    0.00      0.00     0.00   0.00    0.00     0.00    0.00    0.00    2.19  34.80


avg-cpu:  %user   %nice %system %iowait  %steal   %idle
          59.19    0.00   17.87    1.46    0.00   21.48

Device            r/s     rkB/s   rrqm/s  %rrqm r_await rareq-sz     w/s     wkB/s   wrqm/s  %wrqm w_await wareq-sz     d/s     dkB/s   drqm/s  %drqm d_await dareq-sz     f/s f_await  aqu-sz  %util
nvme1n1p3        0.00      0.00     0.00   0.00    0.00     0.00 5585.00 599392.00     3.00   0.05    0.41   107.32    0.00      0.00     0.00   0.00    0.00     0.00    0.00    0.00    2.30  33.50
nvme1n1p4        0.00      0.00     0.00   0.00    0.00     0.00 5749.00 606408.00     7.00   0.12    0.40   105.48    0.00      0.00     0.00   0.00    0.00     0.00    0.00    0.00    2.33  35.60
nvme1n1p5        0.00      0.00     0.00   0.00    0.00     0.00 5727.00 604064.00     3.00   0.05    0.41   105.48    0.00      0.00     0.00   0.00    0.00     0.00    0.00    0.00    2.32  35.70


avg-cpu:  %user   %nice %system %iowait  %steal   %idle
          62.33    0.00   17.33    1.47    0.00   18.88

Device            r/s     rkB/s   rrqm/s  %rrqm r_await rareq-sz     w/s     wkB/s   wrqm/s  %wrqm w_await wareq-sz     d/s     dkB/s   drqm/s  %drqm d_await dareq-sz     f/s f_await  aqu-sz  %util
nvme1n1p3        0.00      0.00     0.00   0.00    0.00     0.00 5346.00 569240.00    15.00   0.28    0.34   106.48    0.00      0.00     0.00   0.00    0.00     0.00    0.00    0.00    1.82  32.40
nvme1n1p4        0.00      0.00     0.00   0.00    0.00     0.00 5418.00 566156.00     7.00   0.13    0.36   104.50    0.00      0.00     0.00   0.00    0.00     0.00    0.00    0.00    1.97  32.90
nvme1n1p5        0.00      0.00     0.00   0.00    0.00     0.00 5487.00 565400.00     3.00   0.05    0.34   103.04    0.00      0.00     0.00   0.00    0.00     0.00    0.00    0.00    1.88  32.50


avg-cpu:  %user   %nice %system %iowait  %steal   %idle
          60.19    0.00   17.96    1.55    0.00   20.29

Device            r/s     rkB/s   rrqm/s  %rrqm r_await rareq-sz     w/s     wkB/s   wrqm/s  %wrqm w_await wareq-sz     d/s     dkB/s   drqm/s  %drqm d_await dareq-sz     f/s f_await  aqu-sz  %util
nvme1n1p3        0.00      0.00     0.00   0.00    0.00     0.00 5585.00 594796.00    11.00   0.20    0.35   106.50    0.00      0.00     0.00   0.00    0.00     0.00    0.00    0.00    1.98  34.00
nvme1n1p4        0.00      0.00     0.00   0.00    0.00     0.00 5649.00 595780.00     4.00   0.07    0.35   105.47    0.00      0.00     0.00   0.00    0.00     0.00    0.00    0.00    2.00  34.90
nvme1n1p5        0.00      0.00     0.00   0.00    0.00     0.00 5688.00 590748.00     1.00   0.02    0.34   103.86    0.00      0.00     0.00   0.00    0.00     0.00    0.00    0.00    1.95  35.10


avg-cpu:  %user   %nice %system %iowait  %steal   %idle
          51.59    0.00   15.50    4.91    0.00   27.99

Device            r/s     rkB/s   rrqm/s  %rrqm r_await rareq-sz     w/s     wkB/s   wrqm/s  %wrqm w_await wareq-sz     d/s     dkB/s   drqm/s  %drqm d_await dareq-sz     f/s f_await  aqu-sz  %util
nvme1n1p3        0.00      0.00     0.00   0.00    0.00     0.00 4268.00 461032.00     4.00   0.09    1.10   108.02    0.00      0.00     0.00   0.00    0.00     0.00    0.00    0.00    4.72  45.00
nvme1n1p4        0.00      0.00     0.00   0.00    0.00     0.00 4310.00 458092.00     6.00   0.14    0.44   106.29    0.00      0.00     0.00   0.00    0.00     0.00    0.00    0.00    1.88  46.70
nvme1n1p5        0.00      0.00     0.00   0.00    0.00     0.00 4445.00 461144.00     3.00   0.07    0.73   103.74    0.00      0.00     0.00   0.00    0.00     0.00    0.00    0.00    3.25  49.60


avg-cpu:  %user   %nice %system %iowait  %steal   %idle
          54.89    0.00   16.47    4.12    0.00   24.53

Device            r/s     rkB/s   rrqm/s  %rrqm r_await rareq-sz     w/s     wkB/s   wrqm/s  %wrqm w_await wareq-sz     d/s     dkB/s   drqm/s  %drqm d_await dareq-sz     f/s f_await  aqu-sz  %util
nvme1n1p3        0.00      0.00     0.00   0.00    0.00     0.00 4845.00 523780.00    10.00   0.21    0.45   108.11    0.00      0.00     0.00   0.00    0.00     0.00    0.00    0.00    2.19  40.30
nvme1n1p4        0.00      0.00     0.00   0.00    0.00     0.00 4893.00 522788.00     8.00   0.16    0.49   106.84    0.00      0.00     0.00   0.00    0.00     0.00    0.00    0.00    2.39  42.10
nvme1n1p5        0.00      0.00     0.00   0.00    0.00     0.00 5019.00 527964.00     4.00   0.08    0.48   105.19    0.00      0.00     0.00   0.00    0.00     0.00    0.00    0.00    2.42  42.40


avg-cpu:  %user   %nice %system %iowait  %steal   %idle
          52.62    0.00   15.54    5.15    0.00   26.70

Device            r/s     rkB/s   rrqm/s  %rrqm r_await rareq-sz     w/s     wkB/s   wrqm/s  %wrqm w_await wareq-sz     d/s     dkB/s   drqm/s  %drqm d_await dareq-sz     f/s f_await  aqu-sz  %util
nvme1n1p3        0.00      0.00     0.00   0.00    0.00     0.00 3947.00 427056.00    12.00   0.30    0.66   108.20    0.00      0.00     0.00   0.00    0.00     0.00    0.00    0.00    2.62  53.50
nvme1n1p4        0.00      0.00     0.00   0.00    0.00     0.00 4012.00 428136.00     4.00   0.10    0.69   106.71    0.00      0.00     0.00   0.00    0.00     0.00    0.00    0.00    2.76  53.90
nvme1n1p5        0.00      0.00     0.00   0.00    0.00     0.00 4086.00 428244.00     3.00   0.07    0.87   104.81    0.00      0.00     0.00   0.00    0.00     0.00    0.00    0.00    3.55  53.80


avg-cpu:  %user   %nice %system %iowait  %steal   %idle
          45.16    0.00   14.62    6.75    0.00   33.48

Device            r/s     rkB/s   rrqm/s  %rrqm r_await rareq-sz     w/s     wkB/s   wrqm/s  %wrqm w_await wareq-sz     d/s     dkB/s   drqm/s  %drqm d_await dareq-sz     f/s f_await  aqu-sz  %util
nvme1n1p3        0.00      0.00     0.00   0.00    0.00     0.00 3541.00 388864.00     3.00   0.08    0.93   109.82    0.00      0.00     0.00   0.00    0.00     0.00    0.00    0.00    3.29  63.00
nvme1n1p4        0.00      0.00     0.00   0.00    0.00     0.00 3582.00 385072.00     3.00   0.08    1.14   107.50    0.00      0.00     0.00   0.00    0.00     0.00    0.00    0.00    4.09  61.90
nvme1n1p5        0.00      0.00     0.00   0.00    0.00     0.00 3537.00 380008.00     3.00   0.08    1.06   107.44    0.00      0.00     0.00   0.00    0.00     0.00    0.00    0.00    3.76  64.30


avg-cpu:  %user   %nice %system %iowait  %steal   %idle
          44.23    0.00   10.84    9.04    0.00   35.89

Device            r/s     rkB/s   rrqm/s  %rrqm r_await rareq-sz     w/s     wkB/s   wrqm/s  %wrqm w_await wareq-sz     d/s     dkB/s   drqm/s  %drqm d_await dareq-sz     f/s f_await  aqu-sz  %util
nvme1n1p3        0.00      0.00     0.00   0.00    0.00     0.00 3097.00 344848.00     6.00   0.19    2.04   111.35    0.00      0.00     0.00   0.00    0.00     0.00    0.00    0.00    6.33  85.30
nvme1n1p4        0.00      0.00     0.00   0.00    0.00     0.00 3154.00 345916.00     3.00   0.10    2.23   109.68    0.00      0.00     0.00   0.00    0.00     0.00    0.00    0.00    7.02  86.60
nvme1n1p5        0.00      0.00     0.00   0.00    0.00     0.00 3152.00 343312.00     1.00   0.03    2.25   108.92    0.00      0.00     0.00   0.00    0.00     0.00    0.00    0.00    7.08  87.50


avg-cpu:  %user   %nice %system %iowait  %steal   %idle
          41.13    0.00   13.13    9.13    0.00   36.61

Device            r/s     rkB/s   rrqm/s  %rrqm r_await rareq-sz     w/s     wkB/s   wrqm/s  %wrqm w_await wareq-sz     d/s     dkB/s   drqm/s  %drqm d_await dareq-sz     f/s f_await  aqu-sz  %util
nvme1n1p3        0.00      0.00     0.00   0.00    0.00     0.00 2836.00 316680.00     1.00   0.04    1.49   111.66    0.00      0.00     0.00   0.00    0.00     0.00    0.00    0.00    4.21  78.80
nvme1n1p4        0.00      0.00     0.00   0.00    0.00     0.00 2919.00 317192.00     3.00   0.10    2.58   108.66    0.00      0.00     0.00   0.00    0.00     0.00    0.00    0.00    7.52  80.00
nvme1n1p5        0.00      0.00     0.00   0.00    0.00     0.00 2938.00 323700.00     1.00   0.03    1.89   110.18    0.00      0.00     0.00   0.00    0.00     0.00    0.00    0.00    5.54  82.30


avg-cpu:  %user   %nice %system %iowait  %steal   %idle
          46.78    0.00   14.43    6.17    0.00   32.61

Device            r/s     rkB/s   rrqm/s  %rrqm r_await rareq-sz     w/s     wkB/s   wrqm/s  %wrqm w_await wareq-sz     d/s     dkB/s   drqm/s  %drqm d_await dareq-sz     f/s f_await  aqu-sz  %util
nvme1n1p3        0.00      0.00     0.00   0.00    0.00     0.00 3488.00 381584.00     8.00   0.23    2.39   109.40    0.00      0.00     0.00   0.00    0.00     0.00    0.00    0.00    8.32  69.60
nvme1n1p4        0.00      0.00     0.00   0.00    0.00     0.00 3513.00 380800.00     0.00   0.00    1.35   108.40    0.00      0.00     0.00   0.00    0.00     0.00    0.00    0.00    4.74  73.10
nvme1n1p5        0.00      0.00     0.00   0.00    0.00     0.00 3531.00 377856.00     8.00   0.23    1.13   107.01    0.00      0.00     0.00   0.00    0.00     0.00    0.00    0.00    3.98  72.50


avg-cpu:  %user   %nice %system %iowait  %steal   %idle
          47.42    0.00   13.54    7.25    0.00   31.79

Device            r/s     rkB/s   rrqm/s  %rrqm r_await rareq-sz     w/s     wkB/s   wrqm/s  %wrqm w_await wareq-sz     d/s     dkB/s   drqm/s  %drqm d_await dareq-sz     f/s f_await  aqu-sz  %util
nvme1n1p3        0.00      0.00     0.00   0.00    0.00     0.00 3307.00 367360.00     2.00   0.06    1.70   111.09    0.00      0.00     0.00   0.00    0.00     0.00    0.00    0.00    5.63  76.20
nvme1n1p4        0.00      0.00     0.00   0.00    0.00     0.00 3359.00 366364.00     5.00   0.15    1.97   109.07    0.00      0.00     0.00   0.00    0.00     0.00    0.00    0.00    6.62  78.60
nvme1n1p5        0.00      0.00     0.00   0.00    0.00     0.00 3382.00 367512.00     1.00   0.03    1.69   108.67    0.00      0.00     0.00   0.00    0.00     0.00    0.00    0.00    5.71  80.30


avg-cpu:  %user   %nice %system %iowait  %steal   %idle
          44.09    0.00   12.25    8.20    0.00   35.46

Device            r/s     rkB/s   rrqm/s  %rrqm r_await rareq-sz     w/s     wkB/s   wrqm/s  %wrqm w_await wareq-sz     d/s     dkB/s   drqm/s  %drqm d_await dareq-sz     f/s f_await  aqu-sz  %util
nvme1n1p3        0.00      0.00     0.00   0.00    0.00     0.00 3295.00 364640.00     9.00   0.27    1.80   110.66    0.00      0.00     0.00   0.00    0.00     0.00    0.00    0.00    5.93  79.70
nvme1n1p4        0.00      0.00     0.00   0.00    0.00     0.00 3415.00 372384.00     4.00   0.12    2.42   109.04    0.00      0.00     0.00   0.00    0.00     0.00    0.00    0.00    8.27  80.90
nvme1n1p5        0.00      0.00     0.00   0.00    0.00     0.00 3426.00 372368.00     2.00   0.06    1.45   108.69    0.00      0.00     0.00   0.00    0.00     0.00    0.00    0.00    4.96  80.70


avg-cpu:  %user   %nice %system %iowait  %steal   %idle
          48.05    0.00   13.88    6.85    0.00   31.22

Device            r/s     rkB/s   rrqm/s  %rrqm r_await rareq-sz     w/s     wkB/s   wrqm/s  %wrqm w_await wareq-sz     d/s     dkB/s   drqm/s  %drqm d_await dareq-sz     f/s f_await  aqu-sz  %util
nvme1n1p3        0.00      0.00     0.00   0.00    0.00     0.00 3538.00 386176.00     5.00   0.14    1.51   109.15    0.00      0.00     0.00   0.00    0.00     0.00    0.00    0.00    5.36  71.20
nvme1n1p4        0.00      0.00     0.00   0.00    0.00     0.00 3539.00 382624.00     9.00   0.25    1.35   108.12    0.00      0.00     0.00   0.00    0.00     0.00    0.00    0.00    4.77  74.40
nvme1n1p5        0.00      0.00     0.00   0.00    0.00     0.00 3528.00 381020.00     1.00   0.03    1.41   108.00    0.00      0.00     0.00   0.00    0.00     0.00    0.00    0.00    4.96  74.40


avg-cpu:  %user   %nice %system %iowait  %steal   %idle
          44.67    0.00   13.55    7.08    0.00   34.70

Device            r/s     rkB/s   rrqm/s  %rrqm r_await rareq-sz     w/s     wkB/s   wrqm/s  %wrqm w_await wareq-sz     d/s     dkB/s   drqm/s  %drqm d_await dareq-sz     f/s f_await  aqu-sz  %util
nvme1n1p3        0.00      0.00     0.00   0.00    0.00     0.00 3653.00 400344.00    10.00   0.27    1.54   109.59    0.00      0.00     0.00   0.00    0.00     0.00    0.00    0.00    5.61  72.70
nvme1n1p4        0.00      0.00     0.00   0.00    0.00     0.00 3647.00 395216.00     7.00   0.19    1.32   108.37    0.00      0.00     0.00   0.00    0.00     0.00    0.00    0.00    4.82  72.50
nvme1n1p5        0.00      0.00     0.00   0.00    0.00     0.00 3725.00 398164.00     4.00   0.11    1.41   106.89    0.00      0.00     0.00   0.00    0.00     0.00    0.00    0.00    5.27  76.90


avg-cpu:  %user   %nice %system %iowait  %steal   %idle
          41.62    0.00   12.65    9.57    0.00   36.15

Device            r/s     rkB/s   rrqm/s  %rrqm r_await rareq-sz     w/s     wkB/s   wrqm/s  %wrqm w_await wareq-sz     d/s     dkB/s   drqm/s  %drqm d_await dareq-sz     f/s f_await  aqu-sz  %util
nvme1n1p3        0.00      0.00     0.00   0.00    0.00     0.00 3086.00 339464.00     7.00   0.23    1.58   110.00    0.00      0.00     0.00   0.00    0.00     0.00    0.00    0.00    4.89  80.90
nvme1n1p4        0.00      0.00     0.00   0.00    0.00     0.00 3134.00 345124.00     8.00   0.25    1.43   110.12    0.00      0.00     0.00   0.00    0.00     0.00    0.00    0.00    4.49  82.50
nvme1n1p5        0.00      0.00     0.00   0.00    0.00     0.00 3122.00 341296.00     3.00   0.10    1.78   109.32    0.00      0.00     0.00   0.00    0.00     0.00    0.00    0.00    5.56  82.20


avg-cpu:  %user   %nice %system %iowait  %steal   %idle
          54.40    0.00   13.24    6.23    0.00   26.13

Device            r/s     rkB/s   rrqm/s  %rrqm r_await rareq-sz     w/s     wkB/s   wrqm/s  %wrqm w_await wareq-sz     d/s     dkB/s   drqm/s  %drqm d_await dareq-sz     f/s f_await  aqu-sz  %util
nvme1n1p3        0.00      0.00     0.00   0.00    0.00     0.00 2934.00 322644.00     4.00   0.14    1.57   109.97    0.00      0.00     0.00   0.00    0.00     0.00    0.00    0.00    4.61  67.50
nvme1n1p4        0.00      0.00     0.00   0.00    0.00     0.00 2971.00 322548.00     3.00   0.10    1.03   108.57    0.00      0.00     0.00   0.00    0.00     0.00    0.00    0.00    3.07  67.80
nvme1n1p5        0.00      0.00     0.00   0.00    0.00     0.00 3048.00 325192.00     1.00   0.03    1.32   106.69    0.00      0.00     0.00   0.00    0.00     0.00    0.00    0.00    4.03  69.10


avg-cpu:  %user   %nice %system %iowait  %steal   %idle
          49.23    0.00   13.34    7.83    0.00   29.60

Device            r/s     rkB/s   rrqm/s  %rrqm r_await rareq-sz     w/s     wkB/s   wrqm/s  %wrqm w_await wareq-sz     d/s     dkB/s   drqm/s  %drqm d_await dareq-sz     f/s f_await  aqu-sz  %util
nvme1n1p3        0.00      0.00     0.00   0.00    0.00     0.00 2694.00 296744.00     4.00   0.15    2.10   110.15    0.00      0.00     0.00   0.00    0.00     0.00    0.00    0.00    5.67  81.70
nvme1n1p4        0.00      0.00     0.00   0.00    0.00     0.00 2718.00 296636.00     6.00   0.22    2.12   109.14    0.00      0.00     0.00   0.00    0.00     0.00    0.00    0.00    5.75  80.40
nvme1n1p5        0.00      0.00     0.00   0.00    0.00     0.00 2708.00 294560.00     3.00   0.11    1.66   108.77    0.00      0.00     0.00   0.00    0.00     0.00    0.00    0.00    4.49  81.50


avg-cpu:  %user   %nice %system %iowait  %steal   %idle
          44.19    0.00   14.47    7.11    0.00   34.23

Device            r/s     rkB/s   rrqm/s  %rrqm r_await rareq-sz     w/s     wkB/s   wrqm/s  %wrqm w_await wareq-sz     d/s     dkB/s   drqm/s  %drqm d_await dareq-sz     f/s f_await  aqu-sz  %util
nvme1n1p3        0.00      0.00     0.00   0.00    0.00     0.00 2940.00 322848.00     0.00   0.00    1.75   109.81    0.00      0.00     0.00   0.00    0.00     0.00    0.00    0.00    5.16  77.40
nvme1n1p4        0.00      0.00     0.00   0.00    0.00     0.00 2927.00 323040.00     8.00   0.27    1.53   110.37    0.00      0.00     0.00   0.00    0.00     0.00    0.00    0.00    4.47  76.70
nvme1n1p5        0.00      0.00     0.00   0.00    0.00     0.00 3005.00 326180.00     0.00   0.00    1.35   108.55    0.00      0.00     0.00   0.00    0.00     0.00    0.00    0.00    4.05  78.60


avg-cpu:  %user   %nice %system %iowait  %steal   %idle
          49.05    0.00   15.23    6.80    0.00   28.92

Device            r/s     rkB/s   rrqm/s  %rrqm r_await rareq-sz     w/s     wkB/s   wrqm/s  %wrqm w_await wareq-sz     d/s     dkB/s   drqm/s  %drqm d_await dareq-sz     f/s f_await  aqu-sz  %util
nvme1n1p3        0.00      0.00     0.00   0.00    0.00     0.00 3364.00 369608.00     1.00   0.03    1.22   109.87    0.00      0.00     0.00   0.00    0.00     0.00    0.00    0.00    4.12  72.00
nvme1n1p4        0.00      0.00     0.00   0.00    0.00     0.00 3399.00 369260.00     2.00   0.06    1.47   108.64    0.00      0.00     0.00   0.00    0.00     0.00    0.00    0.00    4.99  74.60
nvme1n1p5        0.00      0.00     0.00   0.00    0.00     0.00 3410.00 369260.00     0.00   0.00    1.55   108.29    0.00      0.00     0.00   0.00    0.00     0.00    0.00    0.00    5.29  76.30


avg-cpu:  %user   %nice %system %iowait  %steal   %idle
          45.17    0.00   13.36    6.72    0.00   34.74

Device            r/s     rkB/s   rrqm/s  %rrqm r_await rareq-sz     w/s     wkB/s   wrqm/s  %wrqm w_await wareq-sz     d/s     dkB/s   drqm/s  %drqm d_await dareq-sz     f/s f_await  aqu-sz  %util
nvme1n1p3        0.00      0.00     0.00   0.00    0.00     0.00 3419.00 370552.00     6.00   0.18    1.38   108.38    0.00      0.00     0.00   0.00    0.00     0.00    0.00    0.00    4.72  73.30
nvme1n1p4        0.00      0.00     0.00   0.00    0.00     0.00 3434.00 371496.00     1.00   0.03    1.80   108.18    0.00      0.00     0.00   0.00    0.00     0.00    0.00    0.00    6.17  75.20
nvme1n1p5        0.00      0.00     0.00   0.00    0.00     0.00 3361.00 361420.00     5.00   0.15    1.34   107.53    0.00      0.00     0.00   0.00    0.00     0.00    0.00    0.00    4.50  74.50


avg-cpu:  %user   %nice %system %iowait  %steal   %idle
          47.85    0.00   13.50    6.84    0.00   31.81

Device            r/s     rkB/s   rrqm/s  %rrqm r_await rareq-sz     w/s     wkB/s   wrqm/s  %wrqm w_await wareq-sz     d/s     dkB/s   drqm/s  %drqm d_await dareq-sz     f/s f_await  aqu-sz  %util
nvme1n1p3        0.00      0.00     0.00   0.00    0.00     0.00 2726.00 300696.00     4.00   0.15    1.67   110.31    0.00      0.00     0.00   0.00    0.00     0.00    0.00    0.00    4.54  75.40
nvme1n1p4        0.00      0.00     0.00   0.00    0.00     0.00 2799.00 303376.00     2.00   0.07    1.65   108.39    0.00      0.00     0.00   0.00    0.00     0.00    0.00    0.00    4.62  77.90
nvme1n1p5        0.00      0.00     0.00   0.00    0.00     0.00 2822.00 311644.00     3.00   0.11    2.44   110.43    0.00      0.00     0.00   0.00    0.00     0.00    0.00    0.00    6.88  74.00


avg-cpu:  %user   %nice %system %iowait  %steal   %idle
          42.81    0.00   14.56    8.44    0.00   34.19

Device            r/s     rkB/s   rrqm/s  %rrqm r_await rareq-sz     w/s     wkB/s   wrqm/s  %wrqm w_await wareq-sz     d/s     dkB/s   drqm/s  %drqm d_await dareq-sz     f/s f_await  aqu-sz  %util
nvme1n1p3        3.00    240.00     0.00   0.00    2.00    80.00 3164.00 345776.00     2.00   0.06    1.65   109.28    0.00      0.00     0.00   0.00    0.00     0.00    0.00    0.00    5.24  76.30
nvme1n1p4        0.00      0.00     0.00   0.00    0.00     0.00 3148.00 340012.00     8.00   0.25    1.35   108.01    0.00      0.00     0.00   0.00    0.00     0.00    0.00    0.00    4.25  75.60
nvme1n1p5        0.00      0.00     0.00   0.00    0.00     0.00 3132.00 335820.00     3.00   0.10    2.06   107.22    0.00      0.00     0.00   0.00    0.00     0.00    0.00    0.00    6.45  76.50


avg-cpu:  %user   %nice %system %iowait  %steal   %idle
          50.13    0.00   14.95    4.84    0.00   30.08

Device            r/s     rkB/s   rrqm/s  %rrqm r_await rareq-sz     w/s     wkB/s   wrqm/s  %wrqm w_await wareq-sz     d/s     dkB/s   drqm/s  %drqm d_await dareq-sz     f/s f_await  aqu-sz  %util
nvme1n1p3        0.00      0.00     0.00   0.00    0.00     0.00 4410.00 471184.00     4.00   0.09    0.63   106.84    0.00      0.00     0.00   0.00    0.00     0.00    0.00    0.00    2.78  55.80
nvme1n1p4        0.00      0.00     0.00   0.00    0.00     0.00 4501.00 475180.00     5.00   0.11    0.75   105.57    0.00      0.00     0.00   0.00    0.00     0.00    0.00    0.00    3.37  53.80
nvme1n1p5        0.00      0.00     0.00   0.00    0.00     0.00 4465.00 475216.00     5.00   0.11    0.69   106.43    0.00      0.00     0.00   0.00    0.00     0.00    0.00    0.00    3.08  54.70


avg-cpu:  %user   %nice %system %iowait  %steal   %idle
          45.43    0.00   14.01    8.01    0.00   32.55

Device            r/s     rkB/s   rrqm/s  %rrqm r_await rareq-sz     w/s     wkB/s   wrqm/s  %wrqm w_await wareq-sz     d/s     dkB/s   drqm/s  %drqm d_await dareq-sz     f/s f_await  aqu-sz  %util
nvme1n1p3        0.00      0.00     0.00   0.00    0.00     0.00 3345.00 361776.00     3.00   0.09    1.19   108.15    0.00      0.00     0.00   0.00    0.00     0.00    0.00    0.00    3.98  74.50
nvme1n1p4        0.00      0.00     0.00   0.00    0.00     0.00 3329.00 361336.00     6.00   0.18    1.71   108.54    0.00      0.00     0.00   0.00    0.00     0.00    0.00    0.00    5.69  72.80
nvme1n1p5        0.00      0.00     0.00   0.00    0.00     0.00 3404.00 364224.00    11.00   0.32    1.27   107.00    0.00      0.00     0.00   0.00    0.00     0.00    0.00    0.00    4.31  76.30


avg-cpu:  %user   %nice %system %iowait  %steal   %idle
          43.04    0.00   14.17    8.00    0.00   34.78

Device            r/s     rkB/s   rrqm/s  %rrqm r_await rareq-sz     w/s     wkB/s   wrqm/s  %wrqm w_await wareq-sz     d/s     dkB/s   drqm/s  %drqm d_await dareq-sz     f/s f_await  aqu-sz  %util
nvme1n1p3        0.00      0.00     0.00   0.00    0.00     0.00 3165.00 345948.00     8.00   0.25    1.83   109.30    0.00      0.00     0.00   0.00    0.00     0.00    0.00    0.00    5.79  82.30
nvme1n1p4        0.00      0.00     0.00   0.00    0.00     0.00 3091.00 338392.00     4.00   0.13    1.91   109.48    0.00      0.00     0.00   0.00    0.00     0.00    0.00    0.00    5.89  82.50
nvme1n1p5        0.00      0.00     0.00   0.00    0.00     0.00 3109.00 338400.00    12.00   0.38    1.62   108.85    0.00      0.00     0.00   0.00    0.00     0.00    0.00    0.00    5.03  81.90


avg-cpu:  %user   %nice %system %iowait  %steal   %idle
          48.61    0.00   15.33    6.45    0.00   29.62

Device            r/s     rkB/s   rrqm/s  %rrqm r_await rareq-sz     w/s     wkB/s   wrqm/s  %wrqm w_await wareq-sz     d/s     dkB/s   drqm/s  %drqm d_await dareq-sz     f/s f_await  aqu-sz  %util
nvme1n1p3        0.00      0.00     0.00   0.00    0.00     0.00 3557.00 377748.00    10.00   0.28    1.27   106.20    0.00      0.00     0.00   0.00    0.00     0.00    0.00    0.00    4.53  56.40
nvme1n1p4        0.00      0.00     0.00   0.00    0.00     0.00 3569.00 380048.00    10.00   0.28    1.36   106.49    0.00      0.00     0.00   0.00    0.00     0.00    0.00    0.00    4.86  56.50
nvme1n1p5        0.00      0.00     0.00   0.00    0.00     0.00 3679.00 388060.00    14.00   0.38    1.04   105.48    0.00      0.00     0.00   0.00    0.00     0.00    0.00    0.00    3.84  58.90


avg-cpu:  %user   %nice %system %iowait  %steal   %idle
          45.96    0.00   12.29    8.93    0.00   32.82

Device            r/s     rkB/s   rrqm/s  %rrqm r_await rareq-sz     w/s     wkB/s   wrqm/s  %wrqm w_await wareq-sz     d/s     dkB/s   drqm/s  %drqm d_await dareq-sz     f/s f_await  aqu-sz  %util
nvme1n1p3        0.00      0.00     0.00   0.00    0.00     0.00 3133.00 343816.00    11.00   0.35    1.98   109.74    0.00      0.00     0.00   0.00    0.00     0.00    0.00    0.00    6.19  86.80
nvme1n1p4        0.00      0.00     0.00   0.00    0.00     0.00 3209.00 351540.00    18.00   0.56    2.02   109.55    0.00      0.00     0.00   0.00    0.00     0.00    0.00    0.00    6.47  86.50
nvme1n1p5        0.00      0.00     0.00   0.00    0.00     0.00 3158.00 343592.00    15.00   0.47    2.18   108.80    0.00      0.00     0.00   0.00    0.00     0.00    0.00    0.00    6.88  87.10


avg-cpu:  %user   %nice %system %iowait  %steal   %idle
          52.30    0.00   10.95    7.38    0.00   29.37

Device            r/s     rkB/s   rrqm/s  %rrqm r_await rareq-sz     w/s     wkB/s   wrqm/s  %wrqm w_await wareq-sz     d/s     dkB/s   drqm/s  %drqm d_await dareq-sz     f/s f_await  aqu-sz  %util
nvme1n1p3        0.00      0.00     0.00   0.00    0.00     0.00 2968.00 325792.00     8.00   0.27    1.93   109.77    0.00      0.00     0.00   0.00    0.00     0.00    0.00    0.00    5.74  83.90
nvme1n1p4        0.00      0.00     0.00   0.00    0.00     0.00 2926.00 319920.00    21.00   0.71    2.23   109.34    0.00      0.00     0.00   0.00    0.00     0.00    0.00    0.00    6.53  83.40
nvme1n1p5        0.00      0.00     0.00   0.00    0.00     0.00 2968.00 326072.00     7.00   0.24    1.94   109.86    0.00      0.00     0.00   0.00    0.00     0.00    0.00    0.00    5.75  84.20


avg-cpu:  %user   %nice %system %iowait  %steal   %idle
          63.38    0.00   13.68    3.98    0.00   18.96

Device            r/s     rkB/s   rrqm/s  %rrqm r_await rareq-sz     w/s     wkB/s   wrqm/s  %wrqm w_await wareq-sz     d/s     dkB/s   drqm/s  %drqm d_await dareq-sz     f/s f_await  aqu-sz  %util
nvme1n1p3        0.00      0.00     0.00   0.00    0.00     0.00 3743.00 396208.00     7.00   0.19    0.83   105.85    0.00      0.00     0.00   0.00    0.00     0.00    0.00    0.00    3.09  53.60
nvme1n1p4        0.00      0.00     0.00   0.00    0.00     0.00 3740.00 397244.00    24.00   0.64    0.97   106.21    0.00      0.00     0.00   0.00    0.00     0.00    0.00    0.00    3.65  54.20
nvme1n1p5        0.00      0.00     0.00   0.00    0.00     0.00 3657.00 386980.00    20.00   0.54    0.89   105.82    0.00      0.00     0.00   0.00    0.00     0.00    0.00    0.00    3.26  55.20


avg-cpu:  %user   %nice %system %iowait  %steal   %idle
          55.59    0.00   11.62    5.94    0.00   26.85

Device            r/s     rkB/s   rrqm/s  %rrqm r_await rareq-sz     w/s     wkB/s   wrqm/s  %wrqm w_await wareq-sz     d/s     dkB/s   drqm/s  %drqm d_await dareq-sz     f/s f_await  aqu-sz  %util
nvme1n1p3        0.00      0.00     0.00   0.00    0.00     0.00 3149.00 336524.00     9.00   0.28    1.21   106.87    0.00      0.00     0.00   0.00    0.00     0.00    0.00    0.00    3.81  66.40
nvme1n1p4        0.00      0.00     0.00   0.00    0.00     0.00 3140.00 335400.00    21.00   0.66    1.82   106.82    0.00      0.00     0.00   0.00    0.00     0.00    0.00    0.00    5.71  68.90
nvme1n1p5        0.00      0.00     0.00   0.00    0.00     0.00 3141.00 335488.00    32.00   1.01    1.24   106.81    0.00      0.00     0.00   0.00    0.00     0.00    0.00    0.00    3.88  68.00


avg-cpu:  %user   %nice %system %iowait  %steal   %idle
          52.91    0.00   11.10    7.81    0.00   28.19

Device            r/s     rkB/s   rrqm/s  %rrqm r_await rareq-sz     w/s     wkB/s   wrqm/s  %wrqm w_await wareq-sz     d/s     dkB/s   drqm/s  %drqm d_await dareq-sz     f/s f_await  aqu-sz  %util
nvme1n1p3        0.00      0.00     0.00   0.00    0.00     0.00 2969.00 325236.00    12.00   0.40    2.19   109.54    0.00      0.00     0.00   0.00    0.00     0.00    0.00    0.00    6.49  80.40
nvme1n1p4        0.00      0.00     0.00   0.00    0.00     0.00 2981.00 328316.00    23.00   0.77    1.66   110.14    0.00      0.00     0.00   0.00    0.00     0.00    0.00    0.00    4.95  82.90
nvme1n1p5        0.00      0.00     0.00   0.00    0.00     0.00 2995.00 328128.00    18.00   0.60    1.52   109.56    0.00      0.00     0.00   0.00    0.00     0.00    0.00    0.00    4.54  82.60


avg-cpu:  %user   %nice %system %iowait  %steal   %idle
          41.46    0.00   12.32    8.50    0.00   37.73

Device            r/s     rkB/s   rrqm/s  %rrqm r_await rareq-sz     w/s     wkB/s   wrqm/s  %wrqm w_await wareq-sz     d/s     dkB/s   drqm/s  %drqm d_await dareq-sz     f/s f_await  aqu-sz  %util
nvme1n1p3        0.00      0.00     0.00   0.00    0.00     0.00 3010.00 326108.00    21.00   0.69    2.07   108.34    0.00      0.00     0.00   0.00    0.00     0.00    0.00    0.00    6.22  83.50
nvme1n1p4        0.00      0.00     0.00   0.00    0.00     0.00 3029.00 324596.00    32.00   1.05    1.63   107.16    0.00      0.00     0.00   0.00    0.00     0.00    0.00    0.00    4.94  86.00
nvme1n1p5        0.00      0.00     0.00   0.00    0.00     0.00 3059.00 328776.00     9.00   0.29    1.93   107.48    0.00      0.00     0.00   0.00    0.00     0.00    0.00    0.00    5.90  84.70


avg-cpu:  %user   %nice %system %iowait  %steal   %idle
          36.36    0.00   11.05   11.83    0.00   40.76

Device            r/s     rkB/s   rrqm/s  %rrqm r_await rareq-sz     w/s     wkB/s   wrqm/s  %wrqm w_await wareq-sz     d/s     dkB/s   drqm/s  %drqm d_await dareq-sz     f/s f_await  aqu-sz  %util
nvme1n1p3        0.00      0.00     0.00   0.00    0.00     0.00 2485.00 271536.00    18.00   0.72    2.86   109.27    0.00      0.00     0.00   0.00    0.00     0.00    0.00    0.00    7.11  84.90
nvme1n1p4        0.00      0.00     0.00   0.00    0.00     0.00 2509.00 272260.00    17.00   0.67    2.73   108.51    0.00      0.00     0.00   0.00    0.00     0.00    0.00    0.00    6.85  83.60
nvme1n1p5        0.00      0.00     0.00   0.00    0.00     0.00 2517.00 274244.00    17.00   0.67    2.21   108.96    0.00      0.00     0.00   0.00    0.00     0.00    0.00    0.00    5.56  85.60


avg-cpu:  %user   %nice %system %iowait  %steal   %idle
          42.26    0.00   13.65    8.09    0.00   36.00

Device            r/s     rkB/s   rrqm/s  %rrqm r_await rareq-sz     w/s     wkB/s   wrqm/s  %wrqm w_await wareq-sz     d/s     dkB/s   drqm/s  %drqm d_await dareq-sz     f/s f_await  aqu-sz  %util
nvme1n1p3        0.00      0.00     0.00   0.00    0.00     0.00 2851.00 307552.00    14.00   0.49    1.65   107.88    0.00      0.00     0.00   0.00    0.00     0.00    0.00    0.00    4.70  77.20
nvme1n1p4        0.00      0.00     0.00   0.00    0.00     0.00 2852.00 308544.00    30.00   1.04    1.98   108.19    0.00      0.00     0.00   0.00    0.00     0.00    0.00    0.00    5.64  74.60
nvme1n1p5        0.00      0.00     0.00   0.00    0.00     0.00 2783.00 301352.00    16.00   0.57    1.45   108.28    0.00      0.00     0.00   0.00    0.00     0.00    0.00    0.00    4.03  71.10


avg-cpu:  %user   %nice %system %iowait  %steal   %idle
          47.75    0.00   16.20    6.41    0.00   29.64

Device            r/s     rkB/s   rrqm/s  %rrqm r_await rareq-sz     w/s     wkB/s   wrqm/s  %wrqm w_await wareq-sz     d/s     dkB/s   drqm/s  %drqm d_await dareq-sz     f/s f_await  aqu-sz  %util
nvme1n1p3        0.00      0.00     0.00   0.00    0.00     0.00 3781.00 404400.00    34.00   0.89    1.21   106.96    0.00      0.00     0.00   0.00    0.00     0.00    0.00    0.00    4.59  67.10
nvme1n1p4        0.00      0.00     0.00   0.00    0.00     0.00 3800.00 407452.00    38.00   0.99    1.05   107.22    0.00      0.00     0.00   0.00    0.00     0.00    0.00    0.00    4.00  66.60
nvme1n1p5        0.00      0.00     0.00   0.00    0.00     0.00 3815.00 409896.00    30.00   0.78    1.03   107.44    0.00      0.00     0.00   0.00    0.00     0.00    0.00    0.00    3.94  74.40


avg-cpu:  %user   %nice %system %iowait  %steal   %idle
          45.45    0.00   14.98    6.84    0.00   32.73

Device            r/s     rkB/s   rrqm/s  %rrqm r_await rareq-sz     w/s     wkB/s   wrqm/s  %wrqm w_await wareq-sz     d/s     dkB/s   drqm/s  %drqm d_await dareq-sz     f/s f_await  aqu-sz  %util
nvme1n1p3        0.00      0.00     0.00   0.00    0.00     0.00 3495.00 376460.00    31.00   0.88    1.08   107.71    0.00      0.00     0.00   0.00    0.00     0.00    0.00    0.00    3.78  68.00
nvme1n1p4        0.00      0.00     0.00   0.00    0.00     0.00 3422.00 368288.00    21.00   0.61    1.08   107.62    0.00      0.00     0.00   0.00    0.00     0.00    0.00    0.00    3.70  67.20
nvme1n1p5        0.00      0.00     0.00   0.00    0.00     0.00 3487.00 374100.00    30.00   0.85    1.10   107.28    0.00      0.00     0.00   0.00    0.00     0.00    0.00    0.00    3.83  66.30


avg-cpu:  %user   %nice %system %iowait  %steal   %idle
          49.96    0.00   11.34    8.40    0.00   30.30

Device            r/s     rkB/s   rrqm/s  %rrqm r_await rareq-sz     w/s     wkB/s   wrqm/s  %wrqm w_await wareq-sz     d/s     dkB/s   drqm/s  %drqm d_await dareq-sz     f/s f_await  aqu-sz  %util
nvme1n1p3        0.00      0.00     0.00   0.00    0.00     0.00 2771.00 298844.00    29.00   1.04    1.33   107.85    0.00      0.00     0.00   0.00    0.00     0.00    0.00    0.00    3.69  73.40
nvme1n1p4        0.00      0.00     0.00   0.00    0.00     0.00 2840.00 304628.00    20.00   0.70    1.81   107.26    0.00      0.00     0.00   0.00    0.00     0.00    0.00    0.00    5.14  74.60
nvme1n1p5        0.00      0.00     0.00   0.00    0.00     0.00 2828.00 302580.00    16.00   0.56    1.83   106.99    0.00      0.00     0.00   0.00    0.00     0.00    0.00    0.00    5.16  71.90


avg-cpu:  %user   %nice %system %iowait  %steal   %idle
          39.39    0.00   12.87    8.61    0.00   39.13

Device            r/s     rkB/s   rrqm/s  %rrqm r_await rareq-sz     w/s     wkB/s   wrqm/s  %wrqm w_await wareq-sz     d/s     dkB/s   drqm/s  %drqm d_await dareq-sz     f/s f_await  aqu-sz  %util
nvme1n1p3        0.00      0.00     0.00   0.00    0.00     0.00 2644.00 288692.00    19.00   0.71    1.54   109.19    0.00      0.00     0.00   0.00    0.00     0.00    0.00    0.00    4.07  81.20
nvme1n1p4        0.00      0.00     0.00   0.00    0.00     0.00 2641.00 288080.00    23.00   0.86    2.45   109.08    0.00      0.00     0.00   0.00    0.00     0.00    0.00    0.00    6.48  81.50
nvme1n1p5        0.00      0.00     0.00   0.00    0.00     0.00 2640.00 287064.00    21.00   0.79    2.13   108.74    0.00      0.00     0.00   0.00    0.00     0.00    0.00    0.00    5.62  83.40


avg-cpu:  %user   %nice %system %iowait  %steal   %idle
          41.17    0.00   12.41    8.74    0.00   37.67

Device            r/s     rkB/s   rrqm/s  %rrqm r_await rareq-sz     w/s     wkB/s   wrqm/s  %wrqm w_await wareq-sz     d/s     dkB/s   drqm/s  %drqm d_await dareq-sz     f/s f_await  aqu-sz  %util
nvme1n1p3        0.00      0.00     0.00   0.00    0.00     0.00 2939.00 323212.00    20.00   0.68    2.50   109.97    0.00      0.00     0.00   0.00    0.00     0.00    0.00    0.00    7.35  83.10
nvme1n1p4        0.00      0.00     0.00   0.00    0.00     0.00 2913.00 321196.00    19.00   0.65    2.16   110.26    0.00      0.00     0.00   0.00    0.00     0.00    0.00    0.00    6.29  86.30
nvme1n1p5        0.00      0.00     0.00   0.00    0.00     0.00 2950.00 325020.00    17.00   0.57    2.16   110.18    0.00      0.00     0.00   0.00    0.00     0.00    0.00    0.00    6.36  85.30


avg-cpu:  %user   %nice %system %iowait  %steal   %idle
          40.41    0.00   13.21    7.43    0.00   38.95

Device            r/s     rkB/s   rrqm/s  %rrqm r_await rareq-sz     w/s     wkB/s   wrqm/s  %wrqm w_await wareq-sz     d/s     dkB/s   drqm/s  %drqm d_await dareq-sz     f/s f_await  aqu-sz  %util
nvme1n1p3        0.00      0.00     0.00   0.00    0.00     0.00 2875.00 309496.00    23.00   0.79    2.97   107.65    0.00      0.00     0.00   0.00    0.00     0.00    0.00    0.00    8.53  73.60
nvme1n1p4        0.00      0.00     0.00   0.00    0.00     0.00 2879.00 308428.00    22.00   0.76    2.56   107.13    0.00      0.00     0.00   0.00    0.00     0.00    0.00    0.00    7.38  73.90
nvme1n1p5        0.00      0.00     0.00   0.00    0.00     0.00 2891.00 312824.00    17.00   0.58    1.55   108.21    0.00      0.00     0.00   0.00    0.00     0.00    0.00    0.00    4.49  75.00


avg-cpu:  %user   %nice %system %iowait  %steal   %idle
          47.57    0.00   15.52    6.96    0.00   29.95

Device            r/s     rkB/s   rrqm/s  %rrqm r_await rareq-sz     w/s     wkB/s   wrqm/s  %wrqm w_await wareq-sz     d/s     dkB/s   drqm/s  %drqm d_await dareq-sz     f/s f_await  aqu-sz  %util
nvme1n1p3        0.00      0.00     0.00   0.00    0.00     0.00 3874.00 413924.00    22.00   0.56    0.79   106.85    0.00      0.00     0.00   0.00    0.00     0.00    0.00    0.00    3.05  65.20
nvme1n1p4        0.00      0.00     0.00   0.00    0.00     0.00 3932.00 412820.00    30.00   0.76    0.87   104.99    0.00      0.00     0.00   0.00    0.00     0.00    0.00    0.00    3.44  66.00
nvme1n1p5        0.00      0.00     0.00   0.00    0.00     0.00 3866.00 407716.00    23.00   0.59    0.73   105.46    0.00      0.00     0.00   0.00    0.00     0.00    0.00    0.00    2.84  67.70


avg-cpu:  %user   %nice %system %iowait  %steal   %idle
          43.64    0.00   13.98    7.67    0.00   34.71

Device            r/s     rkB/s   rrqm/s  %rrqm r_await rareq-sz     w/s     wkB/s   wrqm/s  %wrqm w_await wareq-sz     d/s     dkB/s   drqm/s  %drqm d_await dareq-sz     f/s f_await  aqu-sz  %util
nvme1n1p3        0.00      0.00     0.00   0.00    0.00     0.00 2606.00 284932.00    23.00   0.87    1.36   109.34    0.00      0.00     0.00   0.00    0.00     0.00    0.00    0.00    3.54  74.30
nvme1n1p4        0.00      0.00     0.00   0.00    0.00     0.00 2683.00 288708.00    26.00   0.96    2.32   107.61    0.00      0.00     0.00   0.00    0.00     0.00    0.00    0.00    6.23  74.20
nvme1n1p5        0.00      0.00     0.00   0.00    0.00     0.00 2616.00 283956.00    19.00   0.72    2.02   108.55    0.00      0.00     0.00   0.00    0.00     0.00    0.00    0.00    5.29  73.80


avg-cpu:  %user   %nice %system %iowait  %steal   %idle
          38.53    0.00   11.64    9.67    0.00   40.15

Device            r/s     rkB/s   rrqm/s  %rrqm r_await rareq-sz     w/s     wkB/s   wrqm/s  %wrqm w_await wareq-sz     d/s     dkB/s   drqm/s  %drqm d_await dareq-sz     f/s f_await  aqu-sz  %util
nvme1n1p3        0.00      0.00     0.00   0.00    0.00     0.00 2578.00 280792.00    22.00   0.85    1.70   108.92    0.00      0.00     0.00   0.00    0.00     0.00    0.00    0.00    4.38  81.30
nvme1n1p4        0.00      0.00     0.00   0.00    0.00     0.00 2589.00 281824.00    23.00   0.88    1.59   108.85    0.00      0.00     0.00   0.00    0.00     0.00    0.00    0.00    4.11  80.90
nvme1n1p5        0.00      0.00     0.00   0.00    0.00     0.00 2610.00 282216.00    26.00   0.99    1.95   108.13    0.00      0.00     0.00   0.00    0.00     0.00    0.00    0.00    5.09  81.50


avg-cpu:  %user   %nice %system %iowait  %steal   %idle
          39.59    0.00   12.36    9.33    0.00   38.72

Device            r/s     rkB/s   rrqm/s  %rrqm r_await rareq-sz     w/s     wkB/s   wrqm/s  %wrqm w_await wareq-sz     d/s     dkB/s   drqm/s  %drqm d_await dareq-sz     f/s f_await  aqu-sz  %util
nvme1n1p3        0.00      0.00     0.00   0.00    0.00     0.00 2729.00 295336.00    25.00   0.91    2.06   108.22    0.00      0.00     0.00   0.00    0.00     0.00    0.00    0.00    5.62  83.70
nvme1n1p4        0.00      0.00     0.00   0.00    0.00     0.00 2724.00 293624.00    31.00   1.13    1.67   107.79    0.00      0.00     0.00   0.00    0.00     0.00    0.00    0.00    4.56  82.70
nvme1n1p5        0.00      0.00     0.00   0.00    0.00     0.00 2729.00 292884.00    32.00   1.16    1.82   107.32    0.00      0.00     0.00   0.00    0.00     0.00    0.00    0.00    4.97  83.40


avg-cpu:  %user   %nice %system %iowait  %steal   %idle
          40.71    0.00   12.62    8.82    0.00   37.86

Device            r/s     rkB/s   rrqm/s  %rrqm r_await rareq-sz     w/s     wkB/s   wrqm/s  %wrqm w_await wareq-sz     d/s     dkB/s   drqm/s  %drqm d_await dareq-sz     f/s f_await  aqu-sz  %util
nvme1n1p3        0.00      0.00     0.00   0.00    0.00     0.00 2821.00 307680.00    13.00   0.46    2.07   109.07    0.00      0.00     0.00   0.00    0.00     0.00    0.00    0.00    5.83  78.70
nvme1n1p4        0.00      0.00     0.00   0.00    0.00     0.00 2916.00 312728.00    28.00   0.95    1.91   107.25    0.00      0.00     0.00   0.00    0.00     0.00    0.00    0.00    5.56  79.50
nvme1n1p5        0.00      0.00     0.00   0.00    0.00     0.00 2929.00 316824.00    26.00   0.88    1.54   108.17    0.00      0.00     0.00   0.00    0.00     0.00    0.00    0.00    4.50  80.60


avg-cpu:  %user   %nice %system %iowait  %steal   %idle
          45.48    0.00   12.92    8.18    0.00   33.42

Device            r/s     rkB/s   rrqm/s  %rrqm r_await rareq-sz     w/s     wkB/s   wrqm/s  %wrqm w_await wareq-sz     d/s     dkB/s   drqm/s  %drqm d_await dareq-sz     f/s f_await  aqu-sz  %util
nvme1n1p3        0.00      0.00     0.00   0.00    0.00     0.00 2608.00 281160.00    19.00   0.72    2.63   107.81    0.00      0.00     0.00   0.00    0.00     0.00    0.00    0.00    6.85  71.80
nvme1n1p4        0.00      0.00     0.00   0.00    0.00     0.00 2631.00 284032.00    19.00   0.72    1.61   107.96    0.00      0.00     0.00   0.00    0.00     0.00    0.00    0.00    4.23  73.70
nvme1n1p5        0.00      0.00     0.00   0.00    0.00     0.00 2646.00 282024.00    26.00   0.97    2.15   106.59    0.00      0.00     0.00   0.00    0.00     0.00    0.00    0.00    5.68  73.90


avg-cpu:  %user   %nice %system %iowait  %steal   %idle
          37.80    0.00   11.86    7.04    0.00   43.30

Device            r/s     rkB/s   rrqm/s  %rrqm r_await rareq-sz     w/s     wkB/s   wrqm/s  %wrqm w_await wareq-sz     d/s     dkB/s   drqm/s  %drqm d_await dareq-sz     f/s f_await  aqu-sz  %util
nvme1n1p3        0.00      0.00     0.00   0.00    0.00     0.00 2419.00 246756.00    18.00   0.74    1.80   102.01    0.00      0.00     0.00   0.00    0.00     0.00    0.00    0.00    4.35  63.60
nvme1n1p4        0.00      0.00     0.00   0.00    0.00     0.00 2375.00 238912.00    19.00   0.79    1.89   100.59    0.00      0.00     0.00   0.00    0.00     0.00    0.00    0.00    4.48  63.00
nvme1n1p5        0.00      0.00     0.00   0.00    0.00     0.00 2382.00 238908.00    30.00   1.24    1.77   100.30    0.00      0.00     0.00   0.00    0.00     0.00    0.00    0.00    4.21  63.70


avg-cpu:  %user   %nice %system %iowait  %steal   %idle
          14.87    0.00    2.94    0.35    0.00   81.85

Device            r/s     rkB/s   rrqm/s  %rrqm r_await rareq-sz     w/s     wkB/s   wrqm/s  %wrqm w_await wareq-sz     d/s     dkB/s   drqm/s  %drqm d_await dareq-sz     f/s f_await  aqu-sz  %util
nvme1n1p3        0.00      0.00     0.00   0.00    0.00     0.00   72.00    308.00     0.00   0.00    0.24     4.28    0.00      0.00     0.00   0.00    0.00     0.00    0.00    0.00    0.02   1.80
nvme1n1p4        0.00      0.00     0.00   0.00    0.00     0.00   76.00    320.00     0.00   0.00    0.22     4.21    0.00      0.00     0.00   0.00    0.00     0.00    0.00    0.00    0.02   1.60
nvme1n1p5        0.00      0.00     0.00   0.00    0.00     0.00   76.00    316.00     0.00   0.00    0.20     4.16    0.00      0.00     0.00   0.00    0.00     0.00    0.00    0.00    0.01   1.60


avg-cpu:  %user   %nice %system %iowait  %steal   %idle
          14.64    0.00    2.83    0.26    0.00   82.28

Device            r/s     rkB/s   rrqm/s  %rrqm r_await rareq-sz     w/s     wkB/s   wrqm/s  %wrqm w_await wareq-sz     d/s     dkB/s   drqm/s  %drqm d_await dareq-sz     f/s f_await  aqu-sz  %util
nvme1n1p3        0.00      0.00     0.00   0.00    0.00     0.00   40.00    172.00     0.00   0.00    0.23     4.30    0.00      0.00     0.00   0.00    0.00     0.00    0.00    0.00    0.01   0.90
nvme1n1p4        0.00      0.00     0.00   0.00    0.00     0.00   36.00    168.00     0.00   0.00    0.25     4.67    0.00      0.00     0.00   0.00    0.00     0.00    0.00    0.00    0.01   1.00
nvme1n1p5        0.00      0.00     0.00   0.00    0.00     0.00   40.00    176.00     0.00   0.00    0.25     4.40    0.00      0.00     0.00   0.00    0.00     0.00    0.00    0.00    0.01   1.30


avg-cpu:  %user   %nice %system %iowait  %steal   %idle
          14.04    0.00    4.06    0.17    0.00   81.73

Device            r/s     rkB/s   rrqm/s  %rrqm r_await rareq-sz     w/s     wkB/s   wrqm/s  %wrqm w_await wareq-sz     d/s     dkB/s   drqm/s  %drqm d_await dareq-sz     f/s f_await  aqu-sz  %util
nvme1n1p3        0.00      0.00     0.00   0.00    0.00     0.00   32.00    132.00     0.00   0.00    0.09     4.12    0.00      0.00     0.00   0.00    0.00     0.00    0.00    0.00    0.00   0.20
nvme1n1p4        0.00      0.00     0.00   0.00    0.00     0.00   32.00    132.00     0.00   0.00    0.09     4.12    0.00      0.00     0.00   0.00    0.00     0.00    0.00    0.00    0.00   0.40
nvme1n1p5        0.00      0.00     0.00   0.00    0.00     0.00   32.00    132.00     0.00   0.00    0.12     4.12    0.00      0.00     0.00   0.00    0.00     0.00    0.00    0.00    0.00   0.40


avg-cpu:  %user   %nice %system %iowait  %steal   %idle
          16.39    0.00    3.74    0.17    0.00   79.70

Device            r/s     rkB/s   rrqm/s  %rrqm r_await rareq-sz     w/s     wkB/s   wrqm/s  %wrqm w_await wareq-sz     d/s     dkB/s   drqm/s  %drqm d_await dareq-sz     f/s f_await  aqu-sz  %util
nvme1n1p3        0.00      0.00     0.00   0.00    0.00     0.00   69.00    376.00     0.00   0.00    0.14     5.45    0.00      0.00     0.00   0.00    0.00     0.00    0.00    0.00    0.01   0.60
nvme1n1p4        0.00      0.00     0.00   0.00    0.00     0.00   69.00    384.00     0.00   0.00    0.13     5.57    0.00      0.00     0.00   0.00    0.00     0.00    0.00    0.00    0.01   0.60
nvme1n1p5        0.00      0.00     0.00   0.00    0.00     0.00   73.00    396.00     0.00   0.00    0.15     5.42    0.00      0.00     0.00   0.00    0.00     0.00    0.00    0.00    0.01   1.00


avg-cpu:  %user   %nice %system %iowait  %steal   %idle
          16.21    0.00    2.66    0.17    0.00   80.96

Device            r/s     rkB/s   rrqm/s  %rrqm r_await rareq-sz     w/s     wkB/s   wrqm/s  %wrqm w_await wareq-sz     d/s     dkB/s   drqm/s  %drqm d_await dareq-sz     f/s f_await  aqu-sz  %util
nvme1n1p3        0.00      0.00     0.00   0.00    0.00     0.00   60.00    272.00     0.00   0.00    0.18     4.53    0.00      0.00     0.00   0.00    0.00     0.00    0.00    0.00    0.01   1.10
nvme1n1p4        0.00      0.00     0.00   0.00    0.00     0.00   64.00    280.00     0.00   0.00    0.19     4.38    0.00      0.00     0.00   0.00    0.00     0.00    0.00    0.00    0.01   1.00
nvme1n1p5        0.00      0.00     0.00   0.00    0.00     0.00   60.00    276.00     0.00   0.00    0.18     4.60    0.00      0.00     0.00   0.00    0.00     0.00    0.00    0.00    0.01   1.20


avg-cpu:  %user   %nice %system %iowait  %steal   %idle
          17.73    0.00    3.09    0.25    0.00   78.93

Device            r/s     rkB/s   rrqm/s  %rrqm r_await rareq-sz     w/s     wkB/s   wrqm/s  %wrqm w_await wareq-sz     d/s     dkB/s   drqm/s  %drqm d_await dareq-sz     f/s f_await  aqu-sz  %util
nvme1n1p3        0.00      0.00     0.00   0.00    0.00     0.00  141.00    924.00     0.00   0.00    0.12     6.55    0.00      0.00     0.00   0.00    0.00     0.00    0.00    0.00    0.02   0.90
nvme1n1p4        0.00      0.00     0.00   0.00    0.00     0.00  148.00    992.00     0.00   0.00    0.10     6.70    0.00      0.00     0.00   0.00    0.00     0.00    0.00    0.00    0.01   0.90
nvme1n1p5        0.00      0.00     0.00   0.00    0.00     0.00  150.00    992.00     0.00   0.00    0.12     6.61    0.00      0.00     0.00   0.00    0.00     0.00    0.00    0.00    0.02   1.30


avg-cpu:  %user   %nice %system %iowait  %steal   %idle
          23.54    0.00    4.83    0.34    0.00   71.30

Device            r/s     rkB/s   rrqm/s  %rrqm r_await rareq-sz     w/s     wkB/s   wrqm/s  %wrqm w_await wareq-sz     d/s     dkB/s   drqm/s  %drqm d_await dareq-sz     f/s f_await  aqu-sz  %util
nvme1n1p3      615.00  64704.00     0.00   0.00    0.25   105.21   96.00    448.00     0.00   0.00    0.19     4.67    0.00      0.00     0.00   0.00    0.00     0.00    0.00    0.00    0.17   4.30
nvme1n1p4      399.00  40960.00     0.00   0.00    0.27   102.66   96.00    448.00     0.00   0.00    0.19     4.67    0.00      0.00     0.00   0.00    0.00     0.00    0.00    0.00    0.13   3.40
nvme1n1p5      590.00  61440.00     0.00   0.00    0.23   104.14  104.00    468.00     0.00   0.00    0.17     4.50    0.00      0.00     0.00   0.00    0.00     0.00    0.00    0.00    0.15   4.50


avg-cpu:  %user   %nice %system %iowait  %steal   %idle
          50.43    0.00   14.08    0.09    0.00   35.41

Device            r/s     rkB/s   rrqm/s  %rrqm r_await rareq-sz     w/s     wkB/s   wrqm/s  %wrqm w_await wareq-sz     d/s     dkB/s   drqm/s  %drqm d_await dareq-sz     f/s f_await  aqu-sz  %util
nvme1n1p3     4653.00 521024.00     1.00   0.02    0.32   111.98   79.00    492.00     0.00   0.00    0.11     6.23    0.00      0.00     0.00   0.00    0.00     0.00    0.00    0.00    1.49  22.00
nvme1n1p4     3757.00 420864.00     0.00   0.00    0.35   112.02   75.00    416.00     0.00   0.00    0.12     5.55    0.00      0.00     0.00   0.00    0.00     0.00    0.00    0.00    1.31  18.80
nvme1n1p5     5606.00 632832.00     3.00   0.05    0.34   112.88   84.00    440.00     0.00   0.00    0.12     5.24    0.00      0.00     0.00   0.00    0.00     0.00    0.00    0.00    1.92  23.90


avg-cpu:  %user   %nice %system %iowait  %steal   %idle
          47.51    0.00   15.87    0.17    0.00   36.45

Device            r/s     rkB/s   rrqm/s  %rrqm r_await rareq-sz     w/s     wkB/s   wrqm/s  %wrqm w_await wareq-sz     d/s     dkB/s   drqm/s  %drqm d_await dareq-sz     f/s f_await  aqu-sz  %util
nvme1n1p3     5628.00 655360.00     0.00   0.00    0.28   116.45   53.00    224.00     0.00   0.00    0.17     4.23    0.00      0.00     0.00   0.00    0.00     0.00    0.00    0.00    1.59  26.70
nvme1n1p4     4277.00 492544.00     0.00   0.00    0.27   115.16   56.00    224.00     0.00   0.00    0.14     4.00    0.00      0.00     0.00   0.00    0.00     0.00    0.00    0.00    1.17  22.30
nvme1n1p5     6277.00 733184.00     0.00   0.00    0.27   116.80   57.00    240.00     0.00   0.00    0.14     4.21    0.00      0.00     0.00   0.00    0.00     0.00    0.00    0.00    1.73  30.50


avg-cpu:  %user   %nice %system %iowait  %steal   %idle
          53.98    0.00   15.85    0.26    0.00   29.91

Device            r/s     rkB/s   rrqm/s  %rrqm r_await rareq-sz     w/s     wkB/s   wrqm/s  %wrqm w_await wareq-sz     d/s     dkB/s   drqm/s  %drqm d_await dareq-sz     f/s f_await  aqu-sz  %util
nvme1n1p3     5264.00 611520.00     0.00   0.00    0.30   116.17   91.00    372.00     0.00   0.00    0.20     4.09    0.00      0.00     0.00   0.00    0.00     0.00    0.00    0.00    1.60  27.20
nvme1n1p4     4082.00 483008.00     0.00   0.00    0.34   118.33   88.00    380.00     0.00   0.00    0.18     4.32    0.00      0.00     0.00   0.00    0.00     0.00    0.00    0.00    1.42  22.70
nvme1n1p5     5953.00 697152.00     0.00   0.00    0.31   117.11   87.00    364.00     0.00   0.00    0.21     4.18    0.00      0.00     0.00   0.00    0.00     0.00    0.00    0.00    1.86  31.40


avg-cpu:  %user   %nice %system %iowait  %steal   %idle
          53.77    0.00   14.49    0.17    0.00   31.56

Device            r/s     rkB/s   rrqm/s  %rrqm r_await rareq-sz     w/s     wkB/s   wrqm/s  %wrqm w_await wareq-sz     d/s     dkB/s   drqm/s  %drqm d_await dareq-sz     f/s f_await  aqu-sz  %util
nvme1n1p3     5114.00 578368.00     3.00   0.06    0.30   113.10   58.00    276.00     0.00   0.00    0.12     4.76    0.00      0.00     0.00   0.00    0.00     0.00    0.00    0.00    1.53  22.60
nvme1n1p4     3901.00 450880.00     1.00   0.03    0.30   115.58   51.00    256.00     0.00   0.00    0.10     5.02    0.00      0.00     0.00   0.00    0.00     0.00    0.00    0.00    1.19  19.10
nvme1n1p5     5382.00 607424.00     2.00   0.04    0.29   112.86   51.00    256.00     0.00   0.00    0.10     5.02    0.00      0.00     0.00   0.00    0.00     0.00    0.00    0.00    1.59  25.30


avg-cpu:  %user   %nice %system %iowait  %steal   %idle
          49.78    0.00   16.57    0.09    0.00   33.56

Device            r/s     rkB/s   rrqm/s  %rrqm r_await rareq-sz     w/s     wkB/s   wrqm/s  %wrqm w_await wareq-sz     d/s     dkB/s   drqm/s  %drqm d_await dareq-sz     f/s f_await  aqu-sz  %util
nvme1n1p3     5028.00 583680.00     0.00   0.00    0.30   116.09   74.00    380.00     0.00   0.00    0.14     5.14    0.00      0.00     0.00   0.00    0.00     0.00    0.00    0.00    1.52  25.00
nvme1n1p4     4344.00 503808.00     0.00   0.00    0.31   115.98   70.00    372.00     0.00   0.00    0.14     5.31    0.00      0.00     0.00   0.00    0.00     0.00    0.00    0.00    1.35  22.10
nvme1n1p5     6218.00 723840.00     0.00   0.00    0.27   116.41   65.00    368.00     0.00   0.00    0.17     5.66    0.00      0.00     0.00   0.00    0.00     0.00    0.00    0.00    1.72  29.10


avg-cpu:  %user   %nice %system %iowait  %steal   %idle
          43.57    0.00   15.19    0.17    0.00   41.07

Device            r/s     rkB/s   rrqm/s  %rrqm r_await rareq-sz     w/s     wkB/s   wrqm/s  %wrqm w_await wareq-sz     d/s     dkB/s   drqm/s  %drqm d_await dareq-sz     f/s f_await  aqu-sz  %util
nvme1n1p3     5459.00 613376.00     2.00   0.04    0.34   112.36   40.00    192.00     0.00   0.00    0.15     4.80    0.00      0.00     0.00   0.00    0.00     0.00    0.00    0.00    1.85  23.60
nvme1n1p4     4176.00 471040.00     0.00   0.00    0.37   112.80   36.00    184.00     0.00   0.00    0.14     5.11    0.00      0.00     0.00   0.00    0.00     0.00    0.00    0.00    1.55  19.40
nvme1n1p5     6075.00 697472.00     2.00   0.03    0.33   114.81   40.00    188.00     0.00   0.00    0.12     4.70    0.00      0.00     0.00   0.00    0.00     0.00    0.00    0.00    2.00  27.30


avg-cpu:  %user   %nice %system %iowait  %steal   %idle
          47.20    0.00   15.33    0.17    0.00   37.30

Device            r/s     rkB/s   rrqm/s  %rrqm r_await rareq-sz     w/s     wkB/s   wrqm/s  %wrqm w_await wareq-sz     d/s     dkB/s   drqm/s  %drqm d_await dareq-sz     f/s f_await  aqu-sz  %util
nvme1n1p3     4750.00 541696.00     2.00   0.04    0.37   114.04   52.00    212.00     0.00   0.00    0.15     4.08    0.00      0.00     0.00   0.00    0.00     0.00    0.00    0.00    1.75  22.80
nvme1n1p4     3845.00 434176.00     0.00   0.00    0.37   112.92   79.00    424.00     0.00   0.00    0.13     5.37    0.00      0.00     0.00   0.00    0.00     0.00    0.00    0.00    1.43  17.70
nvme1n1p5     5808.00 672768.00     0.00   0.00    0.33   115.83   81.00    436.00     0.00   0.00    0.11     5.38    0.00      0.00     0.00   0.00    0.00     0.00    0.00    0.00    1.95  27.00


avg-cpu:  %user   %nice %system %iowait  %steal   %idle
          57.75    0.00   13.28    0.09    0.00   28.88

Device            r/s     rkB/s   rrqm/s  %rrqm r_await rareq-sz     w/s     wkB/s   wrqm/s  %wrqm w_await wareq-sz     d/s     dkB/s   drqm/s  %drqm d_await dareq-sz     f/s f_await  aqu-sz  %util
nvme1n1p3     4932.00 562368.00     2.00   0.04    0.33   114.02  112.00    620.00     0.00   0.00    0.10     5.54    0.00      0.00     0.00   0.00    0.00     0.00    0.00    0.00    1.63  23.00
nvme1n1p4     3767.00 430080.00     1.00   0.03    0.36   114.17   88.00    384.00     0.00   0.00    0.11     4.36    0.00      0.00     0.00   0.00    0.00     0.00    0.00    0.00    1.36  18.70
nvme1n1p5     5385.00 621568.00     4.00   0.07    0.32   115.43   84.00    376.00     0.00   0.00    0.12     4.48    0.00      0.00     0.00   0.00    0.00     0.00    0.00    0.00    1.75  25.40


avg-cpu:  %user   %nice %system %iowait  %steal   %idle
          61.69    0.00   13.48    0.17    0.00   24.66

Device            r/s     rkB/s   rrqm/s  %rrqm r_await rareq-sz     w/s     wkB/s   wrqm/s  %wrqm w_await wareq-sz     d/s     dkB/s   drqm/s  %drqm d_await dareq-sz     f/s f_await  aqu-sz  %util
nvme1n1p3     4983.00 574272.00     0.00   0.00    0.30   115.25   44.00    172.00     0.00   0.00    0.20     3.91    0.00      0.00     0.00   0.00    0.00     0.00    0.00    0.00    1.51  23.60
nvme1n1p4     3760.00 439296.00     1.00   0.03    0.30   116.83   44.00    176.00     0.00   0.00    0.18     4.00    0.00      0.00     0.00   0.00    0.00     0.00    0.00    0.00    1.15  19.30
nvme1n1p5     4920.00 573440.00     0.00   0.00    0.31   116.55   44.00    176.00     0.00   0.00    0.14     4.00    0.00      0.00     0.00   0.00    0.00     0.00    0.00    0.00    1.52  24.00


avg-cpu:  %user   %nice %system %iowait  %steal   %idle
          59.11    0.00   14.35    0.09    0.00   26.46

Device            r/s     rkB/s   rrqm/s  %rrqm r_await rareq-sz     w/s     wkB/s   wrqm/s  %wrqm w_await wareq-sz     d/s     dkB/s   drqm/s  %drqm d_await dareq-sz     f/s f_await  aqu-sz  %util
nvme1n1p3     4513.00 518144.00     3.00   0.07    0.27   114.81  126.00    884.00     0.00   0.00    0.07     7.02    0.00      0.00     0.00   0.00    0.00     0.00    0.00    0.00    1.21  22.10
nvme1n1p4     3930.00 461824.00     0.00   0.00    0.28   117.51  116.00    808.00     0.00   0.00    0.09     6.97    0.00      0.00     0.00   0.00    0.00     0.00    0.00    0.00    1.12  20.20
nvme1n1p5     5850.00 685696.00     2.00   0.03    0.27   117.21  129.00    912.00     0.00   0.00    0.11     7.07    0.00      0.00     0.00   0.00    0.00     0.00    0.00    0.00    1.57  27.00


avg-cpu:  %user   %nice %system %iowait  %steal   %idle
          61.25    0.00   13.15    0.09    0.00   25.52

Device            r/s     rkB/s   rrqm/s  %rrqm r_await rareq-sz     w/s     wkB/s   wrqm/s  %wrqm w_await wareq-sz     d/s     dkB/s   drqm/s  %drqm d_await dareq-sz     f/s f_await  aqu-sz  %util
nvme1n1p3     4814.00 552704.00     0.00   0.00    0.29   114.81   64.00    248.00     0.00   0.00    0.14     3.88    0.00      0.00     0.00   0.00    0.00     0.00    0.00    0.00    1.43  23.10
nvme1n1p4     3721.00 429980.00     0.00   0.00    0.30   115.55   60.00    240.00     0.00   0.00    0.13     4.00    0.00      0.00     0.00   0.00    0.00     0.00    0.00    0.00    1.12  17.00
nvme1n1p5     5258.00 620928.00     1.00   0.02    0.28   118.09   60.00    244.00     0.00   0.00    0.17     4.07    0.00      0.00     0.00   0.00    0.00     0.00    0.00    0.00    1.47  24.90


avg-cpu:  %user   %nice %system %iowait  %steal   %idle
          59.59    0.00   13.76    0.09    0.00   26.57

Device            r/s     rkB/s   rrqm/s  %rrqm r_await rareq-sz     w/s     wkB/s   wrqm/s  %wrqm w_await wareq-sz     d/s     dkB/s   drqm/s  %drqm d_await dareq-sz     f/s f_await  aqu-sz  %util
nvme1n1p3     4947.00 569152.00     0.00   0.00    0.29   115.05   32.00    132.00     0.00   0.00    0.12     4.12    0.00      0.00     0.00   0.00    0.00     0.00    0.00    0.00    1.42  23.30
nvme1n1p4     3602.00 418916.00     0.00   0.00    0.29   116.30   80.00    488.00     0.00   0.00    0.11     6.10    0.00      0.00     0.00   0.00    0.00     0.00    0.00    0.00    1.06  18.10
nvme1n1p5     5597.00 654336.00     1.00   0.02    0.27   116.91   32.00    132.00     0.00   0.00    0.12     4.12    0.00      0.00     0.00   0.00    0.00     0.00    0.00    0.00    1.54  24.70


avg-cpu:  %user   %nice %system %iowait  %steal   %idle
          56.33    0.00   15.07    0.26    0.00   28.34

Device            r/s     rkB/s   rrqm/s  %rrqm r_await rareq-sz     w/s     wkB/s   wrqm/s  %wrqm w_await wareq-sz     d/s     dkB/s   drqm/s  %drqm d_await dareq-sz     f/s f_await  aqu-sz  %util
nvme1n1p3     5104.00 582080.00     2.00   0.04    0.27   114.04  155.00    760.00     0.00   0.00    0.12     4.90    0.00      0.00     0.00   0.00    0.00     0.00    0.00    0.00    1.41  25.30
nvme1n1p4     3935.00 457728.00     1.00   0.03    0.29   116.32  120.00    476.00     0.00   0.00    0.14     3.97    0.00      0.00     0.00   0.00    0.00     0.00    0.00    0.00    1.15  20.30
nvme1n1p5     5852.00 685056.00     2.00   0.03    0.27   117.06  159.00    772.00     0.00   0.00    0.11     4.86    0.00      0.00     0.00   0.00    0.00     0.00    0.00    0.00    1.59  28.20


avg-cpu:  %user   %nice %system %iowait  %steal   %idle
          44.34    0.00   15.04    0.00    0.00   40.62

Device            r/s     rkB/s   rrqm/s  %rrqm r_await rareq-sz     w/s     wkB/s   wrqm/s  %wrqm w_await wareq-sz     d/s     dkB/s   drqm/s  %drqm d_await dareq-sz     f/s f_await  aqu-sz  %util
nvme1n1p3     5891.00 656384.00     1.00   0.02    0.34   111.42   28.00     96.00     0.00   0.00    0.18     3.43    0.00      0.00     0.00   0.00    0.00     0.00    0.00    0.00    1.99  27.10
nvme1n1p4     4514.00 509312.00     2.00   0.04    0.34   112.83   20.00     84.00     0.00   0.00    0.10     4.20    0.00      0.00     0.00   0.00    0.00     0.00    0.00    0.00    1.53  21.20
nvme1n1p5     6039.00 675840.00     1.00   0.02    0.33   111.91   20.00     80.00     0.00   0.00    0.10     4.00    0.00      0.00     0.00   0.00    0.00     0.00    0.00    0.00    1.97  26.30


avg-cpu:  %user   %nice %system %iowait  %steal   %idle
          48.36    0.00   15.57    0.17    0.00   35.90

Device            r/s     rkB/s   rrqm/s  %rrqm r_await rareq-sz     w/s     wkB/s   wrqm/s  %wrqm w_await wareq-sz     d/s     dkB/s   drqm/s  %drqm d_await dareq-sz     f/s f_await  aqu-sz  %util
nvme1n1p3     5175.00 592896.00     1.00   0.02    0.33   114.57   60.00    228.00     0.00   0.00    0.12     3.80    0.00      0.00     0.00   0.00    0.00     0.00    0.00    0.00    1.69  25.40
nvme1n1p4     4261.00 494976.00     1.00   0.02    0.33   116.16   82.00    380.00     0.00   0.00    0.12     4.63    0.00      0.00     0.00   0.00    0.00     0.00    0.00    0.00    1.43  22.20
nvme1n1p5     6005.00 692224.00     3.00   0.05    0.32   115.27   56.00    224.00     0.00   0.00    0.16     4.00    0.00      0.00     0.00   0.00    0.00     0.00    0.00    0.00    1.95  27.50


avg-cpu:  %user   %nice %system %iowait  %steal   %idle
          54.36    0.00   14.09    0.09    0.00   31.46

Device            r/s     rkB/s   rrqm/s  %rrqm r_await rareq-sz     w/s     wkB/s   wrqm/s  %wrqm w_await wareq-sz     d/s     dkB/s   drqm/s  %drqm d_await dareq-sz     f/s f_await  aqu-sz  %util
nvme1n1p3     4746.00 536576.00     3.00   0.06    0.31   113.06   34.00    168.00     0.00   0.00    0.06     4.94    0.00      0.00     0.00   0.00    0.00     0.00    0.00    0.00    1.48  20.10
nvme1n1p4     3788.00 430784.00     0.00   0.00    0.32   113.72    8.00     32.00     0.00   0.00    0.12     4.00    0.00      0.00     0.00   0.00    0.00     0.00    0.00    0.00    1.21  17.70
nvme1n1p5     5621.00 653312.00     3.00   0.05    0.30   116.23   35.00    172.00     0.00   0.00    0.09     4.91    0.00      0.00     0.00   0.00    0.00     0.00    0.00    0.00    1.68  24.90


avg-cpu:  %user   %nice %system %iowait  %steal   %idle
          51.81    0.00   15.52    0.17    0.00   32.50

Device            r/s     rkB/s   rrqm/s  %rrqm r_await rareq-sz     w/s     wkB/s   wrqm/s  %wrqm w_await wareq-sz     d/s     dkB/s   drqm/s  %drqm d_await dareq-sz     f/s f_await  aqu-sz  %util
nvme1n1p3     5074.00 585728.00     0.00   0.00    0.28   115.44   60.00    288.00     0.00   0.00    0.13     4.80    0.00      0.00     0.00   0.00    0.00     0.00    0.00    0.00    1.45  25.20
nvme1n1p4     4156.00 482880.00     0.00   0.00    0.28   116.19   60.00    288.00     0.00   0.00    0.15     4.80    0.00      0.00     0.00   0.00    0.00     0.00    0.00    0.00    1.16  20.00
nvme1n1p5     6155.00 721920.00     0.00   0.00    0.26   117.29   64.00    296.00     0.00   0.00    0.17     4.62    0.00      0.00     0.00   0.00    0.00     0.00    0.00    0.00    1.63  29.70


avg-cpu:  %user   %nice %system %iowait  %steal   %idle
          47.07    0.00   17.07    0.17    0.00   35.69

Device            r/s     rkB/s   rrqm/s  %rrqm r_await rareq-sz     w/s     wkB/s   wrqm/s  %wrqm w_await wareq-sz     d/s     dkB/s   drqm/s  %drqm d_await dareq-sz     f/s f_await  aqu-sz  %util
nvme1n1p3     5445.00 636416.00     1.00   0.02    0.29   116.88   56.00    240.00     0.00   0.00    0.16     4.29    0.00      0.00     0.00   0.00    0.00     0.00    0.00    0.00    1.60  26.00
nvme1n1p4     4214.00 490496.00     0.00   0.00    0.30   116.40   84.00    392.00     0.00   0.00    0.11     4.67    0.00      0.00     0.00   0.00    0.00     0.00    0.00    0.00    1.27  23.60
nvme1n1p5     6246.00 721920.00     0.00   0.00    0.28   115.58   56.00    244.00     0.00   0.00    0.14     4.36    0.00      0.00     0.00   0.00    0.00     0.00    0.00    0.00    1.73  30.40


avg-cpu:  %user   %nice %system %iowait  %steal   %idle
          50.85    0.00   14.24    0.17    0.00   34.75

Device            r/s     rkB/s   rrqm/s  %rrqm r_await rareq-sz     w/s     wkB/s   wrqm/s  %wrqm w_await wareq-sz     d/s     dkB/s   drqm/s  %drqm d_await dareq-sz     f/s f_await  aqu-sz  %util
nvme1n1p3     4701.00 534016.00     2.00   0.04    0.35   113.60   80.00    412.00     0.00   0.00    0.15     5.15    0.00      0.00     0.00   0.00    0.00     0.00    0.00    0.00    1.64  22.60
nvme1n1p4     3528.00 401408.00     0.00   0.00    0.36   113.78   68.00    268.00     0.00   0.00    0.15     3.94    0.00      0.00     0.00   0.00    0.00     0.00    0.00    0.00    1.30  16.00
nvme1n1p5     5229.00 590848.00     4.00   0.08    0.35   112.99   98.00    452.00     0.00   0.00    0.12     4.61    0.00      0.00     0.00   0.00    0.00     0.00    0.00    0.00    1.82  23.90


avg-cpu:  %user   %nice %system %iowait  %steal   %idle
          47.52    0.00   13.04    0.08    0.00   39.36

Device            r/s     rkB/s   rrqm/s  %rrqm r_await rareq-sz     w/s     wkB/s   wrqm/s  %wrqm w_await wareq-sz     d/s     dkB/s   drqm/s  %drqm d_await dareq-sz     f/s f_await  aqu-sz  %util
nvme1n1p3     4847.00 537600.00     2.00   0.04    0.38   110.91    0.00      0.00     0.00   0.00    0.00     0.00    0.00      0.00     0.00   0.00    0.00     0.00    0.00    0.00    1.86  20.10
nvme1n1p4     4064.00 450560.00     0.00   0.00    0.38   110.87    0.00      0.00     0.00   0.00    0.00     0.00    0.00      0.00     0.00   0.00    0.00     0.00    0.00    0.00    1.56  18.40
nvme1n1p5     5135.00 576512.00     1.00   0.02    0.40   112.27    0.00      0.00     0.00   0.00    0.00     0.00    0.00      0.00     0.00   0.00    0.00     0.00    0.00    0.00    2.08  21.10


avg-cpu:  %user   %nice %system %iowait  %steal   %idle
          52.59    0.00   15.18    0.17    0.00   32.06

Device            r/s     rkB/s   rrqm/s  %rrqm r_await rareq-sz     w/s     wkB/s   wrqm/s  %wrqm w_await wareq-sz     d/s     dkB/s   drqm/s  %drqm d_await dareq-sz     f/s f_await  aqu-sz  %util
nvme1n1p3     5162.00 589824.00     2.00   0.04    0.29   114.26   56.00    244.00     0.00   0.00    0.18     4.36    0.00      0.00     0.00   0.00    0.00     0.00    0.00    0.00    1.51  25.70
nvme1n1p4     3932.00 458752.00     0.00   0.00    0.29   116.67   83.00    392.00     0.00   0.00    0.17     4.72    0.00      0.00     0.00   0.00    0.00     0.00    0.00    0.00    1.16  20.40
nvme1n1p5     6159.00 707584.00     0.00   0.00    0.28   114.89   60.00    252.00     0.00   0.00    0.22     4.20    0.00      0.00     0.00   0.00    0.00     0.00    0.00    0.00    1.73  29.30


avg-cpu:  %user   %nice %system %iowait  %steal   %idle
          59.23    0.00   14.27    0.09    0.00   26.41

Device            r/s     rkB/s   rrqm/s  %rrqm r_await rareq-sz     w/s     wkB/s   wrqm/s  %wrqm w_await wareq-sz     d/s     dkB/s   drqm/s  %drqm d_await dareq-sz     f/s f_await  aqu-sz  %util
nvme1n1p3     4378.00 503808.00     1.00   0.02    0.30   115.08   36.00    176.00     0.00   0.00    0.08     4.89    0.00      0.00     0.00   0.00    0.00     0.00    0.00    0.00    1.30  21.20
nvme1n1p4     3574.00 414720.00     2.00   0.06    0.33   116.04   20.00     80.00     0.00   0.00    0.10     4.00    0.00      0.00     0.00   0.00    0.00     0.00    0.00    0.00    1.17  18.30
nvme1n1p5     5292.00 611328.00     2.00   0.04    0.27   115.52   34.00    172.00     0.00   0.00    0.09     5.06    0.00      0.00     0.00   0.00    0.00     0.00    0.00    0.00    1.44  24.00


avg-cpu:  %user   %nice %system %iowait  %steal   %idle
          50.26    0.00   14.62    0.26    0.00   34.87

Device            r/s     rkB/s   rrqm/s  %rrqm r_await rareq-sz     w/s     wkB/s   wrqm/s  %wrqm w_await wareq-sz     d/s     dkB/s   drqm/s  %drqm d_await dareq-sz     f/s f_await  aqu-sz  %util
nvme1n1p3     4554.00 499712.00     3.00   0.07    0.41   109.73  128.00    584.00     0.00   0.00    0.14     4.56    0.00      0.00     0.00   0.00    0.00     0.00    0.00    0.00    1.89  19.80
nvme1n1p4     3343.00 367616.00     0.00   0.00    0.48   109.97  124.00    584.00     0.00   0.00    0.17     4.71    0.00      0.00     0.00   0.00    0.00     0.00    0.00    0.00    1.62  16.30
nvme1n1p5     4778.00 528384.00     2.00   0.04    0.44   110.59  136.00    600.00     0.00   0.00    0.15     4.41    0.00      0.00     0.00   0.00    0.00     0.00    0.00    0.00    2.12  21.80


avg-cpu:  %user   %nice %system %iowait  %steal   %idle
          54.42    0.00   15.02    0.09    0.00   30.47

Device            r/s     rkB/s   rrqm/s  %rrqm r_await rareq-sz     w/s     wkB/s   wrqm/s  %wrqm w_await wareq-sz     d/s     dkB/s   drqm/s  %drqm d_await dareq-sz     f/s f_await  aqu-sz  %util
nvme1n1p3     5052.00 577536.00     0.00   0.00    0.30   114.32   32.00    144.00     0.00   0.00    0.09     4.50    0.00      0.00     0.00   0.00    0.00     0.00    0.00    0.00    1.52  23.80
nvme1n1p4     4085.00 475136.00     0.00   0.00    0.29   116.31   65.00    376.00     0.00   0.00    0.08     5.78    0.00      0.00     0.00   0.00    0.00     0.00    0.00    0.00    1.19  19.00
nvme1n1p5     5555.00 641024.00     1.00   0.02    0.29   115.40   36.00    156.00     0.00   0.00    0.11     4.33    0.00      0.00     0.00   0.00    0.00     0.00    0.00    0.00    1.62  26.10


avg-cpu:  %user   %nice %system %iowait  %steal   %idle
          52.64    0.00   14.99    0.17    0.00   32.20

Device            r/s     rkB/s   rrqm/s  %rrqm r_await rareq-sz     w/s     wkB/s   wrqm/s  %wrqm w_await wareq-sz     d/s     dkB/s   drqm/s  %drqm d_await dareq-sz     f/s f_await  aqu-sz  %util
nvme1n1p3     4906.00 565248.00     1.00   0.02    0.30   115.22   90.00    488.00     0.00   0.00    0.13     5.42    0.00      0.00     0.00   0.00    0.00     0.00    0.00    0.00    1.46  23.10
nvme1n1p4     3853.00 446464.00     0.00   0.00    0.32   115.87   60.00    272.00     0.00   0.00    0.20     4.53    0.00      0.00     0.00   0.00    0.00     0.00    0.00    0.00    1.23  18.70
nvme1n1p5     6228.00 706560.00     3.00   0.05    0.29   113.45   87.00    484.00     0.00   0.00    0.15     5.56    0.00      0.00     0.00   0.00    0.00     0.00    0.00    0.00    1.83  28.30


avg-cpu:  %user   %nice %system %iowait  %steal   %idle
          47.86    0.00   15.75    0.09    0.00   36.30

Device            r/s     rkB/s   rrqm/s  %rrqm r_await rareq-sz     w/s     wkB/s   wrqm/s  %wrqm w_await wareq-sz     d/s     dkB/s   drqm/s  %drqm d_await dareq-sz     f/s f_await  aqu-sz  %util
nvme1n1p3     5253.00 596992.00     1.00   0.02    0.31   113.65    0.00      0.00     0.00   0.00    0.00     0.00    0.00      0.00     0.00   0.00    0.00     0.00    0.00    0.00    1.61  23.50
nvme1n1p4     4265.00 491520.00     0.00   0.00    0.32   115.25    0.00      0.00     0.00   0.00    0.00     0.00    0.00      0.00     0.00   0.00    0.00     0.00    0.00    0.00    1.38  20.40
nvme1n1p5     5844.00 672768.00     4.00   0.07    0.29   115.12    0.00      0.00     0.00   0.00    0.00     0.00    0.00      0.00     0.00   0.00    0.00     0.00    0.00    0.00    1.71  27.10


avg-cpu:  %user   %nice %system %iowait  %steal   %idle
          48.54    0.00   15.61    0.17    0.00   35.68

Device            r/s     rkB/s   rrqm/s  %rrqm r_await rareq-sz     w/s     wkB/s   wrqm/s  %wrqm w_await wareq-sz     d/s     dkB/s   drqm/s  %drqm d_await dareq-sz     f/s f_await  aqu-sz  %util
nvme1n1p3     5420.00 623616.00     1.00   0.02    0.30   115.06   72.00    288.00     0.00   0.00    0.17     4.00    0.00      0.00     0.00   0.00    0.00     0.00    0.00    0.00    1.63  25.80
nvme1n1p4     4160.00 487424.00     0.00   0.00    0.30   117.17   93.00    416.00     0.00   0.00    0.16     4.47    0.00      0.00     0.00   0.00    0.00     0.00    0.00    0.00    1.28  21.30
nvme1n1p5     6450.00 753664.00     1.00   0.02    0.28   116.85   68.00    280.00     0.00   0.00    0.15     4.12    0.00      0.00     0.00   0.00    0.00     0.00    0.00    0.00    1.81  32.10


avg-cpu:  %user   %nice %system %iowait  %steal   %idle
          44.54    0.00   15.22    0.17    0.00   40.07

Device            r/s     rkB/s   rrqm/s  %rrqm r_await rareq-sz     w/s     wkB/s   wrqm/s  %wrqm w_await wareq-sz     d/s     dkB/s   drqm/s  %drqm d_await dareq-sz     f/s f_await  aqu-sz  %util
nvme1n1p3     5601.00 629760.00     2.00   0.04    0.34   112.44   92.00    432.00     0.00   0.00    0.10     4.70    0.00      0.00     0.00   0.00    0.00     0.00    0.00    0.00    1.92  24.30
nvme1n1p4     4188.00 475136.00     2.00   0.05    0.34   113.45   60.00    248.00     0.00   0.00    0.17     4.13    0.00      0.00     0.00   0.00    0.00     0.00    0.00    0.00    1.43  20.40
nvme1n1p5     6132.00 699072.00     1.00   0.02    0.31   114.00   88.00    436.00     0.00   0.00    0.12     4.95    0.00      0.00     0.00   0.00    0.00     0.00    0.00    0.00    1.92  27.50


avg-cpu:  %user   %nice %system %iowait  %steal   %idle
          51.49    0.00   16.14    0.26    0.00   32.11

Device            r/s     rkB/s   rrqm/s  %rrqm r_await rareq-sz     w/s     wkB/s   wrqm/s  %wrqm w_await wareq-sz     d/s     dkB/s   drqm/s  %drqm d_await dareq-sz     f/s f_await  aqu-sz  %util
nvme1n1p3     5352.00 611328.00     0.00   0.00    0.29   114.22   96.00    376.00     0.00   0.00    0.14     3.92    0.00      0.00     0.00   0.00    0.00     0.00    0.00    0.00    1.55  26.20
nvme1n1p4     4054.00 477184.00     0.00   0.00    0.29   117.71   96.00    384.00     0.00   0.00    0.16     4.00    0.00      0.00     0.00   0.00    0.00     0.00    0.00    0.00    1.21  21.50
nvme1n1p5     5979.00 696640.00     1.00   0.02    0.28   116.51   99.00    380.00     0.00   0.00    0.14     3.84    0.00      0.00     0.00   0.00    0.00     0.00    0.00    0.00    1.68  27.40


avg-cpu:  %user   %nice %system %iowait  %steal   %idle
          49.40    0.00   16.10    0.00    0.00   34.50

Device            r/s     rkB/s   rrqm/s  %rrqm r_await rareq-sz     w/s     wkB/s   wrqm/s  %wrqm w_await wareq-sz     d/s     dkB/s   drqm/s  %drqm d_await dareq-sz     f/s f_await  aqu-sz  %util
nvme1n1p3     5667.00 647168.00     0.00   0.00    0.31   114.20    0.00      0.00     0.00   0.00    0.00     0.00    0.00      0.00     0.00   0.00    0.00     0.00    0.00    0.00    1.75  25.60
nvme1n1p4     4358.00 505856.00     0.00   0.00    0.33   116.08   26.00    172.00     0.00   0.00    0.08     6.62    0.00      0.00     0.00   0.00    0.00     0.00    0.00    0.00    1.44  21.90
nvme1n1p5     5889.00 679936.00     1.00   0.02    0.31   115.46    0.00      0.00     0.00   0.00    0.00     0.00    0.00      0.00     0.00   0.00    0.00     0.00    0.00    0.00    1.83  28.90


avg-cpu:  %user   %nice %system %iowait  %steal   %idle
          44.67    0.00   15.35    0.17    0.00   39.81

Device            r/s     rkB/s   rrqm/s  %rrqm r_await rareq-sz     w/s     wkB/s   wrqm/s  %wrqm w_await wareq-sz     d/s     dkB/s   drqm/s  %drqm d_await dareq-sz     f/s f_await  aqu-sz  %util
nvme1n1p3     5257.00 584988.00     3.00   0.06    0.34   111.28   70.00    324.00     0.00   0.00    0.14     4.63    0.00      0.00     0.00   0.00    0.00     0.00    0.00    0.00    1.79  22.70
nvme1n1p4     4292.00 487424.00     4.00   0.09    0.35   113.57   56.00    228.00     0.00   0.00    0.12     4.07    0.00      0.00     0.00   0.00    0.00     0.00    0.00    0.00    1.49  20.40
nvme1n1p5     6147.00 688128.00     0.00   0.00    0.33   111.95   75.00    336.00     0.00   0.00    0.12     4.48    0.00      0.00     0.00   0.00    0.00     0.00    0.00    0.00    2.05  24.90


avg-cpu:  %user   %nice %system %iowait  %steal   %idle
          47.40    0.00   16.62    0.09    0.00   35.89

Device            r/s     rkB/s   rrqm/s  %rrqm r_await rareq-sz     w/s     wkB/s   wrqm/s  %wrqm w_await wareq-sz     d/s     dkB/s   drqm/s  %drqm d_await dareq-sz     f/s f_await  aqu-sz  %util
nvme1n1p3     5164.00 598756.00     0.00   0.00    0.30   115.95   16.00     68.00     0.00   0.00    0.12     4.25    0.00      0.00     0.00   0.00    0.00     0.00    0.00    0.00    1.53  27.50
nvme1n1p4     4312.00 499712.00     1.00   0.02    0.30   115.89   16.00     68.00     0.00   0.00    0.19     4.25    0.00      0.00     0.00   0.00    0.00     0.00    0.00    0.00    1.31  20.30
nvme1n1p5     6294.00 737280.00     1.00   0.02    0.29   117.14   16.00     68.00     0.00   0.00    0.19     4.25    0.00      0.00     0.00   0.00    0.00     0.00    0.00    0.00    1.81  29.00


avg-cpu:  %user   %nice %system %iowait  %steal   %idle
          51.49    0.00   16.14    0.25    0.00   32.12

Device            r/s     rkB/s   rrqm/s  %rrqm r_await rareq-sz     w/s     wkB/s   wrqm/s  %wrqm w_await wareq-sz     d/s     dkB/s   drqm/s  %drqm d_await dareq-sz     f/s f_await  aqu-sz  %util
nvme1n1p3     5336.00 618496.00     0.00   0.00    0.29   115.91  116.00    468.00     0.00   0.00    0.16     4.03    0.00      0.00     0.00   0.00    0.00     0.00    0.00    0.00    1.54  28.40
nvme1n1p4     4128.00 479232.00     1.00   0.02    0.31   116.09  142.00    612.00     0.00   0.00    0.13     4.31    0.00      0.00     0.00   0.00    0.00     0.00    0.00    0.00    1.29  20.60
nvme1n1p5     6046.00 700416.00     0.00   0.00    0.28   115.85  124.00    496.00     0.00   0.00    0.16     4.00    0.00      0.00     0.00   0.00    0.00     0.00    0.00    0.00    1.71  28.60


avg-cpu:  %user   %nice %system %iowait  %steal   %idle
          53.47    0.00   15.51    0.08    0.00   30.93

Device            r/s     rkB/s   rrqm/s  %rrqm r_await rareq-sz     w/s     wkB/s   wrqm/s  %wrqm w_await wareq-sz     d/s     dkB/s   drqm/s  %drqm d_await dareq-sz     f/s f_await  aqu-sz  %util
nvme1n1p3     5136.00 598016.00     1.00   0.02    0.27   116.44   88.00    404.00     0.00   0.00    0.09     4.59    0.00      0.00     0.00   0.00    0.00     0.00    0.00    0.00    1.41  27.30
nvme1n1p4     4181.00 488704.00     0.00   0.00    0.28   116.89   68.00    252.00     0.00   0.00    0.13     3.71    0.00      0.00     0.00   0.00    0.00     0.00    0.00    0.00    1.19  23.00
nvme1n1p5     6270.00 737280.00     1.00   0.02    0.26   117.59   95.00    416.00     0.00   0.00    0.13     4.38    0.00      0.00     0.00   0.00    0.00     0.00    0.00    0.00    1.64  27.10


avg-cpu:  %user   %nice %system %iowait  %steal   %idle
          46.53    0.00   15.65    0.17    0.00   37.66

Device            r/s     rkB/s   rrqm/s  %rrqm r_await rareq-sz     w/s     wkB/s   wrqm/s  %wrqm w_await wareq-sz     d/s     dkB/s   drqm/s  %drqm d_await dareq-sz     f/s f_await  aqu-sz  %util
nvme1n1p3     5714.00 648192.00     0.00   0.00    0.30   113.44   60.00    220.00     0.00   0.00    0.18     3.67    0.00      0.00     0.00   0.00    0.00     0.00    0.00    0.00    1.72  26.40
nvme1n1p4     4275.00 494336.00     0.00   0.00    0.31   115.63   52.00    208.00     0.00   0.00    0.19     4.00    0.00      0.00     0.00   0.00    0.00     0.00    0.00    0.00    1.32  22.90
nvme1n1p5     6106.00 712704.00     2.00   0.03    0.29   116.72   56.00    216.00     0.00   0.00    0.16     3.86    0.00      0.00     0.00   0.00    0.00     0.00    0.00    0.00    1.79  29.50


avg-cpu:  %user   %nice %system %iowait  %steal   %idle
          51.04    0.00   15.46    0.08    0.00   33.42

Device            r/s     rkB/s   rrqm/s  %rrqm r_await rareq-sz     w/s     wkB/s   wrqm/s  %wrqm w_await wareq-sz     d/s     dkB/s   drqm/s  %drqm d_await dareq-sz     f/s f_await  aqu-sz  %util
nvme1n1p3     5443.00 621568.00     3.00   0.06    0.30   114.20   12.00     52.00     0.00   0.00    0.08     4.33    0.00      0.00     0.00   0.00    0.00     0.00    0.00    0.00    1.65  24.60
nvme1n1p4     4212.00 480256.00     1.00   0.02    0.32   114.02   36.00    172.00     0.00   0.00    0.08     4.78    0.00      0.00     0.00   0.00    0.00     0.00    0.00    0.00    1.35  19.50
nvme1n1p5     6106.00 711680.00     1.00   0.02    0.29   116.55   12.00     52.00     0.00   0.00    0.17     4.33    0.00      0.00     0.00   0.00    0.00     0.00    0.00    0.00    1.75  28.00


avg-cpu:  %user   %nice %system %iowait  %steal   %idle
          52.39    0.00   15.20    0.08    0.00   32.33

Device            r/s     rkB/s   rrqm/s  %rrqm r_await rareq-sz     w/s     wkB/s   wrqm/s  %wrqm w_await wareq-sz     d/s     dkB/s   drqm/s  %drqm d_await dareq-sz     f/s f_await  aqu-sz  %util
nvme1n1p3     5443.00 627712.00     2.00   0.04    0.30   115.32   94.00    476.00     0.00   0.00    0.11     5.06    0.00      0.00     0.00   0.00    0.00     0.00    0.00    0.00    1.67  27.50
nvme1n1p4     4269.00 490496.00     0.00   0.00    0.32   114.90   60.00    292.00     0.00   0.00    0.13     4.87    0.00      0.00     0.00   0.00    0.00     0.00    0.00    0.00    1.39  20.60
nvme1n1p5     5806.00 672000.00     0.00   0.00    0.29   115.74   85.00    464.00     0.00   0.00    0.12     5.46    0.00      0.00     0.00   0.00    0.00     0.00    0.00    0.00    1.67  27.80


avg-cpu:  %user   %nice %system %iowait  %steal   %idle
          51.16    0.00   16.69    0.08    0.00   32.06

Device            r/s     rkB/s   rrqm/s  %rrqm r_await rareq-sz     w/s     wkB/s   wrqm/s  %wrqm w_await wareq-sz     d/s     dkB/s   drqm/s  %drqm d_await dareq-sz     f/s f_await  aqu-sz  %util
nvme1n1p3     5654.00 648192.00     0.00   0.00    0.26   114.64   44.00    180.00     0.00   0.00    0.14     4.09    0.00      0.00     0.00   0.00    0.00     0.00    0.00    0.00    1.50  26.50
nvme1n1p4     4383.00 506880.00     0.00   0.00    0.28   115.65   40.00    172.00     0.00   0.00    0.17     4.30    0.00      0.00     0.00   0.00    0.00     0.00    0.00    0.00    1.26  21.60
nvme1n1p5     6142.00 713472.00     1.00   0.02    0.27   116.16   40.00    172.00     0.00   0.00    0.15     4.30    0.00      0.00     0.00   0.00    0.00     0.00    0.00    0.00    1.63  28.70


avg-cpu:  %user   %nice %system %iowait  %steal   %idle
          51.58    0.00   18.16    0.17    0.00   30.10

Device            r/s     rkB/s   rrqm/s  %rrqm r_await rareq-sz     w/s     wkB/s   wrqm/s  %wrqm w_await wareq-sz     d/s     dkB/s   drqm/s  %drqm d_await dareq-sz     f/s f_await  aqu-sz  %util
nvme1n1p3     4721.00 538624.00     0.00   0.00    0.29   114.09   88.00    336.00     0.00   0.00    0.16     3.82    0.00      0.00     0.00   0.00    0.00     0.00    0.00    0.00    1.40  23.50
nvme1n1p4     4159.00 480256.00     0.00   0.00    0.30   115.47  125.00    584.00     0.00   0.00    0.13     4.67    0.00      0.00     0.00   0.00    0.00     0.00    0.00    0.00    1.25  19.40
nvme1n1p5     6174.00 712704.00     1.00   0.02    0.28   115.44   96.00    360.00     0.00   0.00    0.16     3.75    0.00      0.00     0.00   0.00    0.00     0.00    0.00    0.00    1.76  29.20


avg-cpu:  %user   %nice %system %iowait  %steal   %idle
          47.47    0.00   17.00    0.08    0.00   35.44

Device            r/s     rkB/s   rrqm/s  %rrqm r_await rareq-sz     w/s     wkB/s   wrqm/s  %wrqm w_await wareq-sz     d/s     dkB/s   drqm/s  %drqm d_await dareq-sz     f/s f_await  aqu-sz  %util
nvme1n1p3     5683.00 636928.00     2.00   0.04    0.30   112.08   32.00    164.00     0.00   0.00    0.06     5.12    0.00      0.00     0.00   0.00    0.00     0.00    0.00    0.00    1.71  23.50
nvme1n1p4     4216.00 481280.00     0.00   0.00    0.30   114.16    4.00     12.00     0.00   0.00    0.25     3.00    0.00      0.00     0.00   0.00    0.00     0.00    0.00    0.00    1.26  19.50
nvme1n1p5     6064.00 695296.00     4.00   0.07    0.28   114.66   30.00    156.00     0.00   0.00    0.10     5.20    0.00      0.00     0.00   0.00    0.00     0.00    0.00    0.00    1.71  26.30


avg-cpu:  %user   %nice %system %iowait  %steal   %idle
          47.08    0.00   16.85    0.25    0.00   35.82

Device            r/s     rkB/s   rrqm/s  %rrqm r_await rareq-sz     w/s     wkB/s   wrqm/s  %wrqm w_await wareq-sz     d/s     dkB/s   drqm/s  %drqm d_await dareq-sz     f/s f_await  aqu-sz  %util
nvme1n1p3     4975.00 569344.00     2.00   0.04    0.32   114.44   84.00    356.00     0.00   0.00    0.18     4.24    0.00      0.00     0.00   0.00    0.00     0.00    0.00    0.00    1.61  23.80
nvme1n1p4     4148.00 468992.00     1.00   0.02    0.36   113.06   84.00    356.00     0.00   0.00    0.14     4.24    0.00      0.00     0.00   0.00    0.00     0.00    0.00    0.00    1.50  20.90
nvme1n1p5     6191.00 710656.00     1.00   0.02    0.33   114.79   80.00    348.00     0.00   0.00    0.19     4.35    0.00      0.00     0.00   0.00    0.00     0.00    0.00    0.00    2.03  28.10


avg-cpu:  %user   %nice %system %iowait  %steal   %idle
          45.30    0.00   15.73    0.17    0.00   38.80

Device            r/s     rkB/s   rrqm/s  %rrqm r_await rareq-sz     w/s     wkB/s   wrqm/s  %wrqm w_await wareq-sz     d/s     dkB/s   drqm/s  %drqm d_await dareq-sz     f/s f_await  aqu-sz  %util
nvme1n1p3     5561.00 623616.00     2.00   0.04    0.34   112.14   32.00    116.00     0.00   0.00    0.25     3.62    0.00      0.00     0.00   0.00    0.00     0.00    0.00    0.00    1.92  24.00
nvme1n1p4     4095.00 466688.00     1.00   0.02    0.35   113.97   52.00    256.00     0.00   0.00    0.17     4.92    0.00      0.00     0.00   0.00    0.00     0.00    0.00    0.00    1.46  22.70
nvme1n1p5     6008.00 679936.00     1.00   0.02    0.33   113.17   28.00    108.00     0.00   0.00    0.29     3.86    0.00      0.00     0.00   0.00    0.00     0.00    0.00    0.00    1.99  25.40


avg-cpu:  %user   %nice %system %iowait  %steal   %idle
          53.17    0.00   15.24    0.17    0.00   31.42

Device            r/s     rkB/s   rrqm/s  %rrqm r_await rareq-sz     w/s     wkB/s   wrqm/s  %wrqm w_await wareq-sz     d/s     dkB/s   drqm/s  %drqm d_await dareq-sz     f/s f_await  aqu-sz  %util
nvme1n1p3     5122.00 584704.00     0.00   0.00    0.29   114.16  129.00    592.00     0.00   0.00    0.16     4.59    0.00      0.00     0.00   0.00    0.00     0.00    0.00    0.00    1.51  26.60
nvme1n1p4     3877.00 450816.00     0.00   0.00    0.29   116.28  104.00    416.00     0.00   0.00    0.15     4.00    0.00      0.00     0.00   0.00    0.00     0.00    0.00    0.00    1.16  19.10
nvme1n1p5     5834.00 678912.00     2.00   0.03    0.28   116.37  125.00    596.00     0.00   0.00    0.14     4.77    0.00      0.00     0.00   0.00    0.00     0.00    0.00    0.00    1.67  26.90


avg-cpu:  %user   %nice %system %iowait  %steal   %idle
          63.44    0.00   12.24    0.09    0.00   24.23

Device            r/s     rkB/s   rrqm/s  %rrqm r_await rareq-sz     w/s     wkB/s   wrqm/s  %wrqm w_await wareq-sz     d/s     dkB/s   drqm/s  %drqm d_await dareq-sz     f/s f_await  aqu-sz  %util
nvme1n1p3     4217.00 477696.00     2.00   0.05    0.32   113.28   52.00    212.00     0.00   0.00    0.10     4.08    0.00      0.00     0.00   0.00    0.00     0.00    0.00    0.00    1.34  20.70
nvme1n1p4     3633.00 414720.00     1.00   0.03    0.35   114.15   52.00    216.00     0.00   0.00    0.12     4.15    0.00      0.00     0.00   0.00    0.00     0.00    0.00    0.00    1.27  17.00
nvme1n1p5     4678.00 532480.00     1.00   0.02    0.33   113.83   56.00    220.00     0.00   0.00    0.11     3.93    0.00      0.00     0.00   0.00    0.00     0.00    0.00    0.00    1.56  21.30


avg-cpu:  %user   %nice %system %iowait  %steal   %idle
          59.04    0.00   13.28    0.17    0.00   27.51

Device            r/s     rkB/s   rrqm/s  %rrqm r_await rareq-sz     w/s     wkB/s   wrqm/s  %wrqm w_await wareq-sz     d/s     dkB/s   drqm/s  %drqm d_await dareq-sz     f/s f_await  aqu-sz  %util
nvme1n1p3     4754.00 537600.00     2.00   0.04    0.32   113.08   56.00    216.00     0.00   0.00    0.12     3.86    0.00      0.00     0.00   0.00    0.00     0.00    0.00    0.00    1.50  21.10
nvme1n1p4     3760.00 429056.00     1.00   0.03    0.33   114.11   80.00    368.00     0.00   0.00    0.10     4.60    0.00      0.00     0.00   0.00    0.00     0.00    0.00    0.00    1.24  17.60
nvme1n1p5     5433.00 623616.00     1.00   0.02    0.30   114.78   54.00    336.00     0.00   0.00    0.13     6.22    0.00      0.00     0.00   0.00    0.00     0.00    0.00    0.00    1.66  24.30


avg-cpu:  %user   %nice %system %iowait  %steal   %idle
          56.72    0.00   14.03    0.00    0.00   29.26

Device            r/s     rkB/s   rrqm/s  %rrqm r_await rareq-sz     w/s     wkB/s   wrqm/s  %wrqm w_await wareq-sz     d/s     dkB/s   drqm/s  %drqm d_await dareq-sz     f/s f_await  aqu-sz  %util
nvme1n1p3     4882.00 557568.00     3.00   0.06    0.32   114.21   18.00    108.00     0.00   0.00    0.06     6.00    0.00      0.00     0.00   0.00    0.00     0.00    0.00    0.00    1.56  24.00
nvme1n1p4     3684.00 426688.00     2.00   0.05    0.34   115.82    0.00      0.00     0.00   0.00    0.00     0.00    0.00      0.00     0.00   0.00    0.00     0.00    0.00    0.00    1.24  17.40
nvme1n1p5     5673.00 650240.00     4.00   0.07    0.32   114.62   17.00    104.00     0.00   0.00    0.06     6.12    0.00      0.00     0.00   0.00    0.00     0.00    0.00    0.00    1.83  23.70


avg-cpu:  %user   %nice %system %iowait  %steal   %idle
          60.50    0.00   14.05    0.09    0.00   25.36

Device            r/s     rkB/s   rrqm/s  %rrqm r_await rareq-sz     w/s     wkB/s   wrqm/s  %wrqm w_await wareq-sz     d/s     dkB/s   drqm/s  %drqm d_await dareq-sz     f/s f_await  aqu-sz  %util
nvme1n1p3     4897.00 559104.00     3.00   0.06    0.29   114.17   56.00    236.00     0.00   0.00    0.11     4.21    0.00      0.00     0.00   0.00    0.00     0.00    0.00    0.00    1.41  26.00
nvme1n1p4     3569.00 418112.00     0.00   0.00    0.28   117.15   52.00    228.00     0.00   0.00    0.13     4.38    0.00      0.00     0.00   0.00    0.00     0.00    0.00    0.00    1.01  18.20
nvme1n1p5     5644.00 647168.00     0.00   0.00    0.28   114.66   60.00    248.00     0.00   0.00    0.12     4.13    0.00      0.00     0.00   0.00    0.00     0.00    0.00    0.00    1.56  26.10


avg-cpu:  %user   %nice %system %iowait  %steal   %idle
          60.61    0.00   13.47    0.17    0.00   25.76

Device            r/s     rkB/s   rrqm/s  %rrqm r_await rareq-sz     w/s     wkB/s   wrqm/s  %wrqm w_await wareq-sz     d/s     dkB/s   drqm/s  %drqm d_await dareq-sz     f/s f_await  aqu-sz  %util
nvme1n1p3     4907.00 563200.00     0.00   0.00    0.33   114.77   84.00    344.00     0.00   0.00    0.13     4.10    0.00      0.00     0.00   0.00    0.00     0.00    0.00    0.00    1.64  25.10
nvme1n1p4     3924.00 457728.00     2.00   0.05    0.35   116.65  112.00    512.00     0.00   0.00    0.12     4.57    0.00      0.00     0.00   0.00    0.00     0.00    0.00    0.00    1.40  19.30
nvme1n1p5     4956.00 581632.00     2.00   0.04    0.32   117.36   84.00    344.00     0.00   0.00    0.17     4.10    0.00      0.00     0.00   0.00    0.00     0.00    0.00    0.00    1.59  25.30


avg-cpu:  %user   %nice %system %iowait  %steal   %idle
          53.98    0.00   15.40    0.17    0.00   30.46

Device            r/s     rkB/s   rrqm/s  %rrqm r_await rareq-sz     w/s     wkB/s   wrqm/s  %wrqm w_await wareq-sz     d/s     dkB/s   drqm/s  %drqm d_await dareq-sz     f/s f_await  aqu-sz  %util
nvme1n1p3     4753.00 545792.00     3.00   0.06    0.30   114.83  119.00    540.00     0.00   0.00    0.13     4.54    0.00      0.00     0.00   0.00    0.00     0.00    0.00    0.00    1.46  25.40
nvme1n1p4     3891.00 445824.00     0.00   0.00    0.32   114.58   88.00    340.00     0.00   0.00    0.16     3.86    0.00      0.00     0.00   0.00    0.00     0.00    0.00    0.00    1.28  18.60
nvme1n1p5     5841.00 668672.00     1.00   0.02    0.30   114.48  119.00    544.00     0.00   0.00    0.14     4.57    0.00      0.00     0.00   0.00    0.00     0.00    0.00    0.00    1.76  27.20


avg-cpu:  %user   %nice %system %iowait  %steal   %idle
          44.58    0.00   16.14    0.00    0.00   39.28

Device            r/s     rkB/s   rrqm/s  %rrqm r_await rareq-sz     w/s     wkB/s   wrqm/s  %wrqm w_await wareq-sz     d/s     dkB/s   drqm/s  %drqm d_await dareq-sz     f/s f_await  aqu-sz  %util
nvme1n1p3     5293.00 603136.00     0.00   0.00    0.32   113.95   12.00     52.00     0.00   0.00    0.08     4.33    0.00      0.00     0.00   0.00    0.00     0.00    0.00    0.00    1.69  26.10
nvme1n1p4     4300.00 492160.00     0.00   0.00    0.34   114.46   12.00     56.00     0.00   0.00    0.25     4.67    0.00      0.00     0.00   0.00    0.00     0.00    0.00    0.00    1.44  22.00
nvme1n1p5     6014.00 697344.00     0.00   0.00    0.32   115.95   16.00     60.00     0.00   0.00    0.19     3.75    0.00      0.00     0.00   0.00    0.00     0.00    0.00    0.00    1.92  27.00


avg-cpu:  %user   %nice %system %iowait  %steal   %idle
          48.41    0.00   16.68    0.17    0.00   34.74

Device            r/s     rkB/s   rrqm/s  %rrqm r_await rareq-sz     w/s     wkB/s   wrqm/s  %wrqm w_await wareq-sz     d/s     dkB/s   drqm/s  %drqm d_await dareq-sz     f/s f_await  aqu-sz  %util
nvme1n1p3     5284.00 611328.00     0.00   0.00    0.28   115.69   56.00    212.00     0.00   0.00    0.14     3.79    0.00      0.00     0.00   0.00    0.00     0.00    0.00    0.00    1.51  25.40
nvme1n1p4     4196.00 487424.00     1.00   0.02    0.30   116.16   79.00    348.00     0.00   0.00    0.11     4.41    0.00      0.00     0.00   0.00    0.00     0.00    0.00    0.00    1.27  21.30
nvme1n1p5     6317.00 739328.00     1.00   0.02    0.29   117.04   56.00    216.00     0.00   0.00    0.12     3.86    0.00      0.00     0.00   0.00    0.00     0.00    0.00    0.00    1.83  30.20


avg-cpu:  %user   %nice %system %iowait  %steal   %idle
          51.59    0.00   15.76    0.09    0.00   32.56

Device            r/s     rkB/s   rrqm/s  %rrqm r_await rareq-sz     w/s     wkB/s   wrqm/s  %wrqm w_await wareq-sz     d/s     dkB/s   drqm/s  %drqm d_await dareq-sz     f/s f_await  aqu-sz  %util
nvme1n1p3     5109.00 581632.00     3.00   0.06    0.30   113.84   33.00    164.00     0.00   0.00    0.09     4.97    0.00      0.00     0.00   0.00    0.00     0.00    0.00    0.00    1.54  23.60
nvme1n1p4     3772.00 434176.00     1.00   0.03    0.30   115.10   16.00     68.00     0.00   0.00    0.12     4.25    0.00      0.00     0.00   0.00    0.00     0.00    0.00    0.00    1.13  18.70
nvme1n1p5     5672.00 656384.00     0.00   0.00    0.28   115.72   33.00    164.00     0.00   0.00    0.09     4.97    0.00      0.00     0.00   0.00    0.00     0.00    0.00    0.00    1.62  26.60


avg-cpu:  %user   %nice %system %iowait  %steal   %idle
          54.51    0.00   16.68    0.26    0.00   28.55

Device            r/s     rkB/s   rrqm/s  %rrqm r_await rareq-sz     w/s     wkB/s   wrqm/s  %wrqm w_await wareq-sz     d/s     dkB/s   drqm/s  %drqm d_await dareq-sz     f/s f_await  aqu-sz  %util
nvme1n1p3     5468.00 625664.00     1.00   0.02    0.28   114.42  112.00    456.00     0.00   0.00    0.19     4.07    0.00      0.00     0.00   0.00    0.00     0.00    0.00    0.00    1.53  29.10
nvme1n1p4     4199.00 484352.00     0.00   0.00    0.28   115.35  116.00    468.00     0.00   0.00    0.16     4.03    0.00      0.00     0.00   0.00    0.00     0.00    0.00    0.00    1.20  20.90
nvme1n1p5     5612.00 646144.00     2.00   0.04    0.27   115.14  112.00    460.00     0.00   0.00    0.17     4.11    0.00      0.00     0.00   0.00    0.00     0.00    0.00    0.00    1.51  25.70


avg-cpu:  %user   %nice %system %iowait  %steal   %idle
          55.97    0.00   16.48    0.09    0.00   27.47

Device            r/s     rkB/s   rrqm/s  %rrqm r_await rareq-sz     w/s     wkB/s   wrqm/s  %wrqm w_await wareq-sz     d/s     dkB/s   drqm/s  %drqm d_await dareq-sz     f/s f_await  aqu-sz  %util
nvme1n1p3     4964.00 570368.00     0.00   0.00    0.27   114.90   88.00    360.00     0.00   0.00    0.12     4.09    0.00      0.00     0.00   0.00    0.00     0.00    0.00    0.00    1.35  26.20
nvme1n1p4     4088.00 478208.00     0.00   0.00    0.27   116.98  112.00    568.00     0.00   0.00    0.11     5.07    0.00      0.00     0.00   0.00    0.00     0.00    0.00    0.00    1.10  21.70
nvme1n1p5     5732.00 667648.00     1.00   0.02    0.26   116.48   88.00    364.00     0.00   0.00    0.12     4.14    0.00      0.00     0.00   0.00    0.00     0.00    0.00    0.00    1.52  28.50


avg-cpu:  %user   %nice %system %iowait  %steal   %idle
          48.62    0.00   16.41    0.09    0.00   34.89

Device            r/s     rkB/s   rrqm/s  %rrqm r_await rareq-sz     w/s     wkB/s   wrqm/s  %wrqm w_await wareq-sz     d/s     dkB/s   drqm/s  %drqm d_await dareq-sz     f/s f_await  aqu-sz  %util
nvme1n1p3     5126.00 584704.00     0.00   0.00    0.31   114.07   62.00    368.00     0.00   0.00    0.08     5.94    0.00      0.00     0.00   0.00    0.00     0.00    0.00    0.00    1.59  25.70
nvme1n1p4     4138.00 475136.00     1.00   0.02    0.35   114.82   36.00    152.00     0.00   0.00    0.11     4.22    0.00      0.00     0.00   0.00    0.00     0.00    0.00    0.00    1.45  19.20
nvme1n1p5     6296.00 720896.00     3.00   0.05    0.32   114.50   66.00    376.00     0.00   0.00    0.09     5.70    0.00      0.00     0.00   0.00    0.00     0.00    0.00    0.00    2.03  26.90


avg-cpu:  %user   %nice %system %iowait  %steal   %idle
          47.62    0.00   14.95    0.17    0.00   37.25

Device            r/s     rkB/s   rrqm/s  %rrqm r_await rareq-sz     w/s     wkB/s   wrqm/s  %wrqm w_await wareq-sz     d/s     dkB/s   drqm/s  %drqm d_await dareq-sz     f/s f_await  aqu-sz  %util
nvme1n1p3     5236.63 592095.05     2.97   0.06    0.38   113.07   27.72    118.81     0.00   0.00    0.11     4.29    0.00      0.00     0.00   0.00    0.00     0.00    0.00    0.00    1.97  24.85
nvme1n1p4     4127.72 470487.13     1.98   0.05    0.35   113.98   27.72    118.81     0.00   0.00    0.14     4.29    0.00      0.00     0.00   0.00    0.00     0.00    0.00    0.00    1.45  19.31
nvme1n1p5     5993.07 685370.30     1.98   0.03    0.31   114.36   27.72    118.81     0.00   0.00    0.14     4.29    0.00      0.00     0.00   0.00    0.00     0.00    0.00    0.00    1.89  27.52


avg-cpu:  %user   %nice %system %iowait  %steal   %idle
          47.89    0.00   16.34    0.09    0.00   35.68

Device            r/s     rkB/s   rrqm/s  %rrqm r_await rareq-sz     w/s     wkB/s   wrqm/s  %wrqm w_await wareq-sz     d/s     dkB/s   drqm/s  %drqm d_await dareq-sz     f/s f_await  aqu-sz  %util
nvme1n1p3     5417.00 628736.00     2.00   0.04    0.27   116.07   24.00     84.00     0.00   0.00    0.21     3.50    0.00      0.00     0.00   0.00    0.00     0.00    0.00    0.00    1.49  24.50
nvme1n1p4     4379.00 507904.00     1.00   0.02    0.29   115.99   46.00    216.00     0.00   0.00    0.11     4.70    0.00      0.00     0.00   0.00    0.00     0.00    0.00    0.00    1.30  22.10
nvme1n1p5     6507.00 753664.00     1.00   0.02    0.27   115.82   20.00     80.00     0.00   0.00    0.20     4.00    0.00      0.00     0.00   0.00    0.00     0.00    0.00    0.00    1.75  29.70


avg-cpu:  %user   %nice %system %iowait  %steal   %idle
          46.05    0.00   15.44    0.17    0.00   38.33

Device            r/s     rkB/s   rrqm/s  %rrqm r_await rareq-sz     w/s     wkB/s   wrqm/s  %wrqm w_await wareq-sz     d/s     dkB/s   drqm/s  %drqm d_await dareq-sz     f/s f_await  aqu-sz  %util
nvme1n1p3     5561.00 622592.00     1.00   0.02    0.34   111.96  134.00    628.00     0.00   0.00    0.12     4.69    0.00      0.00     0.00   0.00    0.00     0.00    0.00    0.00    1.90  25.70
nvme1n1p4     3850.00 447488.00     0.00   0.00    0.36   116.23  100.00    432.00     0.00   0.00    0.17     4.32    0.00      0.00     0.00   0.00    0.00     0.00    0.00    0.00    1.38  20.30
nvme1n1p5     5956.00 683008.00     2.00   0.03    0.34   114.68  133.00    628.00     0.00   0.00    0.14     4.72    0.00      0.00     0.00   0.00    0.00     0.00    0.00    0.00    2.02  28.70


avg-cpu:  %user   %nice %system %iowait  %steal   %idle
          50.00    0.00   17.10    0.43    0.00   32.47

Device            r/s     rkB/s   rrqm/s  %rrqm r_await rareq-sz     w/s     wkB/s   wrqm/s  %wrqm w_await wareq-sz     d/s     dkB/s   drqm/s  %drqm d_await dareq-sz     f/s f_await  aqu-sz  %util
nvme1n1p3     5361.00 624640.00     0.00   0.00    0.29   116.52   84.00    320.00     0.00   0.00    0.19     3.81    0.00      0.00     0.00   0.00    0.00     0.00    0.00    0.00    1.57  29.20
nvme1n1p4     4215.00 497280.00     0.00   0.00    0.29   117.98   80.00    316.00     0.00   0.00    0.21     3.95    0.00      0.00     0.00   0.00    0.00     0.00    0.00    0.00    1.23  23.30
nvme1n1p5     6037.00 708480.00     1.00   0.02    0.29   117.36   84.00    324.00     0.00   0.00    0.21     3.86    0.00      0.00     0.00   0.00    0.00     0.00    0.00    0.00    1.75  30.00


avg-cpu:  %user   %nice %system %iowait  %steal   %idle
          45.71    0.00   14.37    0.17    0.00   39.74

Device            r/s     rkB/s   rrqm/s  %rrqm r_await rareq-sz     w/s     wkB/s   wrqm/s  %wrqm w_await wareq-sz     d/s     dkB/s   drqm/s  %drqm d_await dareq-sz     f/s f_await  aqu-sz  %util
nvme1n1p3     4865.00 552960.00     1.00   0.02    0.28   113.66  142.00    852.00     0.00   0.00    0.11     6.00    0.00      0.00     0.00   0.00    0.00     0.00    0.00    0.00    1.38  26.50
nvme1n1p4     3821.00 443776.00     1.00   0.03    0.29   116.14  121.00    764.00     0.00   0.00    0.12     6.31    0.00      0.00     0.00   0.00    0.00     0.00    0.00    0.00    1.11  19.10
nvme1n1p5     4953.00 576640.00     1.00   0.02    0.30   116.42  140.00    852.00     0.00   0.00    0.10     6.09    0.00      0.00     0.00   0.00    0.00     0.00    0.00    0.00    1.51  24.10


avg-cpu:  %user   %nice %system %iowait  %steal   %idle
          14.90    0.00    2.67    0.17    0.00   82.26

Device            r/s     rkB/s   rrqm/s  %rrqm r_await rareq-sz     w/s     wkB/s   wrqm/s  %wrqm w_await wareq-sz     d/s     dkB/s   drqm/s  %drqm d_await dareq-sz     f/s f_await  aqu-sz  %util
nvme1n1p3        0.00      0.00     0.00   0.00    0.00     0.00   44.00    196.00     0.00   0.00    0.09     4.45    0.00      0.00     0.00   0.00    0.00     0.00    0.00    0.00    0.00   0.30
nvme1n1p4        0.00      0.00     0.00   0.00    0.00     0.00  107.00    504.00     0.00   0.00    0.08     4.71    0.00      0.00     0.00   0.00    0.00     0.00    0.00    0.00    0.01   0.70
nvme1n1p5        0.00      0.00     0.00   0.00    0.00     0.00   48.00    204.00     0.00   0.00    0.12     4.25    0.00      0.00     0.00   0.00    0.00     0.00    0.00    0.00    0.01   0.60


avg-cpu:  %user   %nice %system %iowait  %steal   %idle
          12.13    0.00    1.98    0.17    0.00   85.71

Device            r/s     rkB/s   rrqm/s  %rrqm r_await rareq-sz     w/s     wkB/s   wrqm/s  %wrqm w_await wareq-sz     d/s     dkB/s   drqm/s  %drqm d_await dareq-sz     f/s f_await  aqu-sz  %util
nvme1n1p3        0.00      0.00     0.00   0.00    0.00     0.00   28.00    116.00     0.00   0.00    0.32     4.14    0.00      0.00     0.00   0.00    0.00     0.00    0.00    0.00    0.01   0.80
nvme1n1p4        0.00      0.00     0.00   0.00    0.00     0.00   28.00    116.00     0.00   0.00    0.11     4.14    0.00      0.00     0.00   0.00    0.00     0.00    0.00    0.00    0.00   0.40
nvme1n1p5        0.00      0.00     0.00   0.00    0.00     0.00   28.00    120.00     0.00   0.00    0.11     4.29    0.00      0.00     0.00   0.00    0.00     0.00    0.00    0.00    0.00   0.50


avg-cpu:  %user   %nice %system %iowait  %steal   %idle
          13.72    0.00    2.49    0.34    0.00   83.45

Device            r/s     rkB/s   rrqm/s  %rrqm r_await rareq-sz     w/s     wkB/s   wrqm/s  %wrqm w_await wareq-sz     d/s     dkB/s   drqm/s  %drqm d_await dareq-sz     f/s f_await  aqu-sz  %util
nvme1n1p3        0.00      0.00     0.00   0.00    0.00     0.00  123.00    552.00     0.00   0.00    0.15     4.49    0.00      0.00     0.00   0.00    0.00     0.00    0.00    0.00    0.02   1.80
nvme1n1p4        0.00      0.00     0.00   0.00    0.00     0.00   76.00    324.00     0.00   0.00    0.22     4.26    0.00      0.00     0.00   0.00    0.00     0.00    0.00    0.00    0.02   2.20
nvme1n1p5        0.00      0.00     0.00   0.00    0.00     0.00  115.00    552.00     0.00   0.00    0.17     4.80    0.00      0.00     0.00   0.00    0.00     0.00    0.00    0.00    0.02   1.80


avg-cpu:  %user   %nice %system %iowait  %steal   %idle
          14.03    0.00    2.50    0.17    0.00   83.30

Device            r/s     rkB/s   rrqm/s  %rrqm r_await rareq-sz     w/s     wkB/s   wrqm/s  %wrqm w_await wareq-sz     d/s     dkB/s   drqm/s  %drqm d_await dareq-sz     f/s f_await  aqu-sz  %util
nvme1n1p3        0.00      0.00     0.00   0.00    0.00     0.00   56.00    256.00     0.00   0.00    0.16     4.57    0.00      0.00     0.00   0.00    0.00     0.00    0.00    0.00    0.01   0.70
nvme1n1p4        0.00      0.00     0.00   0.00    0.00     0.00   84.00    444.00     0.00   0.00    0.13     5.29    0.00      0.00     0.00   0.00    0.00     0.00    0.00    0.00    0.01   0.60
nvme1n1p5        0.00      0.00     0.00   0.00    0.00     0.00   56.00    256.00     0.00   0.00    0.16     4.57    0.00      0.00     0.00   0.00    0.00     0.00    0.00    0.00    0.01   0.70

