Linux 6.8.0-124-generic (sok-com) 	2026년 07월 31일 	_x86_64_	(12 CPU)

avg-cpu:  %user   %nice %system %iowait  %steal   %idle
          15.54    0.00    3.43    0.80    0.00   80.22

Device            r/s     rkB/s   rrqm/s  %rrqm r_await rareq-sz     w/s     wkB/s   wrqm/s  %wrqm w_await wareq-sz     d/s     dkB/s   drqm/s  %drqm d_await dareq-sz     f/s f_await  aqu-sz  %util
nvme0n1p3       18.25    995.67     0.00   0.01    0.17    54.55   72.57   2853.94     0.03   0.04    0.81    39.33    0.00      0.00     0.00   0.00    0.00     0.00    0.00    0.00    0.06   1.24
nvme0n1p4       17.94   1072.05     0.01   0.05    0.20    59.75   89.05   2964.19     0.01   0.01    0.81    33.29    0.00      0.00     0.00   0.00    0.00     0.00    0.00    0.00    0.08   1.47
nvme0n1p5       27.92   1786.11     0.01   0.04    0.20    63.97   88.89   2964.05     0.01   0.01    0.84    33.35    0.00      0.00     0.00   0.00    0.00     0.00    0.00    0.00    0.08   1.50


avg-cpu:  %user   %nice %system %iowait  %steal   %idle
          25.90    0.00    2.91    0.08    0.00   71.11

Device            r/s     rkB/s   rrqm/s  %rrqm r_await rareq-sz     w/s     wkB/s   wrqm/s  %wrqm w_await wareq-sz     d/s     dkB/s   drqm/s  %drqm d_await dareq-sz     f/s f_await  aqu-sz  %util
nvme0n1p3        0.00      0.00     0.00   0.00    0.00     0.00    0.00      0.00     0.00   0.00    0.00     0.00    0.00      0.00     0.00   0.00    0.00     0.00    0.00    0.00    0.00   0.00
nvme0n1p4        0.00      0.00     0.00   0.00    0.00     0.00    0.00      0.00     0.00   0.00    0.00     0.00    0.00      0.00     0.00   0.00    0.00     0.00    0.00    0.00    0.00   0.00
nvme0n1p5        0.00      0.00     0.00   0.00    0.00     0.00    0.00      0.00     0.00   0.00    0.00     0.00    0.00      0.00     0.00   0.00    0.00     0.00    0.00    0.00    0.00   0.00


avg-cpu:  %user   %nice %system %iowait  %steal   %idle
          16.68    0.00    2.16    0.08    0.00   81.08

Device            r/s     rkB/s   rrqm/s  %rrqm r_await rareq-sz     w/s     wkB/s   wrqm/s  %wrqm w_await wareq-sz     d/s     dkB/s   drqm/s  %drqm d_await dareq-sz     f/s f_await  aqu-sz  %util
nvme0n1p3        0.00      0.00     0.00   0.00    0.00     0.00    0.00      0.00     0.00   0.00    0.00     0.00    0.00      0.00     0.00   0.00    0.00     0.00    0.00    0.00    0.00   0.00
nvme0n1p4        0.00      0.00     0.00   0.00    0.00     0.00    0.00      0.00     0.00   0.00    0.00     0.00    0.00      0.00     0.00   0.00    0.00     0.00    0.00    0.00    0.00   0.00
nvme0n1p5        0.00      0.00     0.00   0.00    0.00     0.00    0.00      0.00     0.00   0.00    0.00     0.00    0.00      0.00     0.00   0.00    0.00     0.00    0.00    0.00    0.00   0.00


avg-cpu:  %user   %nice %system %iowait  %steal   %idle
          10.10    0.00    1.16    0.00    0.00   88.74

Device            r/s     rkB/s   rrqm/s  %rrqm r_await rareq-sz     w/s     wkB/s   wrqm/s  %wrqm w_await wareq-sz     d/s     dkB/s   drqm/s  %drqm d_await dareq-sz     f/s f_await  aqu-sz  %util
nvme0n1p3        0.00      0.00     0.00   0.00    0.00     0.00    0.00      0.00     0.00   0.00    0.00     0.00    0.00      0.00     0.00   0.00    0.00     0.00    0.00    0.00    0.00   0.00
nvme0n1p4        0.00      0.00     0.00   0.00    0.00     0.00    0.00      0.00     0.00   0.00    0.00     0.00    0.00      0.00     0.00   0.00    0.00     0.00    0.00    0.00    0.00   0.00
nvme0n1p5        0.00      0.00     0.00   0.00    0.00     0.00    0.00      0.00     0.00   0.00    0.00     0.00    0.00      0.00     0.00   0.00    0.00     0.00    0.00    0.00    0.00   0.00


avg-cpu:  %user   %nice %system %iowait  %steal   %idle
          43.90    0.00    8.11    0.59    0.00   47.41

Device            r/s     rkB/s   rrqm/s  %rrqm r_await rareq-sz     w/s     wkB/s   wrqm/s  %wrqm w_await wareq-sz     d/s     dkB/s   drqm/s  %drqm d_await dareq-sz     f/s f_await  aqu-sz  %util
nvme0n1p3        0.00      0.00     0.00   0.00    0.00     0.00 4872.00  42760.00     0.00   0.00    0.05     8.78    0.00      0.00     0.00   0.00    0.00     0.00    0.00    0.00    0.26   6.90
nvme0n1p4        0.00      0.00     0.00   0.00    0.00     0.00 4930.00  42832.00     0.00   0.00    0.06     8.69    0.00      0.00     0.00   0.00    0.00     0.00    0.00    0.00    0.28   7.70
nvme0n1p5        0.00      0.00     0.00   0.00    0.00     0.00 4779.00  42332.00     0.00   0.00    0.06     8.86    0.00      0.00     0.00   0.00    0.00     0.00    0.00    0.00    0.26   5.70


avg-cpu:  %user   %nice %system %iowait  %steal   %idle
          71.04    0.00   13.46    1.02    0.00   14.48

Device            r/s     rkB/s   rrqm/s  %rrqm r_await rareq-sz     w/s     wkB/s   wrqm/s  %wrqm w_await wareq-sz     d/s     dkB/s   drqm/s  %drqm d_await dareq-sz     f/s f_await  aqu-sz  %util
nvme0n1p3        0.00      0.00     0.00   0.00    0.00     0.00 10704.00  94008.00     0.00   0.00    0.05     8.78    0.00      0.00     0.00   0.00    0.00     0.00    0.00    0.00    0.56  12.30
nvme0n1p4        0.00      0.00     0.00   0.00    0.00     0.00 11195.00  95884.00     0.00   0.00    0.06     8.56    0.00      0.00     0.00   0.00    0.00     0.00    0.00    0.00    0.62  16.50
nvme0n1p5        0.00      0.00     0.00   0.00    0.00     0.00 10977.00  95364.00     0.00   0.00    0.06     8.69    0.00      0.00     0.00   0.00    0.00     0.00    0.00    0.00    0.67  15.90


avg-cpu:  %user   %nice %system %iowait  %steal   %idle
          68.69    0.00   14.33    0.94    0.00   16.04

Device            r/s     rkB/s   rrqm/s  %rrqm r_await rareq-sz     w/s     wkB/s   wrqm/s  %wrqm w_await wareq-sz     d/s     dkB/s   drqm/s  %drqm d_await dareq-sz     f/s f_await  aqu-sz  %util
nvme0n1p3        0.00      0.00     0.00   0.00    0.00     0.00 10688.00  94604.00     0.00   0.00    0.06     8.85    0.00      0.00     0.00   0.00    0.00     0.00    0.00    0.00    0.69  12.90
nvme0n1p4        0.00      0.00     0.00   0.00    0.00     0.00 10889.00  94772.00     0.00   0.00    0.05     8.70    0.00      0.00     0.00   0.00    0.00     0.00    0.00    0.00    0.58  14.20
nvme0n1p5        0.00      0.00     0.00   0.00    0.00     0.00 10899.00  94876.00     0.00   0.00    0.06     8.71    0.00      0.00     0.00   0.00    0.00     0.00    0.00    0.00    0.60  15.10


avg-cpu:  %user   %nice %system %iowait  %steal   %idle
          67.68    0.00   14.81    1.02    0.00   16.50

Device            r/s     rkB/s   rrqm/s  %rrqm r_await rareq-sz     w/s     wkB/s   wrqm/s  %wrqm w_await wareq-sz     d/s     dkB/s   drqm/s  %drqm d_await dareq-sz     f/s f_await  aqu-sz  %util
nvme0n1p3        0.00      0.00     0.00   0.00    0.00     0.00 11505.00 101468.00     0.00   0.00    0.05     8.82    0.00      0.00     0.00   0.00    0.00     0.00    0.00    0.00    0.62  12.40
nvme0n1p4        0.00      0.00     0.00   0.00    0.00     0.00 11781.00 101772.00     0.00   0.00    0.06     8.64    0.00      0.00     0.00   0.00    0.00     0.00    0.00    0.00    0.68  17.00
nvme0n1p5        0.00      0.00     0.00   0.00    0.00     0.00 11428.00 101060.00     0.00   0.00    0.06     8.84    0.00      0.00     0.00   0.00    0.00     0.00    0.00    0.00    0.68  14.00


avg-cpu:  %user   %nice %system %iowait  %steal   %idle
          68.11    0.00   13.18    1.11    0.00   17.60

Device            r/s     rkB/s   rrqm/s  %rrqm r_await rareq-sz     w/s     wkB/s   wrqm/s  %wrqm w_await wareq-sz     d/s     dkB/s   drqm/s  %drqm d_await dareq-sz     f/s f_await  aqu-sz  %util
nvme0n1p3        0.00      0.00     0.00   0.00    0.00     0.00 10893.00  95640.00     0.00   0.00    0.06     8.78    0.00      0.00     0.00   0.00    0.00     0.00    0.00    0.00    0.61  14.70
nvme0n1p4        0.00      0.00     0.00   0.00    0.00     0.00 11264.00  96516.00     0.00   0.00    0.06     8.57    0.00      0.00     0.00   0.00    0.00     0.00    0.00    0.00    0.68  18.20
nvme0n1p5        0.00      0.00     0.00   0.00    0.00     0.00 10951.00  95836.00     0.00   0.00    0.06     8.75    0.00      0.00     0.00   0.00    0.00     0.00    0.00    0.00    0.64  14.80


avg-cpu:  %user   %nice %system %iowait  %steal   %idle
          69.87    0.00   13.16    1.10    0.00   15.86

Device            r/s     rkB/s   rrqm/s  %rrqm r_await rareq-sz     w/s     wkB/s   wrqm/s  %wrqm w_await wareq-sz     d/s     dkB/s   drqm/s  %drqm d_await dareq-sz     f/s f_await  aqu-sz  %util
nvme0n1p3        0.00      0.00     0.00   0.00    0.00     0.00 11001.00  95620.00     0.00   0.00    0.05     8.69    0.00      0.00     0.00   0.00    0.00     0.00    0.00    0.00    0.60  14.50
nvme0n1p4        0.00      0.00     0.00   0.00    0.00     0.00 11038.00  95584.00     0.00   0.00    0.06     8.66    0.00      0.00     0.00   0.00    0.00     0.00    0.00    0.00    0.63  15.10
nvme0n1p5        0.00      0.00     0.00   0.00    0.00     0.00 11025.00  95476.00     0.00   0.00    0.06     8.66    0.00      0.00     0.00   0.00    0.00     0.00    0.00    0.00    0.70  18.50


avg-cpu:  %user   %nice %system %iowait  %steal   %idle
          71.93    0.00   11.54    1.02    0.00   15.52

Device            r/s     rkB/s   rrqm/s  %rrqm r_await rareq-sz     w/s     wkB/s   wrqm/s  %wrqm w_await wareq-sz     d/s     dkB/s   drqm/s  %drqm d_await dareq-sz     f/s f_await  aqu-sz  %util
nvme0n1p3        0.00      0.00     0.00   0.00    0.00     0.00 9914.00  86388.00     0.00   0.00    0.06     8.71    0.00      0.00     0.00   0.00    0.00     0.00    0.00    0.00    0.55  14.60
nvme0n1p4        0.00      0.00     0.00   0.00    0.00     0.00 10114.00  87676.00     0.00   0.00    0.06     8.67    0.00      0.00     0.00   0.00    0.00     0.00    0.00    0.00    0.61  17.00
nvme0n1p5        0.00      0.00     0.00   0.00    0.00     0.00 9683.00  86456.00     0.00   0.00    0.06     8.93    0.00      0.00     0.00   0.00    0.00     0.00    0.00    0.00    0.60  11.40


avg-cpu:  %user   %nice %system %iowait  %steal   %idle
          70.22    0.00   12.61    1.27    0.00   15.91

Device            r/s     rkB/s   rrqm/s  %rrqm r_await rareq-sz     w/s     wkB/s   wrqm/s  %wrqm w_await wareq-sz     d/s     dkB/s   drqm/s  %drqm d_await dareq-sz     f/s f_await  aqu-sz  %util
nvme0n1p3        0.00      0.00     0.00   0.00    0.00     0.00 9886.00  85104.00     0.00   0.00    0.06     8.61    0.00      0.00     0.00   0.00    0.00     0.00    0.00    0.00    0.57  12.60
nvme0n1p4        0.00      0.00     0.00   0.00    0.00     0.00 10362.00  86368.00     0.00   0.00    0.06     8.34    0.00      0.00     0.00   0.00    0.00     0.00    0.00    0.00    0.57  19.40
nvme0n1p5        0.00      0.00     0.00   0.00    0.00     0.00 9875.00  85272.00     0.00   0.00    0.06     8.64    0.00      0.00     0.00   0.00    0.00     0.00    0.00    0.00    0.55  14.40


avg-cpu:  %user   %nice %system %iowait  %steal   %idle
          68.53    0.00   12.89    1.10    0.00   17.47

Device            r/s     rkB/s   rrqm/s  %rrqm r_await rareq-sz     w/s     wkB/s   wrqm/s  %wrqm w_await wareq-sz     d/s     dkB/s   drqm/s  %drqm d_await dareq-sz     f/s f_await  aqu-sz  %util
nvme0n1p3        0.00      0.00     0.00   0.00    0.00     0.00 10926.00  95880.00     0.00   0.00    0.05     8.78    0.00      0.00     0.00   0.00    0.00     0.00    0.00    0.00    0.60  15.10
nvme0n1p4        0.00      0.00     0.00   0.00    0.00     0.00 11150.00  96528.00     0.00   0.00    0.06     8.66    0.00      0.00     0.00   0.00    0.00     0.00    0.00    0.00    0.62  18.00
nvme0n1p5        0.00      0.00     0.00   0.00    0.00     0.00 11134.00  96456.00     0.00   0.00    0.06     8.66    0.00      0.00     0.00   0.00    0.00     0.00    0.00    0.00    0.66  15.80


avg-cpu:  %user   %nice %system %iowait  %steal   %idle
          72.74    0.00   10.97    0.84    0.00   15.44

Device            r/s     rkB/s   rrqm/s  %rrqm r_await rareq-sz     w/s     wkB/s   wrqm/s  %wrqm w_await wareq-sz     d/s     dkB/s   drqm/s  %drqm d_await dareq-sz     f/s f_await  aqu-sz  %util
nvme0n1p3        0.00      0.00     0.00   0.00    0.00     0.00 9606.00  94184.00     0.00   0.00    0.06     9.80    0.00      0.00     0.00   0.00    0.00     0.00    0.00    0.00    0.58  15.50
nvme0n1p4        0.00      0.00     0.00   0.00    0.00     0.00 9622.00  82300.00     0.00   0.00    0.06     8.55    0.00      0.00     0.00   0.00    0.00     0.00    0.00    0.00    0.55  13.60
nvme0n1p5        0.00      0.00     0.00   0.00    0.00     0.00 9291.00  81476.00     0.00   0.00    0.06     8.77    0.00      0.00     0.00   0.00    0.00     0.00    0.00    0.00    0.54  13.10


avg-cpu:  %user   %nice %system %iowait  %steal   %idle
          70.27    0.00   12.18    1.11    0.00   16.44

Device            r/s     rkB/s   rrqm/s  %rrqm r_await rareq-sz     w/s     wkB/s   wrqm/s  %wrqm w_await wareq-sz     d/s     dkB/s   drqm/s  %drqm d_await dareq-sz     f/s f_await  aqu-sz  %util
nvme0n1p3        0.00      0.00     0.00   0.00    0.00     0.00 9853.00 163704.00     0.00   0.00    0.06    16.61    0.00      0.00     0.00   0.00    0.00     0.00    0.00    0.00    0.56  11.10
nvme0n1p4        0.00      0.00     0.00   0.00    0.00     0.00 9757.00  81728.00     0.00   0.00    0.06     8.38    0.00      0.00     0.00   0.00    0.00     0.00    0.00    0.00    0.60  17.00
nvme0n1p5        0.00      0.00     0.00   0.00    0.00     0.00 9470.00  80988.00     0.00   0.00    0.06     8.55    0.00      0.00     0.00   0.00    0.00     0.00    0.00    0.00    0.56  13.70


avg-cpu:  %user   %nice %system %iowait  %steal   %idle
          69.07    0.00   13.23    1.12    0.00   16.58

Device            r/s     rkB/s   rrqm/s  %rrqm r_await rareq-sz     w/s     wkB/s   wrqm/s  %wrqm w_await wareq-sz     d/s     dkB/s   drqm/s  %drqm d_await dareq-sz     f/s f_await  aqu-sz  %util
nvme0n1p3        0.00      0.00     0.00   0.00    0.00     0.00 10242.00 107332.00     0.00   0.00    0.05    10.48    0.00      0.00     0.00   0.00    0.00     0.00    0.00    0.00    0.55  12.50
nvme0n1p4        0.00      0.00     0.00   0.00    0.00     0.00 10418.00  89868.00     0.00   0.00    0.06     8.63    0.00      0.00     0.00   0.00    0.00     0.00    0.00    0.00    0.59  16.90
nvme0n1p5        0.00      0.00     0.00   0.00    0.00     0.00 10483.00  90140.00     0.00   0.00    0.06     8.60    0.00      0.00     0.00   0.00    0.00     0.00    0.00    0.00    0.62  18.10


avg-cpu:  %user   %nice %system %iowait  %steal   %idle
          72.25    0.00   11.87    1.11    0.00   14.77

Device            r/s     rkB/s   rrqm/s  %rrqm r_await rareq-sz     w/s     wkB/s   wrqm/s  %wrqm w_await wareq-sz     d/s     dkB/s   drqm/s  %drqm d_await dareq-sz     f/s f_await  aqu-sz  %util
nvme0n1p3        0.00      0.00     0.00   0.00    0.00     0.00 10692.00  92344.00     0.00   0.00    0.06     8.64    0.00      0.00     0.00   0.00    0.00     0.00    0.00    0.00    0.63  15.20
nvme0n1p4        0.00      0.00     0.00   0.00    0.00     0.00 11664.00 181916.00     0.00   0.00    0.06    15.60    0.00      0.00     0.00   0.00    0.00     0.00    0.00    0.00    0.67  19.80
nvme0n1p5        0.00      0.00     0.00   0.00    0.00     0.00 11642.00 202436.00     0.00   0.00    0.06    17.39    0.00      0.00     0.00   0.00    0.00     0.00    0.00    0.00    0.69  17.30


avg-cpu:  %user   %nice %system %iowait  %steal   %idle
          68.66    0.00   12.84    1.28    0.00   17.21

Device            r/s     rkB/s   rrqm/s  %rrqm r_await rareq-sz     w/s     wkB/s   wrqm/s  %wrqm w_await wareq-sz     d/s     dkB/s   drqm/s  %drqm d_await dareq-sz     f/s f_await  aqu-sz  %util
nvme0n1p3        0.00      0.00     0.00   0.00    0.00     0.00 10407.00  90808.00     0.00   0.00    0.06     8.73    0.00      0.00     0.00   0.00    0.00     0.00    0.00    0.00    0.58  15.20
nvme0n1p4        0.00      0.00     0.00   0.00    0.00     0.00 10997.00 112448.00     0.00   0.00    0.06    10.23    0.00      0.00     0.00   0.00    0.00     0.00    0.00    0.00    0.63  17.80
nvme0n1p5        0.00      0.00     0.00   0.00    0.00     0.00 10594.00  91124.00     0.00   0.00    0.06     8.60    0.00      0.00     0.00   0.00    0.00     0.00    0.00    0.00    0.64  17.30


avg-cpu:  %user   %nice %system %iowait  %steal   %idle
          66.35    0.00   14.64    1.20    0.00   17.81

Device            r/s     rkB/s   rrqm/s  %rrqm r_await rareq-sz     w/s     wkB/s   wrqm/s  %wrqm w_await wareq-sz     d/s     dkB/s   drqm/s  %drqm d_await dareq-sz     f/s f_await  aqu-sz  %util
nvme0n1p3        0.00      0.00     0.00   0.00    0.00     0.00 11205.00  97484.00     0.00   0.00    0.06     8.70    0.00      0.00     0.00   0.00    0.00     0.00    0.00    0.00    0.69  15.80
nvme0n1p4        0.00      0.00     0.00   0.00    0.00     0.00 11558.00  98268.00     0.00   0.00    0.05     8.50    0.00      0.00     0.00   0.00    0.00     0.00    0.00    0.00    0.63  19.20
nvme0n1p5        0.00      0.00     0.00   0.00    0.00     0.00 11050.00  96684.00     0.00   0.00    0.06     8.75    0.00      0.00     0.00   0.00    0.00     0.00    0.00    0.00    0.64  13.40


avg-cpu:  %user   %nice %system %iowait  %steal   %idle
          69.07    0.00   12.89    1.03    0.00   17.01

Device            r/s     rkB/s   rrqm/s  %rrqm r_await rareq-sz     w/s     wkB/s   wrqm/s  %wrqm w_await wareq-sz     d/s     dkB/s   drqm/s  %drqm d_await dareq-sz     f/s f_await  aqu-sz  %util
nvme0n1p3        0.00      0.00     0.00   0.00    0.00     0.00 10590.00  93012.00     0.00   0.00    0.06     8.78    0.00      0.00     0.00   0.00    0.00     0.00    0.00    0.00    0.64  14.60
nvme0n1p4        0.00      0.00     0.00   0.00    0.00     0.00 11001.00  93984.00     0.00   0.00    0.06     8.54    0.00      0.00     0.00   0.00    0.00     0.00    0.00    0.00    0.61  16.50
nvme0n1p5        0.00      0.00     0.00   0.00    0.00     0.00 10765.00  93948.00     0.00   0.00    0.06     8.73    0.00      0.00     0.00   0.00    0.00     0.00    0.00    0.00    0.63  15.40


avg-cpu:  %user   %nice %system %iowait  %steal   %idle
          67.72    0.00   13.97    1.19    0.00   17.12

Device            r/s     rkB/s   rrqm/s  %rrqm r_await rareq-sz     w/s     wkB/s   wrqm/s  %wrqm w_await wareq-sz     d/s     dkB/s   drqm/s  %drqm d_await dareq-sz     f/s f_await  aqu-sz  %util
nvme0n1p3        0.00      0.00     0.00   0.00    0.00     0.00 11357.00 100036.00     0.00   0.00    0.06     8.81    0.00      0.00     0.00   0.00    0.00     0.00    0.00    0.00    0.63  15.00
nvme0n1p4        0.00      0.00     0.00   0.00    0.00     0.00 11796.00 101252.00     0.00   0.00    0.06     8.58    0.00      0.00     0.00   0.00    0.00     0.00    0.00    0.00    0.68  15.70
nvme0n1p5        0.00      0.00     0.00   0.00    0.00     0.00 11601.00 100640.00     0.00   0.00    0.06     8.68    0.00      0.00     0.00   0.00    0.00     0.00    0.00    0.00    0.66  16.50


avg-cpu:  %user   %nice %system %iowait  %steal   %idle
          68.48    0.00   14.99    1.02    0.00   15.50

Device            r/s     rkB/s   rrqm/s  %rrqm r_await rareq-sz     w/s     wkB/s   wrqm/s  %wrqm w_await wareq-sz     d/s     dkB/s   drqm/s  %drqm d_await dareq-sz     f/s f_await  aqu-sz  %util
nvme0n1p3        0.00      0.00     0.00   0.00    0.00     0.00 11416.00  99392.00     0.00   0.00    0.06     8.71    0.00      0.00     0.00   0.00    0.00     0.00    0.00    0.00    0.65  14.10
nvme0n1p4        0.00      0.00     0.00   0.00    0.00     0.00 11553.00  99552.00     0.00   0.00    0.06     8.62    0.00      0.00     0.00   0.00    0.00     0.00    0.00    0.00    0.66  17.70
nvme0n1p5        0.00      0.00     0.00   0.00    0.00     0.00 11150.00  98596.00     0.00   0.00    0.06     8.84    0.00      0.00     0.00   0.00    0.00     0.00    0.00    0.00    0.67  14.50


avg-cpu:  %user   %nice %system %iowait  %steal   %idle
          74.42    0.00   10.86    0.86    0.00   13.86

Device            r/s     rkB/s   rrqm/s  %rrqm r_await rareq-sz     w/s     wkB/s   wrqm/s  %wrqm w_await wareq-sz     d/s     dkB/s   drqm/s  %drqm d_await dareq-sz     f/s f_await  aqu-sz  %util
nvme0n1p3        0.00      0.00     0.00   0.00    0.00     0.00 9859.00  86824.00     0.00   0.00    0.06     8.81    0.00      0.00     0.00   0.00    0.00     0.00    0.00    0.00    0.56  14.80
nvme0n1p4        0.00      0.00     0.00   0.00    0.00     0.00 10106.00  87172.00     0.00   0.00    0.06     8.63    0.00      0.00     0.00   0.00    0.00     0.00    0.00    0.00    0.59  17.70
nvme0n1p5        0.00      0.00     0.00   0.00    0.00     0.00 10140.00  87396.00     0.00   0.00    0.06     8.62    0.00      0.00     0.00   0.00    0.00     0.00    0.00    0.00    0.62  13.10


avg-cpu:  %user   %nice %system %iowait  %steal   %idle
          74.10    0.00   10.29    0.94    0.00   14.67

Device            r/s     rkB/s   rrqm/s  %rrqm r_await rareq-sz     w/s     wkB/s   wrqm/s  %wrqm w_await wareq-sz     d/s     dkB/s   drqm/s  %drqm d_await dareq-sz     f/s f_await  aqu-sz  %util
nvme0n1p3        0.00      0.00     0.00   0.00    0.00     0.00 9899.00  86644.00     0.00   0.00    0.06     8.75    0.00      0.00     0.00   0.00    0.00     0.00    0.00    0.00    0.57  12.60
nvme0n1p4        0.00      0.00     0.00   0.00    0.00     0.00 9919.00  85472.00     0.00   0.00    0.06     8.62    0.00      0.00     0.00   0.00    0.00     0.00    0.00    0.00    0.58  14.90
nvme0n1p5        0.00      0.00     0.00   0.00    0.00     0.00 9893.00  85456.00     0.00   0.00    0.06     8.64    0.00      0.00     0.00   0.00    0.00     0.00    0.00    0.00    0.64  13.90


avg-cpu:  %user   %nice %system %iowait  %steal   %idle
          73.15    0.00   10.88    0.85    0.00   15.12

Device            r/s     rkB/s   rrqm/s  %rrqm r_await rareq-sz     w/s     wkB/s   wrqm/s  %wrqm w_await wareq-sz     d/s     dkB/s   drqm/s  %drqm d_await dareq-sz     f/s f_await  aqu-sz  %util
nvme0n1p3        0.00      0.00     0.00   0.00    0.00     0.00 9080.00  79236.00     0.00   0.00    0.06     8.73    0.00      0.00     0.00   0.00    0.00     0.00    0.00    0.00    0.51  12.80
nvme0n1p4        0.00      0.00     0.00   0.00    0.00     0.00 9388.00  80640.00     0.00   0.00    0.06     8.59    0.00      0.00     0.00   0.00    0.00     0.00    0.00    0.00    0.54  13.10
nvme0n1p5        0.00      0.00     0.00   0.00    0.00     0.00 9339.00  80404.00     0.00   0.00    0.06     8.61    0.00      0.00     0.00   0.00    0.00     0.00    0.00    0.00    0.59  14.10


avg-cpu:  %user   %nice %system %iowait  %steal   %idle
          73.52    0.00   10.54    0.94    0.00   15.00

Device            r/s     rkB/s   rrqm/s  %rrqm r_await rareq-sz     w/s     wkB/s   wrqm/s  %wrqm w_await wareq-sz     d/s     dkB/s   drqm/s  %drqm d_await dareq-sz     f/s f_await  aqu-sz  %util
nvme0n1p3        0.00      0.00     0.00   0.00    0.00     0.00 9279.00  80264.00     0.00   0.00    0.06     8.65    0.00      0.00     0.00   0.00    0.00     0.00    0.00    0.00    0.53  13.30
nvme0n1p4        0.00      0.00     0.00   0.00    0.00     0.00 9470.00  80564.00     0.00   0.00    0.06     8.51    0.00      0.00     0.00   0.00    0.00     0.00    0.00    0.00    0.54  13.60
nvme0n1p5        0.00      0.00     0.00   0.00    0.00     0.00 9274.00  80056.00     0.00   0.00    0.06     8.63    0.00      0.00     0.00   0.00    0.00     0.00    0.00    0.00    0.58  14.70


avg-cpu:  %user   %nice %system %iowait  %steal   %idle
          72.37    0.00   10.95    0.86    0.00   15.83

Device            r/s     rkB/s   rrqm/s  %rrqm r_await rareq-sz     w/s     wkB/s   wrqm/s  %wrqm w_await wareq-sz     d/s     dkB/s   drqm/s  %drqm d_await dareq-sz     f/s f_await  aqu-sz  %util
nvme0n1p3        0.00      0.00     0.00   0.00    0.00     0.00 9983.00  86888.00     0.00   0.00    0.06     8.70    0.00      0.00     0.00   0.00    0.00     0.00    0.00    0.00    0.61  13.80
nvme0n1p4        0.00      0.00     0.00   0.00    0.00     0.00 10015.00  86940.00     0.00   0.00    0.06     8.68    0.00      0.00     0.00   0.00    0.00     0.00    0.00    0.00    0.63  14.90
nvme0n1p5        0.00      0.00     0.00   0.00    0.00     0.00 9900.00  86728.00     0.00   0.00    0.06     8.76    0.00      0.00     0.00   0.00    0.00     0.00    0.00    0.00    0.59  11.40


avg-cpu:  %user   %nice %system %iowait  %steal   %idle
          74.60    0.00   10.96    0.85    0.00   13.59

Device            r/s     rkB/s   rrqm/s  %rrqm r_await rareq-sz     w/s     wkB/s   wrqm/s  %wrqm w_await wareq-sz     d/s     dkB/s   drqm/s  %drqm d_await dareq-sz     f/s f_await  aqu-sz  %util
nvme0n1p3        0.00      0.00     0.00   0.00    0.00     0.00 9645.00  83820.00     0.00   0.00    0.06     8.69    0.00      0.00     0.00   0.00    0.00     0.00    0.00    0.00    0.58  12.00
nvme0n1p4        0.00      0.00     0.00   0.00    0.00     0.00 9653.00  83368.00     0.00   0.00    0.06     8.64    0.00      0.00     0.00   0.00    0.00     0.00    0.00    0.00    0.60  15.00
nvme0n1p5        0.00      0.00     0.00   0.00    0.00     0.00 9658.00  83924.00     0.00   0.00    0.06     8.69    0.00      0.00     0.00   0.00    0.00     0.00    0.00    0.00    0.60  11.40


avg-cpu:  %user   %nice %system %iowait  %steal   %idle
          71.64    0.00   11.65    0.94    0.00   15.77

Device            r/s     rkB/s   rrqm/s  %rrqm r_await rareq-sz     w/s     wkB/s   wrqm/s  %wrqm w_await wareq-sz     d/s     dkB/s   drqm/s  %drqm d_await dareq-sz     f/s f_await  aqu-sz  %util
nvme0n1p3        0.00      0.00     0.00   0.00    0.00     0.00 8668.00  76296.00     0.00   0.00    0.06     8.80    0.00      0.00     0.00   0.00    0.00     0.00    0.00    0.00    0.52  13.20
nvme0n1p4        0.00      0.00     0.00   0.00    0.00     0.00 9045.00  77316.00     0.00   0.00    0.06     8.55    0.00      0.00     0.00   0.00    0.00     0.00    0.00    0.00    0.52  14.20
nvme0n1p5        0.00      0.00     0.00   0.00    0.00     0.00 8837.00  76524.00     0.00   0.00    0.07     8.66    0.00      0.00     0.00   0.00    0.00     0.00    0.00    0.00    0.60  12.20


avg-cpu:  %user   %nice %system %iowait  %steal   %idle
          68.68    0.00   13.79    1.11    0.00   16.43

Device            r/s     rkB/s   rrqm/s  %rrqm r_await rareq-sz     w/s     wkB/s   wrqm/s  %wrqm w_await wareq-sz     d/s     dkB/s   drqm/s  %drqm d_await dareq-sz     f/s f_await  aqu-sz  %util
nvme0n1p3        0.00      0.00     0.00   0.00    0.00     0.00 11200.00  98268.00     0.00   0.00    0.05     8.77    0.00      0.00     0.00   0.00    0.00     0.00    0.00    0.00    0.62  15.20
nvme0n1p4        0.00      0.00     0.00   0.00    0.00     0.00 11441.00  99240.00     0.00   0.00    0.06     8.67    0.00      0.00     0.00   0.00    0.00     0.00    0.00    0.00    0.67  15.80
nvme0n1p5        0.00      0.00     0.00   0.00    0.00     0.00 11408.00  98596.00     0.00   0.00    0.06     8.64    0.00      0.00     0.00   0.00    0.00     0.00    0.00    0.00    0.68  16.30


avg-cpu:  %user   %nice %system %iowait  %steal   %idle
          69.69    0.00   13.10    0.94    0.00   16.27

Device            r/s     rkB/s   rrqm/s  %rrqm r_await rareq-sz     w/s     wkB/s   wrqm/s  %wrqm w_await wareq-sz     d/s     dkB/s   drqm/s  %drqm d_await dareq-sz     f/s f_await  aqu-sz  %util
nvme0n1p3        0.00      0.00     0.00   0.00    0.00     0.00 10731.00  93396.00     0.00   0.00    0.06     8.70    0.00      0.00     0.00   0.00    0.00     0.00    0.00    0.00    0.61  14.80
nvme0n1p4        0.00      0.00     0.00   0.00    0.00     0.00 10650.00  93076.00     0.00   0.00    0.06     8.74    0.00      0.00     0.00   0.00    0.00     0.00    0.00    0.00    0.63  15.20
nvme0n1p5        0.00      0.00     0.00   0.00    0.00     0.00 10765.00  94024.00     0.00   0.00    0.06     8.73    0.00      0.00     0.00   0.00    0.00     0.00    0.00    0.00    0.62  12.60


avg-cpu:  %user   %nice %system %iowait  %steal   %idle
          70.55    0.00   12.77    0.94    0.00   15.74

Device            r/s     rkB/s   rrqm/s  %rrqm r_await rareq-sz     w/s     wkB/s   wrqm/s  %wrqm w_await wareq-sz     d/s     dkB/s   drqm/s  %drqm d_await dareq-sz     f/s f_await  aqu-sz  %util
nvme0n1p3        0.00      0.00     0.00   0.00    0.00     0.00 9834.00  86588.00     0.00   0.00    0.06     8.80    0.00      0.00     0.00   0.00    0.00     0.00    0.00    0.00    0.55  10.80
nvme0n1p4        0.00      0.00     0.00   0.00    0.00     0.00 10047.00  86752.00     0.00   0.00    0.06     8.63    0.00      0.00     0.00   0.00    0.00     0.00    0.00    0.00    0.58  15.30
nvme0n1p5        0.00      0.00     0.00   0.00    0.00     0.00 9911.00  85788.00     0.00   0.00    0.06     8.66    0.00      0.00     0.00   0.00    0.00     0.00    0.00    0.00    0.58  13.20


avg-cpu:  %user   %nice %system %iowait  %steal   %idle
          68.01    0.00   13.94    0.94    0.00   17.11

Device            r/s     rkB/s   rrqm/s  %rrqm r_await rareq-sz     w/s     wkB/s   wrqm/s  %wrqm w_await wareq-sz     d/s     dkB/s   drqm/s  %drqm d_await dareq-sz     f/s f_await  aqu-sz  %util
nvme0n1p3        0.00      0.00     0.00   0.00    0.00     0.00 10578.00  92984.00     0.00   0.00    0.06     8.79    0.00      0.00     0.00   0.00    0.00     0.00    0.00    0.00    0.61  14.50
nvme0n1p4        0.00      0.00     0.00   0.00    0.00     0.00 10657.00  92304.00     0.00   0.00    0.06     8.66    0.00      0.00     0.00   0.00    0.00     0.00    0.00    0.00    0.62  15.30
nvme0n1p5        0.00      0.00     0.00   0.00    0.00     0.00 10581.00  92768.00     0.00   0.00    0.06     8.77    0.00      0.00     0.00   0.00    0.00     0.00    0.00    0.00    0.61  13.50


avg-cpu:  %user   %nice %system %iowait  %steal   %idle
          64.60    0.00   15.42    1.12    0.00   18.86

Device            r/s     rkB/s   rrqm/s  %rrqm r_await rareq-sz     w/s     wkB/s   wrqm/s  %wrqm w_await wareq-sz     d/s     dkB/s   drqm/s  %drqm d_await dareq-sz     f/s f_await  aqu-sz  %util
nvme0n1p3        0.00      0.00     0.00   0.00    0.00     0.00 11233.00  97480.00     0.00   0.00    0.05     8.68    0.00      0.00     0.00   0.00    0.00     0.00    0.00    0.00    0.61  18.30
nvme0n1p4        0.00      0.00     0.00   0.00    0.00     0.00 11553.00  99048.00     0.00   0.00    0.06     8.57    0.00      0.00     0.00   0.00    0.00     0.00    0.00    0.00    0.65  21.10
nvme0n1p5        0.00      0.00     0.00   0.00    0.00     0.00 11005.00  97144.00     0.00   0.00    0.05     8.83    0.00      0.00     0.00   0.00    0.00     0.00    0.00    0.00    0.60  12.20


avg-cpu:  %user   %nice %system %iowait  %steal   %idle
          70.47    0.00   13.39    1.03    0.00   15.11

Device            r/s     rkB/s   rrqm/s  %rrqm r_await rareq-sz     w/s     wkB/s   wrqm/s  %wrqm w_await wareq-sz     d/s     dkB/s   drqm/s  %drqm d_await dareq-sz     f/s f_await  aqu-sz  %util
nvme0n1p3        0.00      0.00     0.00   0.00    0.00     0.00 11410.00 180368.00     0.00   0.00    0.06    15.81    0.00      0.00     0.00   0.00    0.00     0.00    0.00    0.00    0.65  13.50
nvme0n1p4        0.00      0.00     0.00   0.00    0.00     0.00 10819.00  93040.00     0.00   0.00    0.06     8.60    0.00      0.00     0.00   0.00    0.00     0.00    0.00    0.00    0.61  17.50
nvme0n1p5        0.00      0.00     0.00   0.00    0.00     0.00 10664.00  92972.00     0.00   0.00    0.06     8.72    0.00      0.00     0.00   0.00    0.00     0.00    0.00    0.00    0.63  14.90


avg-cpu:  %user   %nice %system %iowait  %steal   %idle
          69.06    0.00   13.33    1.03    0.00   16.58

Device            r/s     rkB/s   rrqm/s  %rrqm r_await rareq-sz     w/s     wkB/s   wrqm/s  %wrqm w_await wareq-sz     d/s     dkB/s   drqm/s  %drqm d_await dareq-sz     f/s f_await  aqu-sz  %util
nvme0n1p3        0.00      0.00     0.00   0.00    0.00     0.00 11188.00 155952.00     0.00   0.00    0.06    13.94    0.00      0.00     0.00   0.00    0.00     0.00    0.00    0.00    0.68  17.70
nvme0n1p4        0.00      0.00     0.00   0.00    0.00     0.00 10410.00  90524.00     0.00   0.00    0.05     8.70    0.00      0.00     0.00   0.00    0.00     0.00    0.00    0.00    0.56  13.30
nvme0n1p5        0.00      0.00     0.00   0.00    0.00     0.00 10491.00  90948.00     0.00   0.00    0.06     8.67    0.00      0.00     0.00   0.00    0.00     0.00    0.00    0.00    0.66  15.90


avg-cpu:  %user   %nice %system %iowait  %steal   %idle
          78.46    0.00    9.84    0.76    0.00   10.94

Device            r/s     rkB/s   rrqm/s  %rrqm r_await rareq-sz     w/s     wkB/s   wrqm/s  %wrqm w_await wareq-sz     d/s     dkB/s   drqm/s  %drqm d_await dareq-sz     f/s f_await  aqu-sz  %util
nvme0n1p3        0.00      0.00     0.00   0.00    0.00     0.00 7226.00  60140.00     0.00   0.00    0.07     8.32    0.00      0.00     0.00   0.00    0.00     0.00    0.00    0.00    0.51  12.80
nvme0n1p4        0.00      0.00     0.00   0.00    0.00     0.00 7823.00 140972.00     0.00   0.00    0.08    18.02    0.00      0.00     0.00   0.00    0.00     0.00    0.00    0.00    0.65  14.20
nvme0n1p5        0.00      0.00     0.00   0.00    0.00     0.00 7783.00 131708.00     0.00   0.00    0.07    16.92    0.00      0.00     0.00   0.00    0.00     0.00    0.00    0.00    0.57  18.60


avg-cpu:  %user   %nice %system %iowait  %steal   %idle
          66.72    0.00   14.47    1.11    0.00   17.70

Device            r/s     rkB/s   rrqm/s  %rrqm r_await rareq-sz     w/s     wkB/s   wrqm/s  %wrqm w_await wareq-sz     d/s     dkB/s   drqm/s  %drqm d_await dareq-sz     f/s f_await  aqu-sz  %util
nvme0n1p3       23.00   2656.00     0.00   0.00    0.26   115.48 9730.00  83948.00     0.00   0.00    0.06     8.63    0.00      0.00     0.00   0.00    0.00     0.00    0.00    0.00    0.56  16.60
nvme0n1p4        0.00      0.00     0.00   0.00    0.00     0.00 10480.00 151276.00     0.00   0.00    0.06    14.43    0.00      0.00     0.00   0.00    0.00     0.00    0.00    0.00    0.61  18.10
nvme0n1p5        0.00      0.00     0.00   0.00    0.00     0.00 10170.00 159568.00     0.00   0.00    0.06    15.69    0.00      0.00     0.00   0.00    0.00     0.00    0.00    0.00    0.61  14.50


avg-cpu:  %user   %nice %system %iowait  %steal   %idle
          68.99    0.00   13.23    1.20    0.00   16.58

Device            r/s     rkB/s   rrqm/s  %rrqm r_await rareq-sz     w/s     wkB/s   wrqm/s  %wrqm w_await wareq-sz     d/s     dkB/s   drqm/s  %drqm d_await dareq-sz     f/s f_await  aqu-sz  %util
nvme0n1p3        7.00    580.00     0.00   0.00    0.14    82.86 10817.00  99412.00     0.00   0.00    0.06     9.19    0.00      0.00     0.00   0.00    0.00     0.00    0.00    0.00    0.62  15.90
nvme0n1p4        0.00      0.00     0.00   0.00    0.00     0.00 11139.00  96196.00     0.00   0.00    0.06     8.64    0.00      0.00     0.00   0.00    0.00     0.00    0.00    0.00    0.62  17.90
nvme0n1p5        0.00      0.00     0.00   0.00    0.00     0.00 10997.00  95660.00     0.00   0.00    0.06     8.70    0.00      0.00     0.00   0.00    0.00     0.00    0.00    0.00    0.64  17.80


avg-cpu:  %user   %nice %system %iowait  %steal   %idle
          67.29    0.00   13.66    1.02    0.00   18.02

Device            r/s     rkB/s   rrqm/s  %rrqm r_await rareq-sz     w/s     wkB/s   wrqm/s  %wrqm w_await wareq-sz     d/s     dkB/s   drqm/s  %drqm d_await dareq-sz     f/s f_await  aqu-sz  %util
nvme0n1p3        0.00      0.00     0.00   0.00    0.00     0.00 10700.00  94176.00     0.00   0.00    0.05     8.80    0.00      0.00     0.00   0.00    0.00     0.00    0.00    0.00    0.57  12.50
nvme0n1p4        0.00      0.00     0.00   0.00    0.00     0.00 10927.00  94448.00     0.00   0.00    0.05     8.64    0.00      0.00     0.00   0.00    0.00     0.00    0.00    0.00    0.59  16.20
nvme0n1p5        0.00      0.00     0.00   0.00    0.00     0.00 11013.00  94820.00     0.00   0.00    0.06     8.61    0.00      0.00     0.00   0.00    0.00     0.00    0.00    0.00    0.62  17.90


avg-cpu:  %user   %nice %system %iowait  %steal   %idle
          67.92    0.00   14.20    1.03    0.00   16.85

Device            r/s     rkB/s   rrqm/s  %rrqm r_await rareq-sz     w/s     wkB/s   wrqm/s  %wrqm w_await wareq-sz     d/s     dkB/s   drqm/s  %drqm d_await dareq-sz     f/s f_await  aqu-sz  %util
nvme0n1p3        0.00      0.00     0.00   0.00    0.00     0.00 11489.00 100908.00     0.00   0.00    0.06     8.78    0.00      0.00     0.00   0.00    0.00     0.00    0.00    0.00    0.67  15.00
nvme0n1p4        0.00      0.00     0.00   0.00    0.00     0.00 11817.00 101572.00     0.00   0.00    0.06     8.60    0.00      0.00     0.00   0.00    0.00     0.00    0.00    0.00    0.66  16.10
nvme0n1p5        0.00      0.00     0.00   0.00    0.00     0.00 11526.00 100776.00     0.00   0.00    0.06     8.74    0.00      0.00     0.00   0.00    0.00     0.00    0.00    0.00    0.70  15.30


avg-cpu:  %user   %nice %system %iowait  %steal   %idle
          66.89    0.00   15.20    1.10    0.00   16.81

Device            r/s     rkB/s   rrqm/s  %rrqm r_await rareq-sz     w/s     wkB/s   wrqm/s  %wrqm w_await wareq-sz     d/s     dkB/s   drqm/s  %drqm d_await dareq-sz     f/s f_await  aqu-sz  %util
nvme0n1p3        0.00      0.00     0.00   0.00    0.00     0.00 11519.00 101608.00     0.00   0.00    0.06     8.82    0.00      0.00     0.00   0.00    0.00     0.00    0.00    0.00    0.66  13.70
nvme0n1p4        0.00      0.00     0.00   0.00    0.00     0.00 11826.00 102260.00     0.00   0.00    0.05     8.65    0.00      0.00     0.00   0.00    0.00     0.00    0.00    0.00    0.65  17.60
nvme0n1p5        0.00      0.00     0.00   0.00    0.00     0.00 11706.00 102392.00     0.00   0.00    0.06     8.75    0.00      0.00     0.00   0.00    0.00     0.00    0.00    0.00    0.70  15.90


avg-cpu:  %user   %nice %system %iowait  %steal   %idle
          69.91    0.00   13.73    0.94    0.00   15.43

Device            r/s     rkB/s   rrqm/s  %rrqm r_await rareq-sz     w/s     wkB/s   wrqm/s  %wrqm w_await wareq-sz     d/s     dkB/s   drqm/s  %drqm d_await dareq-sz     f/s f_await  aqu-sz  %util
nvme0n1p3        0.00      0.00     0.00   0.00    0.00     0.00 10495.00  91884.00     0.00   0.00    0.06     8.76    0.00      0.00     0.00   0.00    0.00     0.00    0.00    0.00    0.59  13.80
nvme0n1p4        0.00      0.00     0.00   0.00    0.00     0.00 10768.00  92340.00     0.00   0.00    0.06     8.58    0.00      0.00     0.00   0.00    0.00     0.00    0.00    0.00    0.61  17.10
nvme0n1p5        0.00      0.00     0.00   0.00    0.00     0.00 10469.00  91560.00     0.00   0.00    0.06     8.75    0.00      0.00     0.00   0.00    0.00     0.00    0.00    0.00    0.62  12.50


avg-cpu:  %user   %nice %system %iowait  %steal   %idle
          69.20    0.00   14.18    1.01    0.00   15.61

Device            r/s     rkB/s   rrqm/s  %rrqm r_await rareq-sz     w/s     wkB/s   wrqm/s  %wrqm w_await wareq-sz     d/s     dkB/s   drqm/s  %drqm d_await dareq-sz     f/s f_await  aqu-sz  %util
nvme0n1p3        0.00      0.00     0.00   0.00    0.00     0.00 10785.00  95524.00     0.00   0.00    0.06     8.86    0.00      0.00     0.00   0.00    0.00     0.00    0.00    0.00    0.62  13.80
nvme0n1p4        0.00      0.00     0.00   0.00    0.00     0.00 11097.00  96052.00     0.00   0.00    0.06     8.66    0.00      0.00     0.00   0.00    0.00     0.00    0.00    0.00    0.66  16.50
nvme0n1p5        0.00      0.00     0.00   0.00    0.00     0.00 11222.00  96400.00     0.00   0.00    0.06     8.59    0.00      0.00     0.00   0.00    0.00     0.00    0.00    0.00    0.69  17.10


avg-cpu:  %user   %nice %system %iowait  %steal   %idle
          71.87    0.00   11.67    0.92    0.00   15.53

Device            r/s     rkB/s   rrqm/s  %rrqm r_await rareq-sz     w/s     wkB/s   wrqm/s  %wrqm w_await wareq-sz     d/s     dkB/s   drqm/s  %drqm d_await dareq-sz     f/s f_await  aqu-sz  %util
nvme0n1p3        0.00      0.00     0.00   0.00    0.00     0.00 9494.00  82828.00     0.00   0.00    0.06     8.72    0.00      0.00     0.00   0.00    0.00     0.00    0.00    0.00    0.53  13.50
nvme0n1p4        0.00      0.00     0.00   0.00    0.00     0.00 9748.00  82348.00     0.00   0.00    0.06     8.45    0.00      0.00     0.00   0.00    0.00     0.00    0.00    0.00    0.59  14.60
nvme0n1p5        0.00      0.00     0.00   0.00    0.00     0.00 9402.00  81468.00     0.00   0.00    0.06     8.66    0.00      0.00     0.00   0.00    0.00     0.00    0.00    0.00    0.56  12.40


avg-cpu:  %user   %nice %system %iowait  %steal   %idle
          67.54    0.00   13.46    1.01    0.00   18.00

Device            r/s     rkB/s   rrqm/s  %rrqm r_await rareq-sz     w/s     wkB/s   wrqm/s  %wrqm w_await wareq-sz     d/s     dkB/s   drqm/s  %drqm d_await dareq-sz     f/s f_await  aqu-sz  %util
nvme0n1p3        0.00      0.00     0.00   0.00    0.00     0.00 10124.00  89072.00     0.00   0.00    0.06     8.80    0.00      0.00     0.00   0.00    0.00     0.00    0.00    0.00    0.60  14.90
nvme0n1p4        0.00      0.00     0.00   0.00    0.00     0.00 10737.00  91332.00     0.00   0.00    0.06     8.51    0.00      0.00     0.00   0.00    0.00     0.00    0.00    0.00    0.62  16.30
nvme0n1p5        0.00      0.00     0.00   0.00    0.00     0.00 10225.00  90504.00     0.00   0.00    0.06     8.85    0.00      0.00     0.00   0.00    0.00     0.00    0.00    0.00    0.61  12.50


avg-cpu:  %user   %nice %system %iowait  %steal   %idle
          69.11    0.00   13.08    1.01    0.00   16.79

Device            r/s     rkB/s   rrqm/s  %rrqm r_await rareq-sz     w/s     wkB/s   wrqm/s  %wrqm w_await wareq-sz     d/s     dkB/s   drqm/s  %drqm d_await dareq-sz     f/s f_await  aqu-sz  %util
nvme0n1p3        0.00      0.00     0.00   0.00    0.00     0.00 10467.00  92556.00     0.00   0.00    0.05     8.84    0.00      0.00     0.00   0.00    0.00     0.00    0.00    0.00    0.56  13.80
nvme0n1p4        0.00      0.00     0.00   0.00    0.00     0.00 10936.00  93704.00     0.00   0.00    0.06     8.57    0.00      0.00     0.00   0.00    0.00     0.00    0.00    0.00    0.63  18.40
nvme0n1p5        0.00      0.00     0.00   0.00    0.00     0.00 10841.00  93352.00     0.00   0.00    0.06     8.61    0.00      0.00     0.00   0.00    0.00     0.00    0.00    0.00    0.64  14.30


avg-cpu:  %user   %nice %system %iowait  %steal   %idle
          68.44    0.00   13.28    0.93    0.00   17.34

Device            r/s     rkB/s   rrqm/s  %rrqm r_await rareq-sz     w/s     wkB/s   wrqm/s  %wrqm w_await wareq-sz     d/s     dkB/s   drqm/s  %drqm d_await dareq-sz     f/s f_await  aqu-sz  %util
nvme0n1p3        0.00      0.00     0.00   0.00    0.00     0.00 10791.00  94832.00     0.00   0.00    0.06     8.79    0.00      0.00     0.00   0.00    0.00     0.00    0.00    0.00    0.64  10.70
nvme0n1p4        0.00      0.00     0.00   0.00    0.00     0.00 11070.00  95348.00     0.00   0.00    0.06     8.61    0.00      0.00     0.00   0.00    0.00     0.00    0.00    0.00    0.67  15.40
nvme0n1p5        0.00      0.00     0.00   0.00    0.00     0.00 10926.00  95336.00     0.00   0.00    0.06     8.73    0.00      0.00     0.00   0.00    0.00     0.00    0.00    0.00    0.65  13.20


avg-cpu:  %user   %nice %system %iowait  %steal   %idle
          69.13    0.00   12.89    1.02    0.00   16.96

Device            r/s     rkB/s   rrqm/s  %rrqm r_await rareq-sz     w/s     wkB/s   wrqm/s  %wrqm w_await wareq-sz     d/s     dkB/s   drqm/s  %drqm d_await dareq-sz     f/s f_await  aqu-sz  %util
nvme0n1p3        0.00      0.00     0.00   0.00    0.00     0.00 10293.00  90136.00     0.00   0.00    0.06     8.76    0.00      0.00     0.00   0.00    0.00     0.00    0.00    0.00    0.59  14.50
nvme0n1p4        0.00      0.00     0.00   0.00    0.00     0.00 10447.00  90344.00     0.00   0.00    0.06     8.65    0.00      0.00     0.00   0.00    0.00     0.00    0.00    0.00    0.64  14.90
nvme0n1p5        0.00      0.00     0.00   0.00    0.00     0.00 10249.00  89644.00     0.00   0.00    0.06     8.75    0.00      0.00     0.00   0.00    0.00     0.00    0.00    0.00    0.58  12.90


avg-cpu:  %user   %nice %system %iowait  %steal   %idle
          68.43    0.00   14.29    1.11    0.00   16.17

Device            r/s     rkB/s   rrqm/s  %rrqm r_await rareq-sz     w/s     wkB/s   wrqm/s  %wrqm w_await wareq-sz     d/s     dkB/s   drqm/s  %drqm d_await dareq-sz     f/s f_await  aqu-sz  %util
nvme0n1p3        0.00      0.00     0.00   0.00    0.00     0.00 10648.00  94460.00     0.00   0.00    0.05     8.87    0.00      0.00     0.00   0.00    0.00     0.00    0.00    0.00    0.58  13.20
nvme0n1p4        0.00      0.00     0.00   0.00    0.00     0.00 11253.00  95868.00     0.00   0.00    0.06     8.52    0.00      0.00     0.00   0.00    0.00     0.00    0.00    0.00    0.63  19.30
nvme0n1p5        0.00      0.00     0.00   0.00    0.00     0.00 11204.00  95888.00     0.00   0.00    0.06     8.56    0.00      0.00     0.00   0.00    0.00     0.00    0.00    0.00    0.66  15.80


avg-cpu:  %user   %nice %system %iowait  %steal   %idle
          68.03    0.00   13.86    1.19    0.00   16.92

Device            r/s     rkB/s   rrqm/s  %rrqm r_await rareq-sz     w/s     wkB/s   wrqm/s  %wrqm w_await wareq-sz     d/s     dkB/s   drqm/s  %drqm d_await dareq-sz     f/s f_await  aqu-sz  %util
nvme0n1p3        0.00      0.00     0.00   0.00    0.00     0.00 11263.00  98092.00     0.00   0.00    0.06     8.71    0.00      0.00     0.00   0.00    0.00     0.00    0.00    0.00    0.64  14.30
nvme0n1p4        0.00      0.00     0.00   0.00    0.00     0.00 11426.00  98472.00     0.00   0.00    0.05     8.62    0.00      0.00     0.00   0.00    0.00     0.00    0.00    0.00    0.61  18.40
nvme0n1p5        0.00      0.00     0.00   0.00    0.00     0.00 11188.00  97868.00     0.00   0.00    0.06     8.75    0.00      0.00     0.00   0.00    0.00     0.00    0.00    0.00    0.63  14.40


avg-cpu:  %user   %nice %system %iowait  %steal   %idle
          68.52    0.00   13.69    1.03    0.00   16.77

Device            r/s     rkB/s   rrqm/s  %rrqm r_await rareq-sz     w/s     wkB/s   wrqm/s  %wrqm w_await wareq-sz     d/s     dkB/s   drqm/s  %drqm d_await dareq-sz     f/s f_await  aqu-sz  %util
nvme0n1p3        0.00      0.00     0.00   0.00    0.00     0.00 11049.00  98224.00     0.00   0.00    0.06     8.89    0.00      0.00     0.00   0.00    0.00     0.00    0.00    0.00    0.62  14.50
nvme0n1p4        0.00      0.00     0.00   0.00    0.00     0.00 11351.00  98036.00     0.00   0.00    0.06     8.64    0.00      0.00     0.00   0.00    0.00     0.00    0.00    0.00    0.66  18.10
nvme0n1p5        0.00      0.00     0.00   0.00    0.00     0.00 11058.00  97276.00     0.00   0.00    0.06     8.80    0.00      0.00     0.00   0.00    0.00     0.00    0.00    0.00    0.70  15.60


avg-cpu:  %user   %nice %system %iowait  %steal   %idle
          66.58    0.00   14.02    1.11    0.00   18.29

Device            r/s     rkB/s   rrqm/s  %rrqm r_await rareq-sz     w/s     wkB/s   wrqm/s  %wrqm w_await wareq-sz     d/s     dkB/s   drqm/s  %drqm d_await dareq-sz     f/s f_await  aqu-sz  %util
nvme0n1p3        0.00      0.00     0.00   0.00    0.00     0.00 10646.00  93768.00     0.00   0.00    0.06     8.81    0.00      0.00     0.00   0.00    0.00     0.00    0.00    0.00    0.66  13.10
nvme0n1p4        0.00      0.00     0.00   0.00    0.00     0.00 11016.00  94432.00     0.00   0.00    0.06     8.57    0.00      0.00     0.00   0.00    0.00     0.00    0.00    0.00    0.63  16.40
nvme0n1p5        0.00      0.00     0.00   0.00    0.00     0.00 10837.00  93544.00     0.00   0.00    0.07     8.63    0.00      0.00     0.00   0.00    0.00     0.00    0.00    0.00    0.73  16.00


avg-cpu:  %user   %nice %system %iowait  %steal   %idle
          68.00    0.00   14.08    1.19    0.00   16.72

Device            r/s     rkB/s   rrqm/s  %rrqm r_await rareq-sz     w/s     wkB/s   wrqm/s  %wrqm w_await wareq-sz     d/s     dkB/s   drqm/s  %drqm d_await dareq-sz     f/s f_await  aqu-sz  %util
nvme0n1p3        0.00      0.00     0.00   0.00    0.00     0.00 11189.00  98260.00     0.00   0.00    0.06     8.78    0.00      0.00     0.00   0.00    0.00     0.00    0.00    0.00    0.65  14.30
nvme0n1p4        0.00      0.00     0.00   0.00    0.00     0.00 11340.00  98364.00     0.00   0.00    0.06     8.67    0.00      0.00     0.00   0.00    0.00     0.00    0.00    0.00    0.65  14.30
nvme0n1p5        0.00      0.00     0.00   0.00    0.00     0.00 11358.00  99028.00     0.00   0.00    0.06     8.72    0.00      0.00     0.00   0.00    0.00     0.00    0.00    0.00    0.67  17.30


avg-cpu:  %user   %nice %system %iowait  %steal   %idle
          70.74    0.00   12.66    1.03    0.00   15.57

Device            r/s     rkB/s   rrqm/s  %rrqm r_await rareq-sz     w/s     wkB/s   wrqm/s  %wrqm w_await wareq-sz     d/s     dkB/s   drqm/s  %drqm d_await dareq-sz     f/s f_await  aqu-sz  %util
nvme0n1p3        0.00      0.00     0.00   0.00    0.00     0.00 11664.00 191232.00     0.00   0.00    0.06    16.40    0.00      0.00     0.00   0.00    0.00     0.00    0.00    0.00    0.68  17.60
nvme0n1p4        0.00      0.00     0.00   0.00    0.00     0.00 10687.00  92520.00     0.00   0.00    0.06     8.66    0.00      0.00     0.00   0.00    0.00     0.00    0.00    0.00    0.59  14.60
nvme0n1p5        0.00      0.00     0.00   0.00    0.00     0.00 10689.00  92208.00     0.00   0.00    0.06     8.63    0.00      0.00     0.00   0.00    0.00     0.00    0.00    0.00    0.64  18.10


avg-cpu:  %user   %nice %system %iowait  %steal   %idle
          68.77    0.00   13.91    1.02    0.00   16.30

Device            r/s     rkB/s   rrqm/s  %rrqm r_await rareq-sz     w/s     wkB/s   wrqm/s  %wrqm w_await wareq-sz     d/s     dkB/s   drqm/s  %drqm d_await dareq-sz     f/s f_await  aqu-sz  %util
nvme0n1p3        0.00      0.00     0.00   0.00    0.00     0.00 10987.00 106824.00     0.00   0.00    0.05     9.72    0.00      0.00     0.00   0.00    0.00     0.00    0.00    0.00    0.60  17.00
nvme0n1p4        0.00      0.00     0.00   0.00    0.00     0.00 11002.00 100224.00     0.00   0.00    0.06     9.11    0.00      0.00     0.00   0.00    0.00     0.00    0.00    0.00    0.65  16.40
nvme0n1p5        0.00      0.00     0.00   0.00    0.00     0.00 10860.00  99632.00     0.00   0.00    0.06     9.17    0.00      0.00     0.00   0.00    0.00     0.00    0.00    0.00    0.64  16.10


avg-cpu:  %user   %nice %system %iowait  %steal   %idle
          75.45    0.00   10.91    0.94    0.00   12.70

Device            r/s     rkB/s   rrqm/s  %rrqm r_await rareq-sz     w/s     wkB/s   wrqm/s  %wrqm w_await wareq-sz     d/s     dkB/s   drqm/s  %drqm d_await dareq-sz     f/s f_await  aqu-sz  %util
nvme0n1p3        0.00      0.00     0.00   0.00    0.00     0.00 9745.54  84887.13     0.00   0.00    0.06     8.71    0.00      0.00     0.00   0.00    0.00     0.00    0.00    0.00    0.61  13.37
nvme0n1p4        0.00      0.00     0.00   0.00    0.00     0.00 11032.67 186269.31     0.00   0.00    0.06    16.88    0.00      0.00     0.00   0.00    0.00     0.00    0.00    0.00    0.69  18.42
nvme0n1p5        0.00      0.00     0.00   0.00    0.00     0.00 10812.87 186281.19     0.00   0.00    0.06    17.23    0.00      0.00     0.00   0.00    0.00     0.00    0.00    0.00    0.62  16.73


avg-cpu:  %user   %nice %system %iowait  %steal   %idle
          71.79    0.00   12.48    1.03    0.00   14.70

Device            r/s     rkB/s   rrqm/s  %rrqm r_await rareq-sz     w/s     wkB/s   wrqm/s  %wrqm w_await wareq-sz     d/s     dkB/s   drqm/s  %drqm d_await dareq-sz     f/s f_await  aqu-sz  %util
nvme0n1p3        0.00      0.00     0.00   0.00    0.00     0.00 10644.00  92308.00     0.00   0.00    0.06     8.67    0.00      0.00     0.00   0.00    0.00     0.00    0.00    0.00    0.67  13.90
nvme0n1p4        0.00      0.00     0.00   0.00    0.00     0.00 10795.00  92676.00     0.00   0.00    0.06     8.59    0.00      0.00     0.00   0.00    0.00     0.00    0.00    0.00    0.62  16.30
nvme0n1p5        0.00      0.00     0.00   0.00    0.00     0.00 10556.00  92120.00     0.00   0.00    0.06     8.73    0.00      0.00     0.00   0.00    0.00     0.00    0.00    0.00    0.61  16.60


avg-cpu:  %user   %nice %system %iowait  %steal   %idle
          73.68    0.00   10.60    1.03    0.00   14.70

Device            r/s     rkB/s   rrqm/s  %rrqm r_await rareq-sz     w/s     wkB/s   wrqm/s  %wrqm w_await wareq-sz     d/s     dkB/s   drqm/s  %drqm d_await dareq-sz     f/s f_await  aqu-sz  %util
nvme0n1p3        0.00      0.00     0.00   0.00    0.00     0.00 9850.00  86620.00     0.00   0.00    0.06     8.79    0.00      0.00     0.00   0.00    0.00     0.00    0.00    0.00    0.56  10.30
nvme0n1p4        0.00      0.00     0.00   0.00    0.00     0.00 10298.00  87620.00     0.00   0.00    0.06     8.51    0.00      0.00     0.00   0.00    0.00     0.00    0.00    0.00    0.63  15.80
nvme0n1p5        0.00      0.00     0.00   0.00    0.00     0.00 10179.00  86996.00     0.00   0.00    0.06     8.55    0.00      0.00     0.00   0.00    0.00     0.00    0.00    0.00    0.61  13.70


avg-cpu:  %user   %nice %system %iowait  %steal   %idle
          72.73    0.00   11.35    1.02    0.00   14.90

Device            r/s     rkB/s   rrqm/s  %rrqm r_await rareq-sz     w/s     wkB/s   wrqm/s  %wrqm w_await wareq-sz     d/s     dkB/s   drqm/s  %drqm d_await dareq-sz     f/s f_await  aqu-sz  %util
nvme0n1p3        0.00      0.00     0.00   0.00    0.00     0.00 9527.00  83548.00     0.00   0.00    0.06     8.77    0.00      0.00     0.00   0.00    0.00     0.00    0.00    0.00    0.59  12.00
nvme0n1p4        0.00      0.00     0.00   0.00    0.00     0.00 10167.00  85004.00     0.00   0.00    0.06     8.36    0.00      0.00     0.00   0.00    0.00     0.00    0.00    0.00    0.58  15.80
nvme0n1p5        0.00      0.00     0.00   0.00    0.00     0.00 9720.00  84264.00     0.00   0.00    0.06     8.67    0.00      0.00     0.00   0.00    0.00     0.00    0.00    0.00    0.57  13.30


avg-cpu:  %user   %nice %system %iowait  %steal   %idle
          73.32    0.00   11.34    0.85    0.00   14.49

Device            r/s     rkB/s   rrqm/s  %rrqm r_await rareq-sz     w/s     wkB/s   wrqm/s  %wrqm w_await wareq-sz     d/s     dkB/s   drqm/s  %drqm d_await dareq-sz     f/s f_await  aqu-sz  %util
nvme0n1p3        0.00      0.00     0.00   0.00    0.00     0.00 9842.00  86056.00     0.00   0.00    0.06     8.74    0.00      0.00     0.00   0.00    0.00     0.00    0.00    0.00    0.58  12.00
nvme0n1p4        0.00      0.00     0.00   0.00    0.00     0.00 10205.00  87128.00     0.00   0.00    0.06     8.54    0.00      0.00     0.00   0.00    0.00     0.00    0.00    0.00    0.61  17.30
nvme0n1p5        0.00      0.00     0.00   0.00    0.00     0.00 10081.00  86880.00     0.00   0.00    0.06     8.62    0.00      0.00     0.00   0.00    0.00     0.00    0.00    0.00    0.59  16.10


avg-cpu:  %user   %nice %system %iowait  %steal   %idle
          75.43    0.00   10.12    0.85    0.00   13.61

Device            r/s     rkB/s   rrqm/s  %rrqm r_await rareq-sz     w/s     wkB/s   wrqm/s  %wrqm w_await wareq-sz     d/s     dkB/s   drqm/s  %drqm d_await dareq-sz     f/s f_await  aqu-sz  %util
nvme0n1p3        0.00      0.00     0.00   0.00    0.00     0.00 8994.00  77644.00     0.00   0.00    0.06     8.63    0.00      0.00     0.00   0.00    0.00     0.00    0.00    0.00    0.53  14.80
nvme0n1p4        0.00      0.00     0.00   0.00    0.00     0.00 9138.00  77448.00     0.00   0.00    0.06     8.48    0.00      0.00     0.00   0.00    0.00     0.00    0.00    0.00    0.55  14.50
nvme0n1p5        0.00      0.00     0.00   0.00    0.00     0.00 8985.00  76908.00     0.00   0.00    0.06     8.56    0.00      0.00     0.00   0.00    0.00     0.00    0.00    0.00    0.56  13.80


avg-cpu:  %user   %nice %system %iowait  %steal   %idle
          82.78    0.00    6.92    0.59    0.00    9.70

Device            r/s     rkB/s   rrqm/s  %rrqm r_await rareq-sz     w/s     wkB/s   wrqm/s  %wrqm w_await wareq-sz     d/s     dkB/s   drqm/s  %drqm d_await dareq-sz     f/s f_await  aqu-sz  %util
nvme0n1p3        0.00      0.00     0.00   0.00    0.00     0.00 6505.00  56208.00     0.00   0.00    0.07     8.64    0.00      0.00     0.00   0.00    0.00     0.00    0.00    0.00    0.45   8.10
nvme0n1p4        0.00      0.00     0.00   0.00    0.00     0.00 6807.00  57244.00     0.00   0.00    0.07     8.41    0.00      0.00     0.00   0.00    0.00     0.00    0.00    0.00    0.44  11.90
nvme0n1p5        0.00      0.00     0.00   0.00    0.00     0.00 6533.00  56212.00     0.00   0.00    0.07     8.60    0.00      0.00     0.00   0.00    0.00     0.00    0.00    0.00    0.44   8.90


avg-cpu:  %user   %nice %system %iowait  %steal   %idle
          77.66    0.00    9.60    0.76    0.00   11.98

Device            r/s     rkB/s   rrqm/s  %rrqm r_await rareq-sz     w/s     wkB/s   wrqm/s  %wrqm w_await wareq-sz     d/s     dkB/s   drqm/s  %drqm d_await dareq-sz     f/s f_await  aqu-sz  %util
nvme0n1p3        0.00      0.00     0.00   0.00    0.00     0.00 8609.00  73824.00     0.00   0.00    0.06     8.58    0.00      0.00     0.00   0.00    0.00     0.00    0.00    0.00    0.52  11.90
nvme0n1p4        0.00      0.00     0.00   0.00    0.00     0.00 8642.00  73664.00     0.00   0.00    0.06     8.52    0.00      0.00     0.00   0.00    0.00     0.00    0.00    0.00    0.53  14.30
nvme0n1p5        0.00      0.00     0.00   0.00    0.00     0.00 8528.00  73596.00     0.00   0.00    0.06     8.63    0.00      0.00     0.00   0.00    0.00     0.00    0.00    0.00    0.52  12.30


avg-cpu:  %user   %nice %system %iowait  %steal   %idle
          48.37    0.00    6.11    0.42    0.00   45.10

Device            r/s     rkB/s   rrqm/s  %rrqm r_await rareq-sz     w/s     wkB/s   wrqm/s  %wrqm w_await wareq-sz     d/s     dkB/s   drqm/s  %drqm d_await dareq-sz     f/s f_await  aqu-sz  %util
nvme0n1p3        0.00      0.00     0.00   0.00    0.00     0.00 4420.00  38004.00     0.00   0.00    0.06     8.60    0.00      0.00     0.00   0.00    0.00     0.00    0.00    0.00    0.25   6.00
nvme0n1p4        0.00      0.00     0.00   0.00    0.00     0.00 4462.00  38300.00     0.00   0.00    0.06     8.58    0.00      0.00     0.00   0.00    0.00     0.00    0.00    0.00    0.29   6.10
nvme0n1p5        0.00      0.00     0.00   0.00    0.00     0.00 4523.00  38648.00     0.00   0.00    0.07     8.54    0.00      0.00     0.00   0.00    0.00     0.00    0.00    0.00    0.31   8.20


avg-cpu:  %user   %nice %system %iowait  %steal   %idle
          21.46    0.00    3.60    0.17    0.00   74.77

Device            r/s     rkB/s   rrqm/s  %rrqm r_await rareq-sz     w/s     wkB/s   wrqm/s  %wrqm w_await wareq-sz     d/s     dkB/s   drqm/s  %drqm d_await dareq-sz     f/s f_await  aqu-sz  %util
nvme0n1p3        0.00      0.00     0.00   0.00    0.00     0.00    0.00      0.00     0.00   0.00    0.00     0.00    0.00      0.00     0.00   0.00    0.00     0.00    0.00    0.00    0.00   0.00
nvme0n1p4        0.00      0.00     0.00   0.00    0.00     0.00    0.00      0.00     0.00   0.00    0.00     0.00    0.00      0.00     0.00   0.00    0.00     0.00    0.00    0.00    0.00   0.00
nvme0n1p5        0.00      0.00     0.00   0.00    0.00     0.00    0.00      0.00     0.00   0.00    0.00     0.00    0.00      0.00     0.00   0.00    0.00     0.00    0.00    0.00    0.00   0.00


avg-cpu:  %user   %nice %system %iowait  %steal   %idle
          14.85    0.00    3.25    0.08    0.00   81.82

Device            r/s     rkB/s   rrqm/s  %rrqm r_await rareq-sz     w/s     wkB/s   wrqm/s  %wrqm w_await wareq-sz     d/s     dkB/s   drqm/s  %drqm d_await dareq-sz     f/s f_await  aqu-sz  %util
nvme0n1p3        0.00      0.00     0.00   0.00    0.00     0.00    0.00      0.00     0.00   0.00    0.00     0.00    0.00      0.00     0.00   0.00    0.00     0.00    0.00    0.00    0.00   0.00
nvme0n1p4        0.00      0.00     0.00   0.00    0.00     0.00    0.00      0.00     0.00   0.00    0.00     0.00    0.00      0.00     0.00   0.00    0.00     0.00    0.00    0.00    0.00   0.00
nvme0n1p5        0.00      0.00     0.00   0.00    0.00     0.00    0.00      0.00     0.00   0.00    0.00     0.00    0.00      0.00     0.00   0.00    0.00     0.00    0.00    0.00    0.00   0.00


avg-cpu:  %user   %nice %system %iowait  %steal   %idle
          24.56    0.00    7.85    0.50    0.00   67.08

Device            r/s     rkB/s   rrqm/s  %rrqm r_await rareq-sz     w/s     wkB/s   wrqm/s  %wrqm w_await wareq-sz     d/s     dkB/s   drqm/s  %drqm d_await dareq-sz     f/s f_await  aqu-sz  %util
nvme0n1p3        0.00      0.00     0.00   0.00    0.00     0.00    0.00      0.00     0.00   0.00    0.00     0.00    0.00      0.00     0.00   0.00    0.00     0.00    0.00    0.00    0.00   0.00
nvme0n1p4        5.00    516.00     0.00   0.00    0.20   103.20    0.00      0.00     0.00   0.00    0.00     0.00    0.00      0.00     0.00   0.00    0.00     0.00    0.00    0.00    0.00   0.00
nvme0n1p5        5.00    516.00     0.00   0.00    0.20   103.20    0.00      0.00     0.00   0.00    0.00     0.00    0.00      0.00     0.00   0.00    0.00     0.00    0.00    0.00    0.00   0.00


avg-cpu:  %user   %nice %system %iowait  %steal   %idle
          25.87    0.00    6.53    0.42    0.00   67.18

Device            r/s     rkB/s   rrqm/s  %rrqm r_await rareq-sz     w/s     wkB/s   wrqm/s  %wrqm w_await wareq-sz     d/s     dkB/s   drqm/s  %drqm d_await dareq-sz     f/s f_await  aqu-sz  %util
nvme0n1p3      218.00    872.00     0.00   0.00    0.08     4.00    2.00     12.00     0.00   0.00    0.00     6.00    0.00      0.00     0.00   0.00    0.00     0.00    0.00    0.00    0.02   1.20
nvme0n1p4      220.00   1128.00     0.00   0.00    0.08     5.13    4.00     20.00     0.00   0.00    0.00     5.00    0.00      0.00     0.00   0.00    0.00     0.00    0.00    0.00    0.02   1.60
nvme0n1p5      276.00   1352.00     0.00   0.00    0.07     4.90   24.00    100.00     0.00   0.00    0.04     4.17    0.00      0.00     0.00   0.00    0.00     0.00    0.00    0.00    0.02   1.60


avg-cpu:  %user   %nice %system %iowait  %steal   %idle
          49.96    0.00   35.32    0.00    0.00   14.72

Device            r/s     rkB/s   rrqm/s  %rrqm r_await rareq-sz     w/s     wkB/s   wrqm/s  %wrqm w_await wareq-sz     d/s     dkB/s   drqm/s  %drqm d_await dareq-sz     f/s f_await  aqu-sz  %util
nvme0n1p3     8534.00  34136.00     0.00   0.00    0.05     4.00    0.00      0.00     0.00   0.00    0.00     0.00    0.00      0.00     0.00   0.00    0.00     0.00    0.00    0.00    0.43  32.50
nvme0n1p4     7330.00  29320.00     0.00   0.00    0.05     4.00    0.00      0.00     0.00   0.00    0.00     0.00    0.00      0.00     0.00   0.00    0.00     0.00    0.00    0.00    0.36  27.60
nvme0n1p5     11191.00  44764.00     0.00   0.00    0.05     4.00    0.00      0.00     0.00   0.00    0.00     0.00    0.00      0.00     0.00   0.00    0.00     0.00    0.00    0.00    0.55  38.80


avg-cpu:  %user   %nice %system %iowait  %steal   %idle
          49.92    0.00   35.23    0.00    0.00   14.86

Device            r/s     rkB/s   rrqm/s  %rrqm r_await rareq-sz     w/s     wkB/s   wrqm/s  %wrqm w_await wareq-sz     d/s     dkB/s   drqm/s  %drqm d_await dareq-sz     f/s f_await  aqu-sz  %util
nvme0n1p3     8902.00  35608.00     0.00   0.00    0.05     4.00    0.00      0.00     0.00   0.00    0.00     0.00    0.00      0.00     0.00   0.00    0.00     0.00    0.00    0.00    0.46  36.40
nvme0n1p4     7798.00  31192.00     0.00   0.00    0.05     4.00    0.00      0.00     0.00   0.00    0.00     0.00    0.00      0.00     0.00   0.00    0.00     0.00    0.00    0.00    0.39  32.30
nvme0n1p5     11784.00  47136.00     0.00   0.00    0.05     4.00    0.00      0.00     0.00   0.00    0.00     0.00    0.00      0.00     0.00   0.00    0.00     0.00    0.00    0.00    0.58  43.50


avg-cpu:  %user   %nice %system %iowait  %steal   %idle
          51.27    0.00   32.51    0.00    0.00   16.21

Device            r/s     rkB/s   rrqm/s  %rrqm r_await rareq-sz     w/s     wkB/s   wrqm/s  %wrqm w_await wareq-sz     d/s     dkB/s   drqm/s  %drqm d_await dareq-sz     f/s f_await  aqu-sz  %util
nvme0n1p3     7778.00  31112.00     0.00   0.00    0.05     4.00    0.00      0.00     0.00   0.00    0.00     0.00    0.00      0.00     0.00   0.00    0.00     0.00    0.00    0.00    0.40  30.40
nvme0n1p4     6637.00  26548.00     0.00   0.00    0.05     4.00    0.00      0.00     0.00   0.00    0.00     0.00    0.00      0.00     0.00   0.00    0.00     0.00    0.00    0.00    0.33  26.30
nvme0n1p5     10673.00  42692.00     0.00   0.00    0.05     4.00    0.00      0.00     0.00   0.00    0.00     0.00    0.00      0.00     0.00   0.00    0.00     0.00    0.00    0.00    0.53  42.90


avg-cpu:  %user   %nice %system %iowait  %steal   %idle
          50.60    0.00   33.50    0.09    0.00   15.82

Device            r/s     rkB/s   rrqm/s  %rrqm r_await rareq-sz     w/s     wkB/s   wrqm/s  %wrqm w_await wareq-sz     d/s     dkB/s   drqm/s  %drqm d_await dareq-sz     f/s f_await  aqu-sz  %util
nvme0n1p3     8263.00  33052.00     0.00   0.00    0.05     4.00    0.00      0.00     0.00   0.00    0.00     0.00    0.00      0.00     0.00   0.00    0.00     0.00    0.00    0.00    0.42  33.00
nvme0n1p4     7049.00  28196.00     0.00   0.00    0.05     4.00    0.00      0.00     0.00   0.00    0.00     0.00    0.00      0.00     0.00   0.00    0.00     0.00    0.00    0.00    0.35  28.80
nvme0n1p5     10750.00  43000.00     0.00   0.00    0.05     4.00    0.00      0.00     0.00   0.00    0.00     0.00    0.00      0.00     0.00   0.00    0.00     0.00    0.00    0.00    0.53  41.90


avg-cpu:  %user   %nice %system %iowait  %steal   %idle
          46.10    0.00   37.97    0.00    0.00   15.93

Device            r/s     rkB/s   rrqm/s  %rrqm r_await rareq-sz     w/s     wkB/s   wrqm/s  %wrqm w_await wareq-sz     d/s     dkB/s   drqm/s  %drqm d_await dareq-sz     f/s f_await  aqu-sz  %util
nvme0n1p3     7802.00  31208.00     0.00   0.00    0.05     4.00    0.00      0.00     0.00   0.00    0.00     0.00    0.00      0.00     0.00   0.00    0.00     0.00    0.00    0.00    0.40  31.90
nvme0n1p4     6586.00  26344.00     0.00   0.00    0.05     4.00    0.00      0.00     0.00   0.00    0.00     0.00    0.00      0.00     0.00   0.00    0.00     0.00    0.00    0.00    0.33  26.70
nvme0n1p5     10286.00  41144.00     0.00   0.00    0.05     4.00    0.00      0.00     0.00   0.00    0.00     0.00    0.00      0.00     0.00   0.00    0.00     0.00    0.00    0.00    0.50  39.10


avg-cpu:  %user   %nice %system %iowait  %steal   %idle
          50.26    0.00   32.28    0.00    0.00   17.46

Device            r/s     rkB/s   rrqm/s  %rrqm r_await rareq-sz     w/s     wkB/s   wrqm/s  %wrqm w_await wareq-sz     d/s     dkB/s   drqm/s  %drqm d_await dareq-sz     f/s f_await  aqu-sz  %util
nvme0n1p3     6609.00  26436.00     0.00   0.00    0.05     4.00    8.00     32.00     0.00   0.00    0.12     4.00    0.00      0.00     0.00   0.00    0.00     0.00    0.00    0.00    0.35  29.80
nvme0n1p4     5580.00  22320.00     0.00   0.00    0.05     4.00    8.00     32.00     0.00   0.00    0.12     4.00    0.00      0.00     0.00   0.00    0.00     0.00    0.00    0.00    0.28  25.70
nvme0n1p5     8613.00  34452.00     0.00   0.00    0.05     4.00    8.00     32.00     0.00   0.00    0.12     4.00    0.00      0.00     0.00   0.00    0.00     0.00    0.00    0.00    0.43  31.40


avg-cpu:  %user   %nice %system %iowait  %steal   %idle
          48.30    0.00   32.45    0.09    0.00   19.17

Device            r/s     rkB/s   rrqm/s  %rrqm r_await rareq-sz     w/s     wkB/s   wrqm/s  %wrqm w_await wareq-sz     d/s     dkB/s   drqm/s  %drqm d_await dareq-sz     f/s f_await  aqu-sz  %util
nvme0n1p3     7212.00  28848.00     0.00   0.00    0.05     4.00    0.00      0.00     0.00   0.00    0.00     0.00    0.00      0.00     0.00   0.00    0.00     0.00    0.00    0.00    0.37  33.30
nvme0n1p4     6177.00  24708.00     0.00   0.00    0.05     4.00    0.00      0.00     0.00   0.00    0.00     0.00    0.00      0.00     0.00   0.00    0.00     0.00    0.00    0.00    0.31  25.20
nvme0n1p5     9590.00  38360.00     0.00   0.00    0.05     4.00    0.00      0.00     0.00   0.00    0.00     0.00    0.00      0.00     0.00   0.00    0.00     0.00    0.00    0.00    0.47  36.30


avg-cpu:  %user   %nice %system %iowait  %steal   %idle
          46.05    0.00   36.02    0.00    0.00   17.93

Device            r/s     rkB/s   rrqm/s  %rrqm r_await rareq-sz     w/s     wkB/s   wrqm/s  %wrqm w_await wareq-sz     d/s     dkB/s   drqm/s  %drqm d_await dareq-sz     f/s f_await  aqu-sz  %util
nvme0n1p3     8871.00  35484.00     0.00   0.00    0.05     4.00    0.00      0.00     0.00   0.00    0.00     0.00    0.00      0.00     0.00   0.00    0.00     0.00    0.00    0.00    0.45  33.90
nvme0n1p4     7852.00  31408.00     0.00   0.00    0.05     4.00    0.00      0.00     0.00   0.00    0.00     0.00    0.00      0.00     0.00   0.00    0.00     0.00    0.00    0.00    0.39  32.50
nvme0n1p5     12017.00  48068.00     0.00   0.00    0.05     4.00    0.00      0.00     0.00   0.00    0.00     0.00    0.00      0.00     0.00   0.00    0.00     0.00    0.00    0.00    0.59  41.80


avg-cpu:  %user   %nice %system %iowait  %steal   %idle
          47.54    0.00   36.53    0.00    0.00   15.93

Device            r/s     rkB/s   rrqm/s  %rrqm r_await rareq-sz     w/s     wkB/s   wrqm/s  %wrqm w_await wareq-sz     d/s     dkB/s   drqm/s  %drqm d_await dareq-sz     f/s f_await  aqu-sz  %util
nvme0n1p3     8774.00  35096.00     0.00   0.00    0.05     4.00    2.00     12.00     0.00   0.00    0.00     6.00    0.00      0.00     0.00   0.00    0.00     0.00    0.00    0.00    0.44  33.30
nvme0n1p4     7712.00  30848.00     0.00   0.00    0.05     4.00    2.00     12.00     0.00   0.00    0.00     6.00    0.00      0.00     0.00   0.00    0.00     0.00    0.00    0.00    0.38  29.20
nvme0n1p5     11676.00  46704.00     0.00   0.00    0.05     4.00    2.00     12.00     0.00   0.00    0.00     6.00    0.00      0.00     0.00   0.00    0.00     0.00    0.00    0.00    0.57  42.60


avg-cpu:  %user   %nice %system %iowait  %steal   %idle
          50.26    0.00   33.50    0.00    0.00   16.24

Device            r/s     rkB/s   rrqm/s  %rrqm r_await rareq-sz     w/s     wkB/s   wrqm/s  %wrqm w_await wareq-sz     d/s     dkB/s   drqm/s  %drqm d_await dareq-sz     f/s f_await  aqu-sz  %util
nvme0n1p3     7843.00  31372.00     0.00   0.00    0.05     4.00    0.00      0.00     0.00   0.00    0.00     0.00    0.00      0.00     0.00   0.00    0.00     0.00    0.00    0.00    0.40  30.00
nvme0n1p4     6714.00  26856.00     0.00   0.00    0.05     4.00    0.00      0.00     0.00   0.00    0.00     0.00    0.00      0.00     0.00   0.00    0.00     0.00    0.00    0.00    0.33  26.10
nvme0n1p5     10235.00  40940.00     0.00   0.00    0.05     4.00    0.00      0.00     0.00   0.00    0.00     0.00    0.00      0.00     0.00   0.00    0.00     0.00    0.00    0.00    0.51  39.90


avg-cpu:  %user   %nice %system %iowait  %steal   %idle
          49.53    0.00   35.88    0.08    0.00   14.50

Device            r/s     rkB/s   rrqm/s  %rrqm r_await rareq-sz     w/s     wkB/s   wrqm/s  %wrqm w_await wareq-sz     d/s     dkB/s   drqm/s  %drqm d_await dareq-sz     f/s f_await  aqu-sz  %util
nvme0n1p3     8977.00  35908.00     0.00   0.00    0.05     4.00    4.00     12.00     0.00   0.00    0.00     3.00    0.00      0.00     0.00   0.00    0.00     0.00    0.00    0.00    0.46  35.60
nvme0n1p4     7553.00  30212.00     0.00   0.00    0.05     4.00    4.00     12.00     0.00   0.00    0.00     3.00    0.00      0.00     0.00   0.00    0.00     0.00    0.00    0.00    0.38  30.30
nvme0n1p5     11762.00  47048.00     0.00   0.00    0.05     4.00    4.00     12.00     0.00   0.00    0.00     3.00    0.00      0.00     0.00   0.00    0.00     0.00    0.00    0.00    0.58  42.60


avg-cpu:  %user   %nice %system %iowait  %steal   %idle
          46.77    0.00   36.86    0.00    0.00   16.37

Device            r/s     rkB/s   rrqm/s  %rrqm r_await rareq-sz     w/s     wkB/s   wrqm/s  %wrqm w_await wareq-sz     d/s     dkB/s   drqm/s  %drqm d_await dareq-sz     f/s f_await  aqu-sz  %util
nvme0n1p3     8307.00  33228.00     0.00   0.00    0.05     4.00    1.00      4.00     0.00   0.00    0.00     4.00    0.00      0.00     0.00   0.00    0.00     0.00    0.00    0.00    0.42  30.70
nvme0n1p4     7180.00  28720.00     0.00   0.00    0.05     4.00    1.00      4.00     0.00   0.00    0.00     4.00    0.00      0.00     0.00   0.00    0.00     0.00    0.00    0.00    0.36  28.40
nvme0n1p5     11396.00  45584.00     0.00   0.00    0.05     4.00    1.00      4.00     0.00   0.00    0.00     4.00    0.00      0.00     0.00   0.00    0.00     0.00    0.00    0.00    0.57  41.70


avg-cpu:  %user   %nice %system %iowait  %steal   %idle
          47.93    0.00   35.56    0.00    0.00   16.51

Device            r/s     rkB/s   rrqm/s  %rrqm r_await rareq-sz     w/s     wkB/s   wrqm/s  %wrqm w_await wareq-sz     d/s     dkB/s   drqm/s  %drqm d_await dareq-sz     f/s f_await  aqu-sz  %util
nvme0n1p3     7922.00  31688.00     0.00   0.00    0.05     4.00    0.00      0.00     0.00   0.00    0.00     0.00    0.00      0.00     0.00   0.00    0.00     0.00    0.00    0.00    0.40  31.20
nvme0n1p4     6795.00  27180.00     0.00   0.00    0.05     4.00    0.00      0.00     0.00   0.00    0.00     0.00    0.00      0.00     0.00   0.00    0.00     0.00    0.00    0.00    0.34  30.30
nvme0n1p5     10381.00  41524.00     0.00   0.00    0.05     4.00    0.00      0.00     0.00   0.00    0.00     0.00    0.00      0.00     0.00   0.00    0.00     0.00    0.00    0.00    0.51  36.80


avg-cpu:  %user   %nice %system %iowait  %steal   %idle
          52.22    0.00   32.02    0.00    0.00   15.76

Device            r/s     rkB/s   rrqm/s  %rrqm r_await rareq-sz     w/s     wkB/s   wrqm/s  %wrqm w_await wareq-sz     d/s     dkB/s   drqm/s  %drqm d_await dareq-sz     f/s f_await  aqu-sz  %util
nvme0n1p3     7901.00  31604.00     0.00   0.00    0.05     4.00    0.00      0.00     0.00   0.00    0.00     0.00    0.00      0.00     0.00   0.00    0.00     0.00    0.00    0.00    0.41  30.70
nvme0n1p4     6748.00  26992.00     0.00   0.00    0.05     4.00    0.00      0.00     0.00   0.00    0.00     0.00    0.00      0.00     0.00   0.00    0.00     0.00    0.00    0.00    0.34  26.40
nvme0n1p5     10483.00  41932.00     0.00   0.00    0.05     4.00    0.00      0.00     0.00   0.00    0.00     0.00    0.00      0.00     0.00   0.00    0.00     0.00    0.00    0.00    0.52  38.30


avg-cpu:  %user   %nice %system %iowait  %steal   %idle
          47.88    0.00   35.45    0.08    0.00   16.58

Device            r/s     rkB/s   rrqm/s  %rrqm r_await rareq-sz     w/s     wkB/s   wrqm/s  %wrqm w_await wareq-sz     d/s     dkB/s   drqm/s  %drqm d_await dareq-sz     f/s f_await  aqu-sz  %util
nvme0n1p3     7799.00  31196.00     0.00   0.00    0.05     4.00    0.00      0.00     0.00   0.00    0.00     0.00    0.00      0.00     0.00   0.00    0.00     0.00    0.00    0.00    0.40  29.10
nvme0n1p4     6812.00  27248.00     0.00   0.00    0.05     4.00    0.00      0.00     0.00   0.00    0.00     0.00    0.00      0.00     0.00   0.00    0.00     0.00    0.00    0.00    0.34  29.30
nvme0n1p5     10481.00  41924.00     0.00   0.00    0.05     4.00    0.00      0.00     0.00   0.00    0.00     0.00    0.00      0.00     0.00   0.00    0.00     0.00    0.00    0.00    0.52  39.70


avg-cpu:  %user   %nice %system %iowait  %steal   %idle
          46.32    0.00   37.51    0.00    0.00   16.17

Device            r/s     rkB/s   rrqm/s  %rrqm r_await rareq-sz     w/s     wkB/s   wrqm/s  %wrqm w_await wareq-sz     d/s     dkB/s   drqm/s  %drqm d_await dareq-sz     f/s f_await  aqu-sz  %util
nvme0n1p3     8224.00  32896.00     0.00   0.00    0.05     4.00    0.00      0.00     0.00   0.00    0.00     0.00    0.00      0.00     0.00   0.00    0.00     0.00    0.00    0.00    0.42  30.50
nvme0n1p4     7179.00  28716.00     0.00   0.00    0.05     4.00    0.00      0.00     0.00   0.00    0.00     0.00    0.00      0.00     0.00   0.00    0.00     0.00    0.00    0.00    0.36  31.60
nvme0n1p5     10727.00  42908.00     0.00   0.00    0.05     4.00    0.00      0.00     0.00   0.00    0.00     0.00    0.00      0.00     0.00   0.00    0.00     0.00    0.00    0.00    0.53  40.30


avg-cpu:  %user   %nice %system %iowait  %steal   %idle
          47.20    0.00   37.52    0.00    0.00   15.28

Device            r/s     rkB/s   rrqm/s  %rrqm r_await rareq-sz     w/s     wkB/s   wrqm/s  %wrqm w_await wareq-sz     d/s     dkB/s   drqm/s  %drqm d_await dareq-sz     f/s f_await  aqu-sz  %util
nvme0n1p3     8836.00  35344.00     0.00   0.00    0.05     4.00    0.00      0.00     0.00   0.00    0.00     0.00    0.00      0.00     0.00   0.00    0.00     0.00    0.00    0.00    0.45  33.90
nvme0n1p4     7263.00  29052.00     0.00   0.00    0.05     4.00    0.00      0.00     0.00   0.00    0.00     0.00    0.00      0.00     0.00   0.00    0.00     0.00    0.00    0.00    0.36  28.00
nvme0n1p5     11225.00  44900.00     0.00   0.00    0.05     4.00    0.00      0.00     0.00   0.00    0.00     0.00    0.00      0.00     0.00   0.00    0.00     0.00    0.00    0.00    0.56  39.20


avg-cpu:  %user   %nice %system %iowait  %steal   %idle
          48.26    0.00   36.41    0.00    0.00   15.33

Device            r/s     rkB/s   rrqm/s  %rrqm r_await rareq-sz     w/s     wkB/s   wrqm/s  %wrqm w_await wareq-sz     d/s     dkB/s   drqm/s  %drqm d_await dareq-sz     f/s f_await  aqu-sz  %util
nvme0n1p3     8562.00  34248.00     0.00   0.00    0.05     4.00    0.00      0.00     0.00   0.00    0.00     0.00    0.00      0.00     0.00   0.00    0.00     0.00    0.00    0.00    0.43  32.90
nvme0n1p4     7474.00  29896.00     0.00   0.00    0.05     4.00    0.00      0.00     0.00   0.00    0.00     0.00    0.00      0.00     0.00   0.00    0.00     0.00    0.00    0.00    0.37  29.50
nvme0n1p5     11397.00  45588.00     0.00   0.00    0.05     4.00    0.00      0.00     0.00   0.00    0.00     0.00    0.00      0.00     0.00   0.00    0.00     0.00    0.00    0.00    0.56  41.00


avg-cpu:  %user   %nice %system %iowait  %steal   %idle
          48.47    0.00   36.22    0.00    0.00   15.31

Device            r/s     rkB/s   rrqm/s  %rrqm r_await rareq-sz     w/s     wkB/s   wrqm/s  %wrqm w_await wareq-sz     d/s     dkB/s   drqm/s  %drqm d_await dareq-sz     f/s f_await  aqu-sz  %util
nvme0n1p3     9672.00  38688.00     0.00   0.00    0.05     4.00    0.00      0.00     0.00   0.00    0.00     0.00    0.00      0.00     0.00   0.00    0.00     0.00    0.00    0.00    0.48  36.00
nvme0n1p4     7989.00  31956.00     0.00   0.00    0.05     4.00    0.00      0.00     0.00   0.00    0.00     0.00    0.00      0.00     0.00   0.00    0.00     0.00    0.00    0.00    0.39  28.90
nvme0n1p5     12499.00  49996.00     0.00   0.00    0.05     4.00    0.00      0.00     0.00   0.00    0.00     0.00    0.00      0.00     0.00   0.00    0.00     0.00    0.00    0.00    0.61  44.60


avg-cpu:  %user   %nice %system %iowait  %steal   %idle
          47.20    0.00   37.18    0.08    0.00   15.53

Device            r/s     rkB/s   rrqm/s  %rrqm r_await rareq-sz     w/s     wkB/s   wrqm/s  %wrqm w_await wareq-sz     d/s     dkB/s   drqm/s  %drqm d_await dareq-sz     f/s f_await  aqu-sz  %util
nvme0n1p3     8800.00  35200.00     0.00   0.00    0.05     4.00    0.00      0.00     0.00   0.00    0.00     0.00    0.00      0.00     0.00   0.00    0.00     0.00    0.00    0.00    0.46  35.30
nvme0n1p4     7695.00  30780.00     0.00   0.00    0.05     4.00    0.00      0.00     0.00   0.00    0.00     0.00    0.00      0.00     0.00   0.00    0.00     0.00    0.00    0.00    0.39  32.10
nvme0n1p5     11665.00  46660.00     0.00   0.00    0.05     4.00    0.00      0.00     0.00   0.00    0.00     0.00    0.00      0.00     0.00   0.00    0.00     0.00    0.00    0.00    0.59  42.20


avg-cpu:  %user   %nice %system %iowait  %steal   %idle
          45.70    0.00   37.70    0.00    0.00   16.60

Device            r/s     rkB/s   rrqm/s  %rrqm r_await rareq-sz     w/s     wkB/s   wrqm/s  %wrqm w_await wareq-sz     d/s     dkB/s   drqm/s  %drqm d_await dareq-sz     f/s f_await  aqu-sz  %util
nvme0n1p3     8951.00  35804.00     0.00   0.00    0.05     4.00    0.00      0.00     0.00   0.00    0.00     0.00    0.00      0.00     0.00   0.00    0.00     0.00    0.00    0.00    0.47  34.90
nvme0n1p4     7314.00  29256.00     0.00   0.00    0.05     4.00    0.00      0.00     0.00   0.00    0.00     0.00    0.00      0.00     0.00   0.00    0.00     0.00    0.00    0.00    0.38  34.90
nvme0n1p5     11562.00  46248.00     0.00   0.00    0.05     4.00    0.00      0.00     0.00   0.00    0.00     0.00    0.00      0.00     0.00   0.00    0.00     0.00    0.00    0.00    0.60  46.30


avg-cpu:  %user   %nice %system %iowait  %steal   %idle
          48.01    0.00   36.47    0.00    0.00   15.52

Device            r/s     rkB/s   rrqm/s  %rrqm r_await rareq-sz     w/s     wkB/s   wrqm/s  %wrqm w_await wareq-sz     d/s     dkB/s   drqm/s  %drqm d_await dareq-sz     f/s f_await  aqu-sz  %util
nvme0n1p3     8931.00  35724.00     0.00   0.00    0.05     4.00    0.00      0.00     0.00   0.00    0.00     0.00    0.00      0.00     0.00   0.00    0.00     0.00    0.00    0.00    0.48  34.50
nvme0n1p4     7636.00  30544.00     0.00   0.00    0.05     4.00    0.00      0.00     0.00   0.00    0.00     0.00    0.00      0.00     0.00   0.00    0.00     0.00    0.00    0.00    0.41  32.40
nvme0n1p5     11723.00  46892.00     0.00   0.00    0.05     4.00    0.00      0.00     0.00   0.00    0.00     0.00    0.00      0.00     0.00   0.00    0.00     0.00    0.00    0.00    0.63  47.80


avg-cpu:  %user   %nice %system %iowait  %steal   %idle
          46.67    0.00   37.05    0.00    0.00   16.29

Device            r/s     rkB/s   rrqm/s  %rrqm r_await rareq-sz     w/s     wkB/s   wrqm/s  %wrqm w_await wareq-sz     d/s     dkB/s   drqm/s  %drqm d_await dareq-sz     f/s f_await  aqu-sz  %util
nvme0n1p3     7394.00  29576.00     0.00   0.00    0.05     4.00    0.00      0.00     0.00   0.00    0.00     0.00    0.00      0.00     0.00   0.00    0.00     0.00    0.00    0.00    0.40  33.00
nvme0n1p4     6481.00  25924.00     0.00   0.00    0.05     4.00    0.00      0.00     0.00   0.00    0.00     0.00    0.00      0.00     0.00   0.00    0.00     0.00    0.00    0.00    0.35  28.60
nvme0n1p5     9977.00  39908.00     0.00   0.00    0.05     4.00    0.00      0.00     0.00   0.00    0.00     0.00    0.00      0.00     0.00   0.00    0.00     0.00    0.00    0.00    0.54  38.50


avg-cpu:  %user   %nice %system %iowait  %steal   %idle
          48.09    0.00   34.41    0.08    0.00   17.42

Device            r/s     rkB/s   rrqm/s  %rrqm r_await rareq-sz     w/s     wkB/s   wrqm/s  %wrqm w_await wareq-sz     d/s     dkB/s   drqm/s  %drqm d_await dareq-sz     f/s f_await  aqu-sz  %util
nvme0n1p3     7452.00  29808.00     0.00   0.00    0.05     4.00    0.00      0.00     0.00   0.00    0.00     0.00    0.00      0.00     0.00   0.00    0.00     0.00    0.00    0.00    0.40  34.10
nvme0n1p4     6229.00  24916.00     0.00   0.00    0.05     4.00    0.00      0.00     0.00   0.00    0.00     0.00    0.00      0.00     0.00   0.00    0.00     0.00    0.00    0.00    0.34  27.10
nvme0n1p5     9690.00  38760.00     0.00   0.00    0.05     4.00    0.00      0.00     0.00   0.00    0.00     0.00    0.00      0.00     0.00   0.00    0.00     0.00    0.00    0.00    0.53  37.30


avg-cpu:  %user   %nice %system %iowait  %steal   %idle
          51.18    0.00   31.87    0.00    0.00   16.95

Device            r/s     rkB/s   rrqm/s  %rrqm r_await rareq-sz     w/s     wkB/s   wrqm/s  %wrqm w_await wareq-sz     d/s     dkB/s   drqm/s  %drqm d_await dareq-sz     f/s f_await  aqu-sz  %util
nvme0n1p3     7564.00  30256.00     0.00   0.00    0.05     4.00    0.00      0.00     0.00   0.00    0.00     0.00    0.00      0.00     0.00   0.00    0.00     0.00    0.00    0.00    0.41  29.30
nvme0n1p4     6642.00  26568.00     0.00   0.00    0.05     4.00    0.00      0.00     0.00   0.00    0.00     0.00    0.00      0.00     0.00   0.00    0.00     0.00    0.00    0.00    0.36  30.10
nvme0n1p5     10280.00  41120.00     0.00   0.00    0.05     4.00    0.00      0.00     0.00   0.00    0.00     0.00    0.00      0.00     0.00   0.00    0.00     0.00    0.00    0.00    0.56  39.30


avg-cpu:  %user   %nice %system %iowait  %steal   %idle
          51.68    0.00   32.32    0.00    0.00   15.99

Device            r/s     rkB/s   rrqm/s  %rrqm r_await rareq-sz     w/s     wkB/s   wrqm/s  %wrqm w_await wareq-sz     d/s     dkB/s   drqm/s  %drqm d_await dareq-sz     f/s f_await  aqu-sz  %util
nvme0n1p3     7261.00  29044.00     0.00   0.00    0.05     4.00    0.00      0.00     0.00   0.00    0.00     0.00    0.00      0.00     0.00   0.00    0.00     0.00    0.00    0.00    0.40  30.40
nvme0n1p4     6269.00  25076.00     0.00   0.00    0.05     4.00    0.00      0.00     0.00   0.00    0.00     0.00    0.00      0.00     0.00   0.00    0.00     0.00    0.00    0.00    0.34  28.70
nvme0n1p5     9619.00  38476.00     0.00   0.00    0.05     4.00    0.00      0.00     0.00   0.00    0.00     0.00    0.00      0.00     0.00   0.00    0.00     0.00    0.00    0.00    0.52  37.90


avg-cpu:  %user   %nice %system %iowait  %steal   %idle
          59.66    0.00   25.57    0.00    0.00   14.77

Device            r/s     rkB/s   rrqm/s  %rrqm r_await rareq-sz     w/s     wkB/s   wrqm/s  %wrqm w_await wareq-sz     d/s     dkB/s   drqm/s  %drqm d_await dareq-sz     f/s f_await  aqu-sz  %util
nvme0n1p3     7221.00  28884.00     0.00   0.00    0.05     4.00    0.00      0.00     0.00   0.00    0.00     0.00    0.00      0.00     0.00   0.00    0.00     0.00    0.00    0.00    0.40  30.10
nvme0n1p4     6188.00  24752.00     0.00   0.00    0.05     4.00    0.00      0.00     0.00   0.00    0.00     0.00    0.00      0.00     0.00   0.00    0.00     0.00    0.00    0.00    0.34  25.80
nvme0n1p5     9485.00  37940.00     0.00   0.00    0.05     4.00    0.00      0.00     0.00   0.00    0.00     0.00    0.00      0.00     0.00   0.00    0.00     0.00    0.00    0.00    0.52  39.70


avg-cpu:  %user   %nice %system %iowait  %steal   %idle
          56.53    0.00   28.22    0.00    0.00   15.25

Device            r/s     rkB/s   rrqm/s  %rrqm r_await rareq-sz     w/s     wkB/s   wrqm/s  %wrqm w_await wareq-sz     d/s     dkB/s   drqm/s  %drqm d_await dareq-sz     f/s f_await  aqu-sz  %util
nvme0n1p3     6704.00  26816.00     0.00   0.00    0.06     4.00    0.00      0.00     0.00   0.00    0.00     0.00    0.00      0.00     0.00   0.00    0.00     0.00    0.00    0.00    0.37  30.30
nvme0n1p4     5628.00  22512.00     0.00   0.00    0.05     4.00    0.00      0.00     0.00   0.00    0.00     0.00    0.00      0.00     0.00   0.00    0.00     0.00    0.00    0.00    0.31  27.80
nvme0n1p5     8833.00  35332.00     0.00   0.00    0.05     4.00    0.00      0.00     0.00   0.00    0.00     0.00    0.00      0.00     0.00   0.00    0.00     0.00    0.00    0.00    0.48  37.70


avg-cpu:  %user   %nice %system %iowait  %steal   %idle
          57.69    0.00   25.91    0.00    0.00   16.40

Device            r/s     rkB/s   rrqm/s  %rrqm r_await rareq-sz     w/s     wkB/s   wrqm/s  %wrqm w_await wareq-sz     d/s     dkB/s   drqm/s  %drqm d_await dareq-sz     f/s f_await  aqu-sz  %util
nvme0n1p3     6671.00  26684.00     0.00   0.00    0.06     4.00    0.00      0.00     0.00   0.00    0.00     0.00    0.00      0.00     0.00   0.00    0.00     0.00    0.00    0.00    0.37  28.60
nvme0n1p4     5723.00  22892.00     0.00   0.00    0.05     4.00    0.00      0.00     0.00   0.00    0.00     0.00    0.00      0.00     0.00   0.00    0.00     0.00    0.00    0.00    0.31  25.80
nvme0n1p5     8956.00  35824.00     0.00   0.00    0.05     4.00    0.00      0.00     0.00   0.00    0.00     0.00    0.00      0.00     0.00   0.00    0.00     0.00    0.00    0.00    0.49  35.70


avg-cpu:  %user   %nice %system %iowait  %steal   %idle
          56.49    0.00   27.65    0.08    0.00   15.78

Device            r/s     rkB/s   rrqm/s  %rrqm r_await rareq-sz     w/s     wkB/s   wrqm/s  %wrqm w_await wareq-sz     d/s     dkB/s   drqm/s  %drqm d_await dareq-sz     f/s f_await  aqu-sz  %util
nvme0n1p3     6800.00  27200.00     0.00   0.00    0.05     4.00    0.00      0.00     0.00   0.00    0.00     0.00    0.00      0.00     0.00   0.00    0.00     0.00    0.00    0.00    0.37  27.40
nvme0n1p4     5851.00  23404.00     0.00   0.00    0.05     4.00    0.00      0.00     0.00   0.00    0.00     0.00    0.00      0.00     0.00   0.00    0.00     0.00    0.00    0.00    0.32  27.60
nvme0n1p5     9073.00  36292.00     0.00   0.00    0.05     4.00    0.00      0.00     0.00   0.00    0.00     0.00    0.00      0.00     0.00   0.00    0.00     0.00    0.00    0.00    0.49  37.50


avg-cpu:  %user   %nice %system %iowait  %steal   %idle
          49.79    0.00   35.00    0.00    0.00   15.21

Device            r/s     rkB/s   rrqm/s  %rrqm r_await rareq-sz     w/s     wkB/s   wrqm/s  %wrqm w_await wareq-sz     d/s     dkB/s   drqm/s  %drqm d_await dareq-sz     f/s f_await  aqu-sz  %util
nvme0n1p3     8034.00  32136.00     0.00   0.00    0.06     4.00    0.00      0.00     0.00   0.00    0.00     0.00    0.00      0.00     0.00   0.00    0.00     0.00    0.00    0.00    0.44  34.30
nvme0n1p4     6862.00  27448.00     0.00   0.00    0.05     4.00    0.00      0.00     0.00   0.00    0.00     0.00    0.00      0.00     0.00   0.00    0.00     0.00    0.00    0.00    0.37  31.40
nvme0n1p5     10430.00  41720.00     0.00   0.00    0.05     4.00    0.00      0.00     0.00   0.00    0.00     0.00    0.00      0.00     0.00   0.00    0.00     0.00    0.00    0.00    0.56  41.00


avg-cpu:  %user   %nice %system %iowait  %steal   %idle
          46.21    0.00   37.36    0.00    0.00   16.43

Device            r/s     rkB/s   rrqm/s  %rrqm r_await rareq-sz     w/s     wkB/s   wrqm/s  %wrqm w_await wareq-sz     d/s     dkB/s   drqm/s  %drqm d_await dareq-sz     f/s f_await  aqu-sz  %util
nvme0n1p3     8697.00  34788.00     0.00   0.00    0.05     4.00    0.00      0.00     0.00   0.00    0.00     0.00    0.00      0.00     0.00   0.00    0.00     0.00    0.00    0.00    0.47  36.00
nvme0n1p4     7445.00  29780.00     0.00   0.00    0.05     4.00    0.00      0.00     0.00   0.00    0.00     0.00    0.00      0.00     0.00   0.00    0.00     0.00    0.00    0.00    0.40  32.10
nvme0n1p5     11563.00  46252.00     0.00   0.00    0.05     4.00    0.00      0.00     0.00   0.00    0.00     0.00    0.00      0.00     0.00   0.00    0.00     0.00    0.00    0.00    0.62  45.60


avg-cpu:  %user   %nice %system %iowait  %steal   %idle
          47.27    0.00   37.56    0.00    0.00   15.16

Device            r/s     rkB/s   rrqm/s  %rrqm r_await rareq-sz     w/s     wkB/s   wrqm/s  %wrqm w_await wareq-sz     d/s     dkB/s   drqm/s  %drqm d_await dareq-sz     f/s f_await  aqu-sz  %util
nvme0n1p3     8922.00  35688.00     0.00   0.00    0.05     4.00    0.00      0.00     0.00   0.00    0.00     0.00    0.00      0.00     0.00   0.00    0.00     0.00    0.00    0.00    0.48  35.10
nvme0n1p4     7476.00  29904.00     0.00   0.00    0.05     4.00    0.00      0.00     0.00   0.00    0.00     0.00    0.00      0.00     0.00   0.00    0.00     0.00    0.00    0.00    0.40  32.50
nvme0n1p5     11202.00  44808.00     0.00   0.00    0.05     4.00    0.00      0.00     0.00   0.00    0.00     0.00    0.00      0.00     0.00   0.00    0.00     0.00    0.00    0.00    0.60  44.10


avg-cpu:  %user   %nice %system %iowait  %steal   %idle
          51.87    0.00   32.91    0.00    0.00   15.22

Device            r/s     rkB/s   rrqm/s  %rrqm r_await rareq-sz     w/s     wkB/s   wrqm/s  %wrqm w_await wareq-sz     d/s     dkB/s   drqm/s  %drqm d_await dareq-sz     f/s f_await  aqu-sz  %util
nvme0n1p3     7940.00  31760.00     0.00   0.00    0.05     4.00    0.00      0.00     0.00   0.00    0.00     0.00    0.00      0.00     0.00   0.00    0.00     0.00    0.00    0.00    0.43  33.30
nvme0n1p4     6789.00  27156.00     0.00   0.00    0.05     4.00    0.00      0.00     0.00   0.00    0.00     0.00    0.00      0.00     0.00   0.00    0.00     0.00    0.00    0.00    0.37  30.50
nvme0n1p5     10386.00  41544.00     0.00   0.00    0.05     4.00    0.00      0.00     0.00   0.00    0.00     0.00    0.00      0.00     0.00   0.00    0.00     0.00    0.00    0.00    0.56  43.40


avg-cpu:  %user   %nice %system %iowait  %steal   %idle
          44.14    0.00   39.47    0.08    0.00   16.30

Device            r/s     rkB/s   rrqm/s  %rrqm r_await rareq-sz     w/s     wkB/s   wrqm/s  %wrqm w_await wareq-sz     d/s     dkB/s   drqm/s  %drqm d_await dareq-sz     f/s f_await  aqu-sz  %util
nvme0n1p3     8602.00  34408.00     0.00   0.00    0.05     4.00    0.00      0.00     0.00   0.00    0.00     0.00    0.00      0.00     0.00   0.00    0.00     0.00    0.00    0.00    0.46  38.90
nvme0n1p4     7371.00  29484.00     0.00   0.00    0.05     4.00    0.00      0.00     0.00   0.00    0.00     0.00    0.00      0.00     0.00   0.00    0.00     0.00    0.00    0.00    0.40  30.20
nvme0n1p5     11609.00  46436.00     0.00   0.00    0.05     4.00    0.00      0.00     0.00   0.00    0.00     0.00    0.00      0.00     0.00   0.00    0.00     0.00    0.00    0.00    0.62  46.40


avg-cpu:  %user   %nice %system %iowait  %steal   %idle
          46.60    0.00   36.84    0.00    0.00   16.55

Device            r/s     rkB/s   rrqm/s  %rrqm r_await rareq-sz     w/s     wkB/s   wrqm/s  %wrqm w_await wareq-sz     d/s     dkB/s   drqm/s  %drqm d_await dareq-sz     f/s f_await  aqu-sz  %util
nvme0n1p3     8135.00  32540.00     0.00   0.00    0.05     4.00    0.00      0.00     0.00   0.00    0.00     0.00    0.00      0.00     0.00   0.00    0.00     0.00    0.00    0.00    0.44  33.60
nvme0n1p4     7048.00  28192.00     0.00   0.00    0.05     4.00    0.00      0.00     0.00   0.00    0.00     0.00    0.00      0.00     0.00   0.00    0.00     0.00    0.00    0.00    0.38  31.10
nvme0n1p5     10562.00  42248.00     0.00   0.00    0.05     4.00    0.00      0.00     0.00   0.00    0.00     0.00    0.00      0.00     0.00   0.00    0.00     0.00    0.00    0.00    0.57  44.30


avg-cpu:  %user   %nice %system %iowait  %steal   %idle
          47.87    0.00   36.22    0.00    0.00   15.90

Device            r/s     rkB/s   rrqm/s  %rrqm r_await rareq-sz     w/s     wkB/s   wrqm/s  %wrqm w_await wareq-sz     d/s     dkB/s   drqm/s  %drqm d_await dareq-sz     f/s f_await  aqu-sz  %util
nvme0n1p3     8251.00  33004.00     0.00   0.00    0.05     4.00    0.00      0.00     0.00   0.00    0.00     0.00    0.00      0.00     0.00   0.00    0.00     0.00    0.00    0.00    0.44  38.20
nvme0n1p4     7247.00  28988.00     0.00   0.00    0.05     4.00    0.00      0.00     0.00   0.00    0.00     0.00    0.00      0.00     0.00   0.00    0.00     0.00    0.00    0.00    0.39  29.70
nvme0n1p5     11153.00  44612.00     0.00   0.00    0.05     4.00    0.00      0.00     0.00   0.00    0.00     0.00    0.00      0.00     0.00   0.00    0.00     0.00    0.00    0.00    0.60  45.20


avg-cpu:  %user   %nice %system %iowait  %steal   %idle
          47.79    0.00   35.99    0.00    0.00   16.21

Device            r/s     rkB/s   rrqm/s  %rrqm r_await rareq-sz     w/s     wkB/s   wrqm/s  %wrqm w_await wareq-sz     d/s     dkB/s   drqm/s  %drqm d_await dareq-sz     f/s f_await  aqu-sz  %util
nvme0n1p3     8625.00  34500.00     0.00   0.00    0.05     4.00    0.00      0.00     0.00   0.00    0.00     0.00    0.00      0.00     0.00   0.00    0.00     0.00    0.00    0.00    0.46  35.60
nvme0n1p4     7375.00  29500.00     0.00   0.00    0.05     4.00    0.00      0.00     0.00   0.00    0.00     0.00    0.00      0.00     0.00   0.00    0.00     0.00    0.00    0.00    0.40  33.10
nvme0n1p5     11327.00  45308.00     0.00   0.00    0.05     4.00    0.00      0.00     0.00   0.00    0.00     0.00    0.00      0.00     0.00   0.00    0.00     0.00    0.00    0.00    0.61  46.00


avg-cpu:  %user   %nice %system %iowait  %steal   %idle
          45.15    0.00   37.41    0.00    0.00   17.43

Device            r/s     rkB/s   rrqm/s  %rrqm r_await rareq-sz     w/s     wkB/s   wrqm/s  %wrqm w_await wareq-sz     d/s     dkB/s   drqm/s  %drqm d_await dareq-sz     f/s f_await  aqu-sz  %util
nvme0n1p3     8867.00  35468.00     0.00   0.00    0.05     4.00    0.00      0.00     0.00   0.00    0.00     0.00    0.00      0.00     0.00   0.00    0.00     0.00    0.00    0.00    0.48  39.20
nvme0n1p4     7361.00  29444.00     0.00   0.00    0.05     4.00    0.00      0.00     0.00   0.00    0.00     0.00    0.00      0.00     0.00   0.00    0.00     0.00    0.00    0.00    0.40  31.70
nvme0n1p5     11569.00  46276.00     0.00   0.00    0.05     4.00    0.00      0.00     0.00   0.00    0.00     0.00    0.00      0.00     0.00   0.00    0.00     0.00    0.00    0.00    0.62  48.60


avg-cpu:  %user   %nice %system %iowait  %steal   %idle
          47.15    0.00   36.77    0.09    0.00   16.00

Device            r/s     rkB/s   rrqm/s  %rrqm r_await rareq-sz     w/s     wkB/s   wrqm/s  %wrqm w_await wareq-sz     d/s     dkB/s   drqm/s  %drqm d_await dareq-sz     f/s f_await  aqu-sz  %util
nvme0n1p3     8897.00  35588.00     0.00   0.00    0.05     4.00    0.00      0.00     0.00   0.00    0.00     0.00    0.00      0.00     0.00   0.00    0.00     0.00    0.00    0.00    0.48  33.80
nvme0n1p4     7585.00  30340.00     0.00   0.00    0.05     4.00    0.00      0.00     0.00   0.00    0.00     0.00    0.00      0.00     0.00   0.00    0.00     0.00    0.00    0.00    0.41  31.50
nvme0n1p5     11737.00  46948.00     0.00   0.00    0.05     4.00    0.00      0.00     0.00   0.00    0.00     0.00    0.00      0.00     0.00   0.00    0.00     0.00    0.00    0.00    0.63  46.70


avg-cpu:  %user   %nice %system %iowait  %steal   %idle
          49.62    0.00   34.92    0.00    0.00   15.46

Device            r/s     rkB/s   rrqm/s  %rrqm r_await rareq-sz     w/s     wkB/s   wrqm/s  %wrqm w_await wareq-sz     d/s     dkB/s   drqm/s  %drqm d_await dareq-sz     f/s f_await  aqu-sz  %util
nvme0n1p3     7627.00  30508.00     0.00   0.00    0.05     4.00    0.00      0.00     0.00   0.00    0.00     0.00    0.00      0.00     0.00   0.00    0.00     0.00    0.00    0.00    0.41  32.80
nvme0n1p4     6655.00  26620.00     0.00   0.00    0.05     4.00    0.00      0.00     0.00   0.00    0.00     0.00    0.00      0.00     0.00   0.00    0.00     0.00    0.00    0.00    0.36  30.90
nvme0n1p5     10207.00  40828.00     0.00   0.00    0.05     4.00    0.00      0.00     0.00   0.00    0.00     0.00    0.00      0.00     0.00   0.00    0.00     0.00    0.00    0.00    0.55  40.20


avg-cpu:  %user   %nice %system %iowait  %steal   %idle
          51.88    0.00   31.83    0.09    0.00   16.21

Device            r/s     rkB/s   rrqm/s  %rrqm r_await rareq-sz     w/s     wkB/s   wrqm/s  %wrqm w_await wareq-sz     d/s     dkB/s   drqm/s  %drqm d_await dareq-sz     f/s f_await  aqu-sz  %util
nvme0n1p3     7156.00  28624.00     0.00   0.00    0.05     4.00    0.00      0.00     0.00   0.00    0.00     0.00    0.00      0.00     0.00   0.00    0.00     0.00    0.00    0.00    0.39  32.00
nvme0n1p4     6060.00  24240.00     0.00   0.00    0.05     4.00    0.00      0.00     0.00   0.00    0.00     0.00    0.00      0.00     0.00   0.00    0.00     0.00    0.00    0.00    0.33  26.80
nvme0n1p5     9296.00  37184.00     0.00   0.00    0.05     4.00    0.00      0.00     0.00   0.00    0.00     0.00    0.00      0.00     0.00   0.00    0.00     0.00    0.00    0.00    0.51  39.10


avg-cpu:  %user   %nice %system %iowait  %steal   %idle
          45.13    0.00   39.37    0.00    0.00   15.50

Device            r/s     rkB/s   rrqm/s  %rrqm r_await rareq-sz     w/s     wkB/s   wrqm/s  %wrqm w_await wareq-sz     d/s     dkB/s   drqm/s  %drqm d_await dareq-sz     f/s f_await  aqu-sz  %util
nvme0n1p3     8695.00  34780.00     0.00   0.00    0.05     4.00    0.00      0.00     0.00   0.00    0.00     0.00    0.00      0.00     0.00   0.00    0.00     0.00    0.00    0.00    0.47  38.20
nvme0n1p4     7312.00  29248.00     0.00   0.00    0.05     4.00    0.00      0.00     0.00   0.00    0.00     0.00    0.00      0.00     0.00   0.00    0.00     0.00    0.00    0.00    0.39  31.50
nvme0n1p5     11242.00  44968.00     0.00   0.00    0.05     4.00    0.00      0.00     0.00   0.00    0.00     0.00    0.00      0.00     0.00   0.00    0.00     0.00    0.00    0.00    0.60  47.80


avg-cpu:  %user   %nice %system %iowait  %steal   %idle
          45.88    0.00   37.89    0.00    0.00   16.23

Device            r/s     rkB/s   rrqm/s  %rrqm r_await rareq-sz     w/s     wkB/s   wrqm/s  %wrqm w_await wareq-sz     d/s     dkB/s   drqm/s  %drqm d_await dareq-sz     f/s f_await  aqu-sz  %util
nvme0n1p3     8227.00  32908.00     0.00   0.00    0.05     4.00    0.00      0.00     0.00   0.00    0.00     0.00    0.00      0.00     0.00   0.00    0.00     0.00    0.00    0.00    0.45  33.00
nvme0n1p4     7084.00  28336.00     0.00   0.00    0.05     4.00    0.00      0.00     0.00   0.00    0.00     0.00    0.00      0.00     0.00   0.00    0.00     0.00    0.00    0.00    0.38  32.00
nvme0n1p5     11100.00  44400.00     0.00   0.00    0.05     4.00    0.00      0.00     0.00   0.00    0.00     0.00    0.00      0.00     0.00   0.00    0.00     0.00    0.00    0.00    0.60  44.40


avg-cpu:  %user   %nice %system %iowait  %steal   %idle
          48.17    0.00   36.85    0.00    0.00   14.98

Device            r/s     rkB/s   rrqm/s  %rrqm r_await rareq-sz     w/s     wkB/s   wrqm/s  %wrqm w_await wareq-sz     d/s     dkB/s   drqm/s  %drqm d_await dareq-sz     f/s f_await  aqu-sz  %util
nvme0n1p3     8413.00  33652.00     0.00   0.00    0.05     4.00    0.00      0.00     0.00   0.00    0.00     0.00    0.00      0.00     0.00   0.00    0.00     0.00    0.00    0.00    0.46  33.70
nvme0n1p4     7153.00  28612.00     0.00   0.00    0.05     4.00    0.00      0.00     0.00   0.00    0.00     0.00    0.00      0.00     0.00   0.00    0.00     0.00    0.00    0.00    0.39  31.80
nvme0n1p5     10962.00  43852.00     0.00   0.00    0.05     4.00    0.00      0.00     0.00   0.00    0.00     0.00    0.00      0.00     0.00   0.00    0.00     0.00    0.00    0.00    0.59  44.40


avg-cpu:  %user   %nice %system %iowait  %steal   %idle
          47.24    0.00   37.47    0.08    0.00   15.21

Device            r/s     rkB/s   rrqm/s  %rrqm r_await rareq-sz     w/s     wkB/s   wrqm/s  %wrqm w_await wareq-sz     d/s     dkB/s   drqm/s  %drqm d_await dareq-sz     f/s f_await  aqu-sz  %util
nvme0n1p3     8294.00  33176.00     0.00   0.00    0.05     4.00    0.00      0.00     0.00   0.00    0.00     0.00    0.00      0.00     0.00   0.00    0.00     0.00    0.00    0.00    0.45  35.90
nvme0n1p4     7129.00  28516.00     0.00   0.00    0.05     4.00    0.00      0.00     0.00   0.00    0.00     0.00    0.00      0.00     0.00   0.00    0.00     0.00    0.00    0.00    0.39  30.60
nvme0n1p5     10701.00  42800.00     0.00   0.00    0.05     4.00    0.00      0.00     0.00   0.00    0.00     0.00    0.00      0.00     0.00   0.00    0.00     0.00    0.00    0.00    0.58  47.30


avg-cpu:  %user   %nice %system %iowait  %steal   %idle
          46.01    0.00   38.54    0.00    0.00   15.45

Device            r/s     rkB/s   rrqm/s  %rrqm r_await rareq-sz     w/s     wkB/s   wrqm/s  %wrqm w_await wareq-sz     d/s     dkB/s   drqm/s  %drqm d_await dareq-sz     f/s f_await  aqu-sz  %util
nvme0n1p3     8654.00  34616.00     0.00   0.00    0.05     4.00    0.00      0.00     0.00   0.00    0.00     0.00    0.00      0.00     0.00   0.00    0.00     0.00    0.00    0.00    0.47  35.40
nvme0n1p4     7543.00  30172.00     0.00   0.00    0.05     4.00    0.00      0.00     0.00   0.00    0.00     0.00    0.00      0.00     0.00   0.00    0.00     0.00    0.00    0.00    0.41  32.30
nvme0n1p5     11387.00  45548.00     0.00   0.00    0.05     4.00    0.00      0.00     0.00   0.00    0.00     0.00    0.00      0.00     0.00   0.00    0.00     0.00    0.00    0.00    0.61  44.40


avg-cpu:  %user   %nice %system %iowait  %steal   %idle
          45.96    0.00   38.47    0.00    0.00   15.57

Device            r/s     rkB/s   rrqm/s  %rrqm r_await rareq-sz     w/s     wkB/s   wrqm/s  %wrqm w_await wareq-sz     d/s     dkB/s   drqm/s  %drqm d_await dareq-sz     f/s f_await  aqu-sz  %util
nvme0n1p3     8589.00  34356.00     0.00   0.00    0.05     4.00    0.00      0.00     0.00   0.00    0.00     0.00    0.00      0.00     0.00   0.00    0.00     0.00    0.00    0.00    0.46  36.00
nvme0n1p4     7393.00  29572.00     0.00   0.00    0.05     4.00    0.00      0.00     0.00   0.00    0.00     0.00    0.00      0.00     0.00   0.00    0.00     0.00    0.00    0.00    0.40  33.90
nvme0n1p5     11396.00  45584.00     0.00   0.00    0.05     4.00    0.00      0.00     0.00   0.00    0.00     0.00    0.00      0.00     0.00   0.00    0.00     0.00    0.00    0.00    0.61  43.00


avg-cpu:  %user   %nice %system %iowait  %steal   %idle
          46.02    0.00   37.88    0.00    0.00   16.10

Device            r/s     rkB/s   rrqm/s  %rrqm r_await rareq-sz     w/s     wkB/s   wrqm/s  %wrqm w_await wareq-sz     d/s     dkB/s   drqm/s  %drqm d_await dareq-sz     f/s f_await  aqu-sz  %util
nvme0n1p3     8683.00  34732.00     0.00   0.00    0.05     4.00    0.00      0.00     0.00   0.00    0.00     0.00    0.00      0.00     0.00   0.00    0.00     0.00    0.00    0.00    0.47  33.50
nvme0n1p4     7238.00  28952.00     0.00   0.00    0.05     4.00    0.00      0.00     0.00   0.00    0.00     0.00    0.00      0.00     0.00   0.00    0.00     0.00    0.00    0.00    0.39  31.10
nvme0n1p5     11227.00  44908.00     0.00   0.00    0.05     4.00    0.00      0.00     0.00   0.00    0.00     0.00    0.00      0.00     0.00   0.00    0.00     0.00    0.00    0.00    0.60  46.80


avg-cpu:  %user   %nice %system %iowait  %steal   %idle
          48.10    0.00   36.60    0.08    0.00   15.22

Device            r/s     rkB/s   rrqm/s  %rrqm r_await rareq-sz     w/s     wkB/s   wrqm/s  %wrqm w_await wareq-sz     d/s     dkB/s   drqm/s  %drqm d_await dareq-sz     f/s f_await  aqu-sz  %util
nvme0n1p3     8521.00  34084.00     0.00   0.00    0.05     4.00    0.00      0.00     0.00   0.00    0.00     0.00    0.00      0.00     0.00   0.00    0.00     0.00    0.00    0.00    0.46  33.40
nvme0n1p4     7156.00  28624.00     0.00   0.00    0.05     4.00    0.00      0.00     0.00   0.00    0.00     0.00    0.00      0.00     0.00   0.00    0.00     0.00    0.00    0.00    0.39  32.10
nvme0n1p5     11173.00  44692.00     0.00   0.00    0.05     4.00    0.00      0.00     0.00   0.00    0.00     0.00    0.00      0.00     0.00   0.00    0.00     0.00    0.00    0.00    0.61  46.00


avg-cpu:  %user   %nice %system %iowait  %steal   %idle
          46.48    0.00   38.51    0.00    0.00   15.01

Device            r/s     rkB/s   rrqm/s  %rrqm r_await rareq-sz     w/s     wkB/s   wrqm/s  %wrqm w_await wareq-sz     d/s     dkB/s   drqm/s  %drqm d_await dareq-sz     f/s f_await  aqu-sz  %util
nvme0n1p3     9130.00  36520.00     0.00   0.00    0.05     4.00    0.00      0.00     0.00   0.00    0.00     0.00    0.00      0.00     0.00   0.00    0.00     0.00    0.00    0.00    0.49  37.00
nvme0n1p4     7801.00  31204.00     0.00   0.00    0.05     4.00    0.00      0.00     0.00   0.00    0.00     0.00    0.00      0.00     0.00   0.00    0.00     0.00    0.00    0.00    0.42  33.50
nvme0n1p5     12025.00  48100.00     0.00   0.00    0.05     4.00    0.00      0.00     0.00   0.00    0.00     0.00    0.00      0.00     0.00   0.00    0.00     0.00    0.00    0.00    0.65  48.80


avg-cpu:  %user   %nice %system %iowait  %steal   %idle
          47.38    0.00   37.33    0.00    0.00   15.29

Device            r/s     rkB/s   rrqm/s  %rrqm r_await rareq-sz     w/s     wkB/s   wrqm/s  %wrqm w_await wareq-sz     d/s     dkB/s   drqm/s  %drqm d_await dareq-sz     f/s f_await  aqu-sz  %util
nvme0n1p3     9036.00  36144.00     0.00   0.00    0.05     4.00    0.00      0.00     0.00   0.00    0.00     0.00    0.00      0.00     0.00   0.00    0.00     0.00    0.00    0.00    0.49  37.90
nvme0n1p4     7659.00  30636.00     0.00   0.00    0.05     4.00    0.00      0.00     0.00   0.00    0.00     0.00    0.00      0.00     0.00   0.00    0.00     0.00    0.00    0.00    0.41  34.60
nvme0n1p5     11893.00  47572.00     0.00   0.00    0.05     4.00    0.00      0.00     0.00   0.00    0.00     0.00    0.00      0.00     0.00   0.00    0.00     0.00    0.00    0.00    0.64  47.30


avg-cpu:  %user   %nice %system %iowait  %steal   %idle
          46.69    0.00   36.84    0.00    0.00   16.47

Device            r/s     rkB/s   rrqm/s  %rrqm r_await rareq-sz     w/s     wkB/s   wrqm/s  %wrqm w_await wareq-sz     d/s     dkB/s   drqm/s  %drqm d_await dareq-sz     f/s f_await  aqu-sz  %util
nvme0n1p3     7944.00  31776.00     0.00   0.00    0.05     4.00    0.00      0.00     0.00   0.00    0.00     0.00    0.00      0.00     0.00   0.00    0.00     0.00    0.00    0.00    0.43  34.80
nvme0n1p4     6958.00  27832.00     0.00   0.00    0.05     4.00    0.00      0.00     0.00   0.00    0.00     0.00    0.00      0.00     0.00   0.00    0.00     0.00    0.00    0.00    0.38  29.50
nvme0n1p5     10602.00  42408.00     0.00   0.00    0.05     4.00    0.00      0.00     0.00   0.00    0.00     0.00    0.00      0.00     0.00   0.00    0.00     0.00    0.00    0.00    0.57  43.70


avg-cpu:  %user   %nice %system %iowait  %steal   %idle
          48.81    0.00   35.17    0.08    0.00   15.93

Device            r/s     rkB/s   rrqm/s  %rrqm r_await rareq-sz     w/s     wkB/s   wrqm/s  %wrqm w_await wareq-sz     d/s     dkB/s   drqm/s  %drqm d_await dareq-sz     f/s f_await  aqu-sz  %util
nvme0n1p3     8335.00  33340.00     0.00   0.00    0.05     4.00    0.00      0.00     0.00   0.00    0.00     0.00    0.00      0.00     0.00   0.00    0.00     0.00    0.00    0.00    0.45  34.30
nvme0n1p4     7043.00  28172.00     0.00   0.00    0.05     4.00    0.00      0.00     0.00   0.00    0.00     0.00    0.00      0.00     0.00   0.00    0.00     0.00    0.00    0.00    0.38  33.60
nvme0n1p5     10955.00  43820.00     0.00   0.00    0.05     4.00    0.00      0.00     0.00   0.00    0.00     0.00    0.00      0.00     0.00   0.00    0.00     0.00    0.00    0.00    0.59  42.40


avg-cpu:  %user   %nice %system %iowait  %steal   %idle
          46.28    0.00   39.00    0.00    0.00   14.72

Device            r/s     rkB/s   rrqm/s  %rrqm r_await rareq-sz     w/s     wkB/s   wrqm/s  %wrqm w_await wareq-sz     d/s     dkB/s   drqm/s  %drqm d_await dareq-sz     f/s f_await  aqu-sz  %util
nvme0n1p3     8947.00  35788.00     0.00   0.00    0.05     4.00    0.00      0.00     0.00   0.00    0.00     0.00    0.00      0.00     0.00   0.00    0.00     0.00    0.00    0.00    0.48  38.80
nvme0n1p4     7640.00  30560.00     0.00   0.00    0.05     4.00    0.00      0.00     0.00   0.00    0.00     0.00    0.00      0.00     0.00   0.00    0.00     0.00    0.00    0.00    0.41  32.70
nvme0n1p5     11994.00  47976.00     0.00   0.00    0.05     4.00    0.00      0.00     0.00   0.00    0.00     0.00    0.00      0.00     0.00   0.00    0.00     0.00    0.00    0.00    0.64  46.20


avg-cpu:  %user   %nice %system %iowait  %steal   %idle
          51.23    0.00   33.11    0.00    0.00   15.66

Device            r/s     rkB/s   rrqm/s  %rrqm r_await rareq-sz     w/s     wkB/s   wrqm/s  %wrqm w_await wareq-sz     d/s     dkB/s   drqm/s  %drqm d_await dareq-sz     f/s f_await  aqu-sz  %util
nvme0n1p3     7634.00  30536.00     0.00   0.00    0.05     4.00    0.00      0.00     0.00   0.00    0.00     0.00    0.00      0.00     0.00   0.00    0.00     0.00    0.00    0.00    0.42  32.40
nvme0n1p4     6427.00  25708.00     0.00   0.00    0.05     4.00    0.00      0.00     0.00   0.00    0.00     0.00    0.00      0.00     0.00   0.00    0.00     0.00    0.00    0.00    0.35  29.20
nvme0n1p5     9787.00  39148.00     0.00   0.00    0.05     4.00    0.00      0.00     0.00   0.00    0.00     0.00    0.00      0.00     0.00   0.00    0.00     0.00    0.00    0.00    0.53  40.20


avg-cpu:  %user   %nice %system %iowait  %steal   %idle
          52.51    0.00   31.78    0.08    0.00   15.63

Device            r/s     rkB/s   rrqm/s  %rrqm r_await rareq-sz     w/s     wkB/s   wrqm/s  %wrqm w_await wareq-sz     d/s     dkB/s   drqm/s  %drqm d_await dareq-sz     f/s f_await  aqu-sz  %util
nvme0n1p3     7732.00  30928.00     0.00   0.00    0.05     4.00    0.00      0.00     0.00   0.00    0.00     0.00    0.00      0.00     0.00   0.00    0.00     0.00    0.00    0.00    0.42  34.30
nvme0n1p4     6697.00  26788.00     0.00   0.00    0.05     4.00    0.00      0.00     0.00   0.00    0.00     0.00    0.00      0.00     0.00   0.00    0.00     0.00    0.00    0.00    0.36  29.90
nvme0n1p5     10476.00  41904.00     0.00   0.00    0.05     4.00    0.00      0.00     0.00   0.00    0.00     0.00    0.00      0.00     0.00   0.00    0.00     0.00    0.00    0.00    0.57  42.90


avg-cpu:  %user   %nice %system %iowait  %steal   %idle
          47.63    0.00   36.29    0.00    0.00   16.07

Device            r/s     rkB/s   rrqm/s  %rrqm r_await rareq-sz     w/s     wkB/s   wrqm/s  %wrqm w_await wareq-sz     d/s     dkB/s   drqm/s  %drqm d_await dareq-sz     f/s f_await  aqu-sz  %util
nvme0n1p3     8783.00  35132.00     0.00   0.00    0.05     4.00    0.00      0.00     0.00   0.00    0.00     0.00    0.00      0.00     0.00   0.00    0.00     0.00    0.00    0.00    0.48  34.70
nvme0n1p4     7448.00  29792.00     0.00   0.00    0.05     4.00    0.00      0.00     0.00   0.00    0.00     0.00    0.00      0.00     0.00   0.00    0.00     0.00    0.00    0.00    0.40  32.00
nvme0n1p5     11809.00  47236.00     0.00   0.00    0.05     4.00    0.00      0.00     0.00   0.00    0.00     0.00    0.00      0.00     0.00   0.00    0.00     0.00    0.00    0.00    0.64  40.60


avg-cpu:  %user   %nice %system %iowait  %steal   %idle
          47.42    0.00   37.43    0.00    0.00   15.16

Device            r/s     rkB/s   rrqm/s  %rrqm r_await rareq-sz     w/s     wkB/s   wrqm/s  %wrqm w_await wareq-sz     d/s     dkB/s   drqm/s  %drqm d_await dareq-sz     f/s f_await  aqu-sz  %util
nvme0n1p3     8095.00  32380.00     0.00   0.00    0.05     4.00    0.00      0.00     0.00   0.00    0.00     0.00    0.00      0.00     0.00   0.00    0.00     0.00    0.00    0.00    0.44  33.60
nvme0n1p4     7013.00  28052.00     0.00   0.00    0.05     4.00    0.00      0.00     0.00   0.00    0.00     0.00    0.00      0.00     0.00   0.00    0.00     0.00    0.00    0.00    0.38  30.80
nvme0n1p5     10758.00  43032.00     0.00   0.00    0.05     4.00    0.00      0.00     0.00   0.00    0.00     0.00    0.00      0.00     0.00   0.00    0.00     0.00    0.00    0.00    0.58  40.70


avg-cpu:  %user   %nice %system %iowait  %steal   %idle
          50.26    0.00   31.52    0.00    0.00   18.23

Device            r/s     rkB/s   rrqm/s  %rrqm r_await rareq-sz     w/s     wkB/s   wrqm/s  %wrqm w_await wareq-sz     d/s     dkB/s   drqm/s  %drqm d_await dareq-sz     f/s f_await  aqu-sz  %util
nvme0n1p3     7612.00  30448.00     0.00   0.00    0.05     4.00    0.00      0.00     0.00   0.00    0.00     0.00    0.00      0.00     0.00   0.00    0.00     0.00    0.00    0.00    0.41  32.60
nvme0n1p4     6245.00  24980.00     0.00   0.00    0.05     4.00    0.00      0.00     0.00   0.00    0.00     0.00    0.00      0.00     0.00   0.00    0.00     0.00    0.00    0.00    0.34  28.20
nvme0n1p5     10128.00  40512.00     0.00   0.00    0.05     4.00    0.00      0.00     0.00   0.00    0.00     0.00    0.00      0.00     0.00   0.00    0.00     0.00    0.00    0.00    0.55  40.80


avg-cpu:  %user   %nice %system %iowait  %steal   %idle
          21.94    0.00    1.86    0.17    0.00   76.03

Device            r/s     rkB/s   rrqm/s  %rrqm r_await rareq-sz     w/s     wkB/s   wrqm/s  %wrqm w_await wareq-sz     d/s     dkB/s   drqm/s  %drqm d_await dareq-sz     f/s f_await  aqu-sz  %util
nvme0n1p3        0.00      0.00     0.00   0.00    0.00     0.00    0.00      0.00     0.00   0.00    0.00     0.00    0.00      0.00     0.00   0.00    0.00     0.00    0.00    0.00    0.00   0.00
nvme0n1p4        0.00      0.00     0.00   0.00    0.00     0.00    0.00      0.00     0.00   0.00    0.00     0.00    0.00      0.00     0.00   0.00    0.00     0.00    0.00    0.00    0.00   0.00
nvme0n1p5        0.00      0.00     0.00   0.00    0.00     0.00    0.00      0.00     0.00   0.00    0.00     0.00    0.00      0.00     0.00   0.00    0.00     0.00    0.00    0.00    0.00   0.00


avg-cpu:  %user   %nice %system %iowait  %steal   %idle
          23.67    0.00    1.27    0.08    0.00   74.98

Device            r/s     rkB/s   rrqm/s  %rrqm r_await rareq-sz     w/s     wkB/s   wrqm/s  %wrqm w_await wareq-sz     d/s     dkB/s   drqm/s  %drqm d_await dareq-sz     f/s f_await  aqu-sz  %util
nvme0n1p3        0.00      0.00     0.00   0.00    0.00     0.00    0.00      0.00     0.00   0.00    0.00     0.00    0.00      0.00     0.00   0.00    0.00     0.00    0.00    0.00    0.00   0.00
nvme0n1p4        0.00      0.00     0.00   0.00    0.00     0.00    0.00      0.00     0.00   0.00    0.00     0.00    0.00      0.00     0.00   0.00    0.00     0.00    0.00    0.00    0.00   0.00
nvme0n1p5        0.00      0.00     0.00   0.00    0.00     0.00    0.00      0.00     0.00   0.00    0.00     0.00    0.00      0.00     0.00   0.00    0.00     0.00    0.00    0.00    0.00   0.00


avg-cpu:  %user   %nice %system %iowait  %steal   %idle
          24.89    0.00    1.94    0.17    0.00   73.00

Device            r/s     rkB/s   rrqm/s  %rrqm r_await rareq-sz     w/s     wkB/s   wrqm/s  %wrqm w_await wareq-sz     d/s     dkB/s   drqm/s  %drqm d_await dareq-sz     f/s f_await  aqu-sz  %util
nvme0n1p3        0.00      0.00     0.00   0.00    0.00     0.00    0.00      0.00     0.00   0.00    0.00     0.00    0.00      0.00     0.00   0.00    0.00     0.00    0.00    0.00    0.00   0.00
nvme0n1p4        0.00      0.00     0.00   0.00    0.00     0.00    0.00      0.00     0.00   0.00    0.00     0.00    0.00      0.00     0.00   0.00    0.00     0.00    0.00    0.00    0.00   0.00
nvme0n1p5        0.00      0.00     0.00   0.00    0.00     0.00    0.00      0.00     0.00   0.00    0.00     0.00    0.00      0.00     0.00   0.00    0.00     0.00    0.00    0.00    0.00   0.00


avg-cpu:  %user   %nice %system %iowait  %steal   %idle
          55.36    0.00   13.80    0.94    0.00   29.91

Device            r/s     rkB/s   rrqm/s  %rrqm r_await rareq-sz     w/s     wkB/s   wrqm/s  %wrqm w_await wareq-sz     d/s     dkB/s   drqm/s  %drqm d_await dareq-sz     f/s f_await  aqu-sz  %util
nvme0n1p3        0.00      0.00     0.00   0.00    0.00     0.00 3691.00 384284.00     1.00   0.03    0.20   104.11    0.00      0.00     0.00   0.00    0.00     0.00    0.00    0.00    0.75  19.30
nvme0n1p4        0.00      0.00     0.00   0.00    0.00     0.00 3706.00 386200.00     0.00   0.00    0.19   104.21    0.00      0.00     0.00   0.00    0.00     0.00    0.00    0.00    0.71  22.20
nvme0n1p5        0.00      0.00     0.00   0.00    0.00     0.00 3750.00 387304.00     0.00   0.00    0.18   103.28    0.00      0.00     0.00   0.00    0.00     0.00    0.00    0.00    0.67  20.40


avg-cpu:  %user   %nice %system %iowait  %steal   %idle
          66.70    0.00   17.29    1.20    0.00   14.81

Device            r/s     rkB/s   rrqm/s  %rrqm r_await rareq-sz     w/s     wkB/s   wrqm/s  %wrqm w_await wareq-sz     d/s     dkB/s   drqm/s  %drqm d_await dareq-sz     f/s f_await  aqu-sz  %util
nvme0n1p3        0.00      0.00     0.00   0.00    0.00     0.00 5210.00 548712.00     0.00   0.00    0.19   105.32    0.00      0.00     0.00   0.00    0.00     0.00    0.00    0.00    1.01  27.30
nvme0n1p4        0.00      0.00     0.00   0.00    0.00     0.00 5247.00 550912.00     0.00   0.00    0.18   105.00    0.00      0.00     0.00   0.00    0.00     0.00    0.00    0.00    0.95  27.90
nvme0n1p5        0.00      0.00     0.00   0.00    0.00     0.00 5152.00 546692.00     1.00   0.02    0.18   106.11    0.00      0.00     0.00   0.00    0.00     0.00    0.00    0.00    0.92  26.10


avg-cpu:  %user   %nice %system %iowait  %steal   %idle
          66.52    0.00   16.23    1.20    0.00   16.05

Device            r/s     rkB/s   rrqm/s  %rrqm r_await rareq-sz     w/s     wkB/s   wrqm/s  %wrqm w_await wareq-sz     d/s     dkB/s   drqm/s  %drqm d_await dareq-sz     f/s f_await  aqu-sz  %util
nvme0n1p3        7.00    772.00     0.00   0.00    0.29   110.29 5114.00 541480.00     0.00   0.00    0.18   105.88    0.00      0.00     0.00   0.00    0.00     0.00    0.00    0.00    0.90  25.10
nvme0n1p4        0.00      0.00     0.00   0.00    0.00     0.00 5201.00 540716.00     0.00   0.00    0.17   103.96    0.00      0.00     0.00   0.00    0.00     0.00    0.00    0.00    0.89  27.10
nvme0n1p5        0.00      0.00     0.00   0.00    0.00     0.00 5280.00 545924.00     0.00   0.00    0.17   103.39    0.00      0.00     0.00   0.00    0.00     0.00    0.00    0.00    0.88  26.40


avg-cpu:  %user   %nice %system %iowait  %steal   %idle
          63.40    0.00   17.66    1.45    0.00   17.49

Device            r/s     rkB/s   rrqm/s  %rrqm r_await rareq-sz     w/s     wkB/s   wrqm/s  %wrqm w_await wareq-sz     d/s     dkB/s   drqm/s  %drqm d_await dareq-sz     f/s f_await  aqu-sz  %util
nvme0n1p3        0.00      0.00     0.00   0.00    0.00     0.00 5472.00 566764.00     1.00   0.02    0.18   103.58    0.00      0.00     0.00   0.00    0.00     0.00    0.00    0.00    0.98  30.70
nvme0n1p4        0.00      0.00     0.00   0.00    0.00     0.00 5449.00 560420.00     0.00   0.00    0.17   102.85    0.00      0.00     0.00   0.00    0.00     0.00    0.00    0.00    0.94  31.50
nvme0n1p5        0.00      0.00     0.00   0.00    0.00     0.00 5437.00 560380.00     0.00   0.00    0.17   103.07    0.00      0.00     0.00   0.00    0.00     0.00    0.00    0.00    0.92  30.70


avg-cpu:  %user   %nice %system %iowait  %steal   %idle
          62.52    0.00   18.27    1.46    0.00   17.75

Device            r/s     rkB/s   rrqm/s  %rrqm r_await rareq-sz     w/s     wkB/s   wrqm/s  %wrqm w_await wareq-sz     d/s     dkB/s   drqm/s  %drqm d_await dareq-sz     f/s f_await  aqu-sz  %util
nvme0n1p3        0.00      0.00     0.00   0.00    0.00     0.00 5612.00 589764.00     0.00   0.00    0.19   105.09    0.00      0.00     0.00   0.00    0.00     0.00    0.00    0.00    1.07  29.70
nvme0n1p4        0.00      0.00     0.00   0.00    0.00     0.00 5781.00 594388.00     0.00   0.00    0.19   102.82    0.00      0.00     0.00   0.00    0.00     0.00    0.00    0.00    1.08  34.80
nvme0n1p5        0.00      0.00     0.00   0.00    0.00     0.00 5690.00 592192.00     0.00   0.00    0.19   104.08    0.00      0.00     0.00   0.00    0.00     0.00    0.00    0.00    1.06  31.80


avg-cpu:  %user   %nice %system %iowait  %steal   %idle
          64.97    0.00   17.21    1.12    0.00   16.70

Device            r/s     rkB/s   rrqm/s  %rrqm r_await rareq-sz     w/s     wkB/s   wrqm/s  %wrqm w_await wareq-sz     d/s     dkB/s   drqm/s  %drqm d_await dareq-sz     f/s f_await  aqu-sz  %util
nvme0n1p3        0.00      0.00     0.00   0.00    0.00     0.00 5347.00 568596.00     0.00   0.00    0.19   106.34    0.00      0.00     0.00   0.00    0.00     0.00    0.00    0.00    1.03  28.30
nvme0n1p4        0.00      0.00     0.00   0.00    0.00     0.00 5452.00 568508.00     0.00   0.00    0.17   104.28    0.00      0.00     0.00   0.00    0.00     0.00    0.00    0.00    0.95  30.50
nvme0n1p5        0.00      0.00     0.00   0.00    0.00     0.00 5367.00 570400.00     0.00   0.00    0.19   106.28    0.00      0.00     0.00   0.00    0.00     0.00    0.00    0.00    1.04  31.70


avg-cpu:  %user   %nice %system %iowait  %steal   %idle
          60.15    0.00   19.28    1.79    0.00   18.77

Device            r/s     rkB/s   rrqm/s  %rrqm r_await rareq-sz     w/s     wkB/s   wrqm/s  %wrqm w_await wareq-sz     d/s     dkB/s   drqm/s  %drqm d_await dareq-sz     f/s f_await  aqu-sz  %util
nvme0n1p3        0.00      0.00     0.00   0.00    0.00     0.00 6045.00 643436.00     0.00   0.00    0.21   106.44    0.00      0.00     0.00   0.00    0.00     0.00    0.00    0.00    1.28  38.20
nvme0n1p4        0.00      0.00     0.00   0.00    0.00     0.00 6110.00 638500.00     0.00   0.00    0.23   104.50    0.00      0.00     0.00   0.00    0.00     0.00    0.00    0.00    1.43  38.70
nvme0n1p5        0.00      0.00     0.00   0.00    0.00     0.00 5968.00 638252.00     0.00   0.00    0.23   106.95    0.00      0.00     0.00   0.00    0.00     0.00    0.00    0.00    1.37  38.10


avg-cpu:  %user   %nice %system %iowait  %steal   %idle
          59.97    0.00   19.42    1.61    0.00   19.00

Device            r/s     rkB/s   rrqm/s  %rrqm r_await rareq-sz     w/s     wkB/s   wrqm/s  %wrqm w_await wareq-sz     d/s     dkB/s   drqm/s  %drqm d_await dareq-sz     f/s f_await  aqu-sz  %util
nvme0n1p3        0.00      0.00     0.00   0.00    0.00     0.00 5909.00 626884.00     0.00   0.00    0.19   106.09    0.00      0.00     0.00   0.00    0.00     0.00    0.00    0.00    1.14  35.80
nvme0n1p4        0.00      0.00     0.00   0.00    0.00     0.00 6063.00 633400.00     0.00   0.00    0.20   104.47    0.00      0.00     0.00   0.00    0.00     0.00    0.00    0.00    1.23  36.70
nvme0n1p5        0.00      0.00     0.00   0.00    0.00     0.00 5975.00 631188.00     0.00   0.00    0.21   105.64    0.00      0.00     0.00   0.00    0.00     0.00    0.00    0.00    1.28  33.30


avg-cpu:  %user   %nice %system %iowait  %steal   %idle
          63.69    0.00   18.53    1.43    0.00   16.34

Device            r/s     rkB/s   rrqm/s  %rrqm r_await rareq-sz     w/s     wkB/s   wrqm/s  %wrqm w_await wareq-sz     d/s     dkB/s   drqm/s  %drqm d_await dareq-sz     f/s f_await  aqu-sz  %util
nvme0n1p3        0.00      0.00     0.00   0.00    0.00     0.00 5511.00 581888.00     0.00   0.00    0.21   105.59    0.00      0.00     0.00   0.00    0.00     0.00    0.00    0.00    1.15  31.90
nvme0n1p4        0.00      0.00     0.00   0.00    0.00     0.00 5494.00 579092.00     0.00   0.00    0.21   105.40    0.00      0.00     0.00   0.00    0.00     0.00    0.00    0.00    1.15  33.60
nvme0n1p5        0.00      0.00     0.00   0.00    0.00     0.00 5431.00 581644.00     0.00   0.00    0.22   107.10    0.00      0.00     0.00   0.00    0.00     0.00    0.00    0.00    1.17  31.70


avg-cpu:  %user   %nice %system %iowait  %steal   %idle
          59.27    0.00   19.22    1.61    0.00   19.90

Device            r/s     rkB/s   rrqm/s  %rrqm r_await rareq-sz     w/s     wkB/s   wrqm/s  %wrqm w_await wareq-sz     d/s     dkB/s   drqm/s  %drqm d_await dareq-sz     f/s f_await  aqu-sz  %util
nvme0n1p3        0.00      0.00     0.00   0.00    0.00     0.00 5979.00 637240.00     1.00   0.02    0.22   106.58    0.00      0.00     0.00   0.00    0.00     0.00    0.00    0.00    1.33  37.50
nvme0n1p4        0.00      0.00     0.00   0.00    0.00     0.00 6132.00 640188.00     0.00   0.00    0.21   104.40    0.00      0.00     0.00   0.00    0.00     0.00    0.00    0.00    1.28  37.70
nvme0n1p5        0.00      0.00     0.00   0.00    0.00     0.00 6057.00 639424.00     0.00   0.00    0.22   105.57    0.00      0.00     0.00   0.00    0.00     0.00    0.00    0.00    1.35  36.40


avg-cpu:  %user   %nice %system %iowait  %steal   %idle
          60.91    0.00   18.28    1.68    0.00   19.12

Device            r/s     rkB/s   rrqm/s  %rrqm r_await rareq-sz     w/s     wkB/s   wrqm/s  %wrqm w_await wareq-sz     d/s     dkB/s   drqm/s  %drqm d_await dareq-sz     f/s f_await  aqu-sz  %util
nvme0n1p3        0.00      0.00     0.00   0.00    0.00     0.00 5937.00 629088.00     0.00   0.00    0.23   105.96    0.00      0.00     0.00   0.00    0.00     0.00    0.00    0.00    1.34  37.50
nvme0n1p4        0.00      0.00     0.00   0.00    0.00     0.00 5987.00 627184.00     0.00   0.00    0.21   104.76    0.00      0.00     0.00   0.00    0.00     0.00    0.00    0.00    1.26  35.50
nvme0n1p5        0.00      0.00     0.00   0.00    0.00     0.00 5923.00 626048.00     0.00   0.00    0.23   105.70    0.00      0.00     0.00   0.00    0.00     0.00    0.00    0.00    1.36  38.20


avg-cpu:  %user   %nice %system %iowait  %steal   %idle
          60.49    0.00   17.94    1.86    0.00   19.71

Device            r/s     rkB/s   rrqm/s  %rrqm r_await rareq-sz     w/s     wkB/s   wrqm/s  %wrqm w_await wareq-sz     d/s     dkB/s   drqm/s  %drqm d_await dareq-sz     f/s f_await  aqu-sz  %util
nvme0n1p3        0.00      0.00     0.00   0.00    0.00     0.00 5610.00 597100.00     0.00   0.00    0.19   106.43    0.00      0.00     0.00   0.00    0.00     0.00    0.00    0.00    1.07  35.50
nvme0n1p4        0.00      0.00     0.00   0.00    0.00     0.00 5707.00 599332.00     0.00   0.00    0.24   105.02    0.00      0.00     0.00   0.00    0.00     0.00    0.00    0.00    1.36  35.30
nvme0n1p5        0.00      0.00     0.00   0.00    0.00     0.00 5584.00 595076.00     0.00   0.00    0.21   106.57    0.00      0.00     0.00   0.00    0.00     0.00    0.00    0.00    1.18  33.30


avg-cpu:  %user   %nice %system %iowait  %steal   %idle
          60.03    0.00   18.20    1.87    0.00   19.90

Device            r/s     rkB/s   rrqm/s  %rrqm r_await rareq-sz     w/s     wkB/s   wrqm/s  %wrqm w_await wareq-sz     d/s     dkB/s   drqm/s  %drqm d_await dareq-sz     f/s f_await  aqu-sz  %util
nvme0n1p3        0.00      0.00     0.00   0.00    0.00     0.00 5843.00 613844.00     1.00   0.02    0.21   105.06    0.00      0.00     0.00   0.00    0.00     0.00    0.00    0.00    1.21  37.70
nvme0n1p4        0.00      0.00     0.00   0.00    0.00     0.00 5855.00 613784.00     0.00   0.00    0.22   104.83    0.00      0.00     0.00   0.00    0.00     0.00    0.00    0.00    1.27  37.00
nvme0n1p5        0.00      0.00     0.00   0.00    0.00     0.00 5844.00 617920.00     0.00   0.00    0.22   105.74    0.00      0.00     0.00   0.00    0.00     0.00    0.00    0.00    1.26  35.70


avg-cpu:  %user   %nice %system %iowait  %steal   %idle
          56.46    0.00   17.22    2.70    0.00   23.63

Device            r/s     rkB/s   rrqm/s  %rrqm r_await rareq-sz     w/s     wkB/s   wrqm/s  %wrqm w_await wareq-sz     d/s     dkB/s   drqm/s  %drqm d_await dareq-sz     f/s f_await  aqu-sz  %util
nvme0n1p3        0.00      0.00     0.00   0.00    0.00     0.00 5072.00 538328.00     0.00   0.00    0.46   106.14    0.00      0.00     0.00   0.00    0.00     0.00    0.00    0.00    2.32  43.10
nvme0n1p4        0.00      0.00     0.00   0.00    0.00     0.00 5141.00 538476.00     0.00   0.00    0.41   104.74    0.00      0.00     0.00   0.00    0.00     0.00    0.00    0.00    2.13  42.30
nvme0n1p5        0.00      0.00     0.00   0.00    0.00     0.00 5058.00 539460.00     0.00   0.00    0.49   106.65    0.00      0.00     0.00   0.00    0.00     0.00    0.00    0.00    2.49  41.50


avg-cpu:  %user   %nice %system %iowait  %steal   %idle
          57.81    0.00   17.55    3.29    0.00   21.35

Device            r/s     rkB/s   rrqm/s  %rrqm r_await rareq-sz     w/s     wkB/s   wrqm/s  %wrqm w_await wareq-sz     d/s     dkB/s   drqm/s  %drqm d_await dareq-sz     f/s f_await  aqu-sz  %util
nvme0n1p3        0.00      0.00     0.00   0.00    0.00     0.00 5589.00 588976.00     0.00   0.00    0.23   105.38    0.00      0.00     0.00   0.00    0.00     0.00    0.00    0.00    1.29  40.90
nvme0n1p4        0.00      0.00     0.00   0.00    0.00     0.00 5651.00 588356.00     0.00   0.00    0.26   104.12    0.00      0.00     0.00   0.00    0.00     0.00    0.00    0.00    1.48  39.50
nvme0n1p5        0.00      0.00     0.00   0.00    0.00     0.00 5575.00 585908.00     0.00   0.00    0.26   105.10    0.00      0.00     0.00   0.00    0.00     0.00    0.00    0.00    1.47  38.40


avg-cpu:  %user   %nice %system %iowait  %steal   %idle
          53.77    0.00   15.95    5.00    0.00   25.28

Device            r/s     rkB/s   rrqm/s  %rrqm r_await rareq-sz     w/s     wkB/s   wrqm/s  %wrqm w_await wareq-sz     d/s     dkB/s   drqm/s  %drqm d_await dareq-sz     f/s f_await  aqu-sz  %util
nvme0n1p3        0.00      0.00     0.00   0.00    0.00     0.00 4473.00 478724.00     0.00   0.00    0.53   107.03    0.00      0.00     0.00   0.00    0.00     0.00    0.00    0.00    2.39  49.10
nvme0n1p4        0.00      0.00     0.00   0.00    0.00     0.00 4525.00 480864.00     0.00   0.00    0.67   106.27    0.00      0.00     0.00   0.00    0.00     0.00    0.00    0.00    3.05  50.80
nvme0n1p5        0.00      0.00     0.00   0.00    0.00     0.00 4553.00 479908.00     0.00   0.00    0.71   105.40    0.00      0.00     0.00   0.00    0.00     0.00    0.00    0.00    3.21  49.60


avg-cpu:  %user   %nice %system %iowait  %steal   %idle
          56.22    0.00   18.28    2.49    0.00   23.00

Device            r/s     rkB/s   rrqm/s  %rrqm r_await rareq-sz     w/s     wkB/s   wrqm/s  %wrqm w_await wareq-sz     d/s     dkB/s   drqm/s  %drqm d_await dareq-sz     f/s f_await  aqu-sz  %util
nvme0n1p3        0.00      0.00     0.00   0.00    0.00     0.00 5543.00 589208.00     0.00   0.00    0.22   106.30    0.00      0.00     0.00   0.00    0.00     0.00    0.00    0.00    1.23  41.20
nvme0n1p4        0.00      0.00     0.00   0.00    0.00     0.00 5587.00 581948.00     0.00   0.00    0.28   104.16    0.00      0.00     0.00   0.00    0.00     0.00    0.00    0.00    1.54  41.80
nvme0n1p5        0.00      0.00     0.00   0.00    0.00     0.00 5550.00 581848.00     0.00   0.00    0.23   104.84    0.00      0.00     0.00   0.00    0.00     0.00    0.00    0.00    1.27  41.80


avg-cpu:  %user   %nice %system %iowait  %steal   %idle
          56.07    0.00   17.01    4.27    0.00   22.65

Device            r/s     rkB/s   rrqm/s  %rrqm r_await rareq-sz     w/s     wkB/s   wrqm/s  %wrqm w_await wareq-sz     d/s     dkB/s   drqm/s  %drqm d_await dareq-sz     f/s f_await  aqu-sz  %util
nvme0n1p3        0.00      0.00     0.00   0.00    0.00     0.00 5518.00 597668.00     0.00   0.00    0.38   108.31    0.00      0.00     0.00   0.00    0.00     0.00    0.00    0.00    2.11  57.70
nvme0n1p4        0.00      0.00     0.00   0.00    0.00     0.00 5485.00 600916.00     0.00   0.00    0.41   109.56    0.00      0.00     0.00   0.00    0.00     0.00    0.00    0.00    2.23  54.40
nvme0n1p5        0.00      0.00     0.00   0.00    0.00     0.00 5525.00 602676.00     1.00   0.02    0.41   109.08    0.00      0.00     0.00   0.00    0.00     0.00    0.00    0.00    2.27  56.40


avg-cpu:  %user   %nice %system %iowait  %steal   %idle
          56.34    0.00   17.02    4.09    0.00   22.55

Device            r/s     rkB/s   rrqm/s  %rrqm r_await rareq-sz     w/s     wkB/s   wrqm/s  %wrqm w_await wareq-sz     d/s     dkB/s   drqm/s  %drqm d_await dareq-sz     f/s f_await  aqu-sz  %util
nvme0n1p3        0.00      0.00     0.00   0.00    0.00     0.00 5155.00 566344.00     0.00   0.00    0.39   109.86    0.00      0.00     0.00   0.00    0.00     0.00    0.00    0.00    2.03  53.80
nvme0n1p4        0.00      0.00     0.00   0.00    0.00     0.00 5286.00 570224.00     0.00   0.00    0.40   107.87    0.00      0.00     0.00   0.00    0.00     0.00    0.00    0.00    2.14  58.20
nvme0n1p5        0.00      0.00     0.00   0.00    0.00     0.00 5207.00 568428.00     0.00   0.00    0.40   109.17    0.00      0.00     0.00   0.00    0.00     0.00    0.00    0.00    2.06  53.50


avg-cpu:  %user   %nice %system %iowait  %steal   %idle
          51.69    0.00   16.92    6.26    0.00   25.13

Device            r/s     rkB/s   rrqm/s  %rrqm r_await rareq-sz     w/s     wkB/s   wrqm/s  %wrqm w_await wareq-sz     d/s     dkB/s   drqm/s  %drqm d_await dareq-sz     f/s f_await  aqu-sz  %util
nvme0n1p3        0.00      0.00     0.00   0.00    0.00     0.00 4144.00 459500.00     0.00   0.00    0.97   110.88    0.00      0.00     0.00   0.00    0.00     0.00    0.00    0.00    4.04  69.30
nvme0n1p4        0.00      0.00     0.00   0.00    0.00     0.00 4154.00 457772.00     0.00   0.00    0.74   110.20    0.00      0.00     0.00   0.00    0.00     0.00    0.00    0.00    3.06  68.70
nvme0n1p5        0.00      0.00     0.00   0.00    0.00     0.00 4092.00 457760.00     0.00   0.00    0.80   111.87    0.00      0.00     0.00   0.00    0.00     0.00    0.00    0.00    3.28  70.30


avg-cpu:  %user   %nice %system %iowait  %steal   %idle
          48.00    0.00   15.80    7.14    0.00   29.06

Device            r/s     rkB/s   rrqm/s  %rrqm r_await rareq-sz     w/s     wkB/s   wrqm/s  %wrqm w_await wareq-sz     d/s     dkB/s   drqm/s  %drqm d_await dareq-sz     f/s f_await  aqu-sz  %util
nvme0n1p3        0.00      0.00     0.00   0.00    0.00     0.00 3742.00 416668.00     0.00   0.00    0.90   111.35    0.00      0.00     0.00   0.00    0.00     0.00    0.00    0.00    3.35  74.70
nvme0n1p4        0.00      0.00     0.00   0.00    0.00     0.00 3754.00 415788.00     0.00   0.00    1.00   110.76    0.00      0.00     0.00   0.00    0.00     0.00    0.00    0.00    3.74  75.20
nvme0n1p5        0.00      0.00     0.00   0.00    0.00     0.00 3757.00 415684.00     0.00   0.00    0.99   110.64    0.00      0.00     0.00   0.00    0.00     0.00    0.00    0.00    3.70  76.80


avg-cpu:  %user   %nice %system %iowait  %steal   %idle
          45.18    0.00   14.18    8.37    0.00   32.28

Device            r/s     rkB/s   rrqm/s  %rrqm r_await rareq-sz     w/s     wkB/s   wrqm/s  %wrqm w_await wareq-sz     d/s     dkB/s   drqm/s  %drqm d_await dareq-sz     f/s f_await  aqu-sz  %util
nvme0n1p3        0.00      0.00     0.00   0.00    0.00     0.00 3825.00 426952.00     0.00   0.00    1.15   111.62    0.00      0.00     0.00   0.00    0.00     0.00    0.00    0.00    4.39  83.50
nvme0n1p4        0.00      0.00     0.00   0.00    0.00     0.00 3771.00 425848.00     0.00   0.00    1.12   112.93    0.00      0.00     0.00   0.00    0.00     0.00    0.00    0.00    4.22  83.00
nvme0n1p5        0.00      0.00     0.00   0.00    0.00     0.00 3818.00 427532.00     0.00   0.00    1.01   111.98    0.00      0.00     0.00   0.00    0.00     0.00    0.00    0.00    3.85  84.90


avg-cpu:  %user   %nice %system %iowait  %steal   %idle
          50.89    0.00   15.72    5.95    0.00   27.44

Device            r/s     rkB/s   rrqm/s  %rrqm r_await rareq-sz     w/s     wkB/s   wrqm/s  %wrqm w_await wareq-sz     d/s     dkB/s   drqm/s  %drqm d_await dareq-sz     f/s f_await  aqu-sz  %util
nvme0n1p3        0.00      0.00     0.00   0.00    0.00     0.00 4383.00 477540.00     0.00   0.00    0.76   108.95    0.00      0.00     0.00   0.00    0.00     0.00    0.00    0.00    3.34  61.10
nvme0n1p4        0.00      0.00     0.00   0.00    0.00     0.00 4368.00 475104.00     0.00   0.00    0.69   108.77    0.00      0.00     0.00   0.00    0.00     0.00    0.00    0.00    3.00  60.50
nvme0n1p5        0.00      0.00     0.00   0.00    0.00     0.00 4433.00 473972.00     0.00   0.00    0.96   106.92    0.00      0.00     0.00   0.00    0.00     0.00    0.00    0.00    4.26  61.60


avg-cpu:  %user   %nice %system %iowait  %steal   %idle
          44.44    0.00   15.44    8.57    0.00   31.55

Device            r/s     rkB/s   rrqm/s  %rrqm r_await rareq-sz     w/s     wkB/s   wrqm/s  %wrqm w_await wareq-sz     d/s     dkB/s   drqm/s  %drqm d_await dareq-sz     f/s f_await  aqu-sz  %util
nvme0n1p3        0.00      0.00     0.00   0.00    0.00     0.00 3144.00 359032.00     0.00   0.00    1.14   114.20    0.00      0.00     0.00   0.00    0.00     0.00    0.00    0.00    3.58  84.40
nvme0n1p4        0.00      0.00     0.00   0.00    0.00     0.00 3181.00 365428.00     0.00   0.00    1.44   114.88    0.00      0.00     0.00   0.00    0.00     0.00    0.00    0.00    4.59  84.10
nvme0n1p5        0.00      0.00     0.00   0.00    0.00     0.00 3189.00 365060.00     0.00   0.00    1.33   114.47    0.00      0.00     0.00   0.00    0.00     0.00    0.00    0.00    4.23  83.30


avg-cpu:  %user   %nice %system %iowait  %steal   %idle
          47.19    0.00   15.99    7.65    0.00   29.17

Device            r/s     rkB/s   rrqm/s  %rrqm r_await rareq-sz     w/s     wkB/s   wrqm/s  %wrqm w_await wareq-sz     d/s     dkB/s   drqm/s  %drqm d_await dareq-sz     f/s f_await  aqu-sz  %util
nvme0n1p3        0.00      0.00     0.00   0.00    0.00     0.00 3863.00 435964.00     0.00   0.00    0.90   112.86    0.00      0.00     0.00   0.00    0.00     0.00    0.00    0.00    3.49  78.80
nvme0n1p4        0.00      0.00     0.00   0.00    0.00     0.00 3834.00 433000.00     0.00   0.00    0.97   112.94    0.00      0.00     0.00   0.00    0.00     0.00    0.00    0.00    3.72  79.10
nvme0n1p5        0.00      0.00     0.00   0.00    0.00     0.00 3856.00 437092.00     0.00   0.00    0.96   113.35    0.00      0.00     0.00   0.00    0.00     0.00    0.00    0.00    3.69  79.30


avg-cpu:  %user   %nice %system %iowait  %steal   %idle
          44.76    0.00   14.86    8.25    0.00   32.13

Device            r/s     rkB/s   rrqm/s  %rrqm r_await rareq-sz     w/s     wkB/s   wrqm/s  %wrqm w_await wareq-sz     d/s     dkB/s   drqm/s  %drqm d_await dareq-sz     f/s f_await  aqu-sz  %util
nvme0n1p3        0.00      0.00     0.00   0.00    0.00     0.00 3734.00 416788.00     0.00   0.00    1.06   111.62    0.00      0.00     0.00   0.00    0.00     0.00    0.00    0.00    3.96  76.30
nvme0n1p4        0.00      0.00     0.00   0.00    0.00     0.00 3720.00 414636.00     0.00   0.00    0.97   111.46    0.00      0.00     0.00   0.00    0.00     0.00    0.00    0.00    3.60  78.30
nvme0n1p5        0.00      0.00     0.00   0.00    0.00     0.00 3689.00 412552.00     0.00   0.00    0.97   111.83    0.00      0.00     0.00   0.00    0.00     0.00    0.00    0.00    3.58  78.50


avg-cpu:  %user   %nice %system %iowait  %steal   %idle
          40.86    0.00   12.53   11.42    0.00   35.19

Device            r/s     rkB/s   rrqm/s  %rrqm r_await rareq-sz     w/s     wkB/s   wrqm/s  %wrqm w_await wareq-sz     d/s     dkB/s   drqm/s  %drqm d_await dareq-sz     f/s f_await  aqu-sz  %util
nvme0n1p3        0.00      0.00     0.00   0.00    0.00     0.00 2960.00 331248.00     0.00   0.00    2.34   111.91    0.00      0.00     0.00   0.00    0.00     0.00    0.00    0.00    6.91  83.10
nvme0n1p4        0.00      0.00     0.00   0.00    0.00     0.00 2922.00 330164.00     0.00   0.00    2.13   112.99    0.00      0.00     0.00   0.00    0.00     0.00    0.00    0.00    6.23  81.70
nvme0n1p5        0.00      0.00     0.00   0.00    0.00     0.00 2945.00 332248.00     0.00   0.00    1.01   112.82    0.00      0.00     0.00   0.00    0.00     0.00    0.00    0.00    2.99  83.70


avg-cpu:  %user   %nice %system %iowait  %steal   %idle
          43.07    0.00   15.25    7.45    0.00   34.23

Device            r/s     rkB/s   rrqm/s  %rrqm r_await rareq-sz     w/s     wkB/s   wrqm/s  %wrqm w_await wareq-sz     d/s     dkB/s   drqm/s  %drqm d_await dareq-sz     f/s f_await  aqu-sz  %util
nvme0n1p3        0.00      0.00     0.00   0.00    0.00     0.00 3195.00 359988.00     0.00   0.00    1.51   112.67    0.00      0.00     0.00   0.00    0.00     0.00    0.00    0.00    4.82  79.10
nvme0n1p4        0.00      0.00     0.00   0.00    0.00     0.00 3257.00 364156.00     0.00   0.00    0.93   111.81    0.00      0.00     0.00   0.00    0.00     0.00    0.00    0.00    3.03  77.90
nvme0n1p5        0.00      0.00     0.00   0.00    0.00     0.00 3199.00 359876.00     0.00   0.00    1.06   112.50    0.00      0.00     0.00   0.00    0.00     0.00    0.00    0.00    3.38  78.60


avg-cpu:  %user   %nice %system %iowait  %steal   %idle
          43.84    0.00   14.30    8.35    0.00   33.51

Device            r/s     rkB/s   rrqm/s  %rrqm r_await rareq-sz     w/s     wkB/s   wrqm/s  %wrqm w_await wareq-sz     d/s     dkB/s   drqm/s  %drqm d_await dareq-sz     f/s f_await  aqu-sz  %util
nvme0n1p3        0.00      0.00     0.00   0.00    0.00     0.00 3465.00 392868.00     0.00   0.00    0.89   113.38    0.00      0.00     0.00   0.00    0.00     0.00    0.00    0.00    3.07  81.80
nvme0n1p4        0.00      0.00     0.00   0.00    0.00     0.00 3475.00 389848.00     0.00   0.00    1.35   112.19    0.00      0.00     0.00   0.00    0.00     0.00    0.00    0.00    4.70  79.50
nvme0n1p5        0.00      0.00     0.00   0.00    0.00     0.00 3489.00 394688.00     0.00   0.00    1.14   113.12    0.00      0.00     0.00   0.00    0.00     0.00    0.00    0.00    3.98  80.70


avg-cpu:  %user   %nice %system %iowait  %steal   %idle
          42.55    0.00   14.99    8.61    0.00   33.85

Device            r/s     rkB/s   rrqm/s  %rrqm r_await rareq-sz     w/s     wkB/s   wrqm/s  %wrqm w_await wareq-sz     d/s     dkB/s   drqm/s  %drqm d_await dareq-sz     f/s f_await  aqu-sz  %util
nvme0n1p3        0.00      0.00     0.00   0.00    0.00     0.00 3420.00 386708.00     0.00   0.00    1.27   113.07    0.00      0.00     0.00   0.00    0.00     0.00    0.00    0.00    4.33  83.30
nvme0n1p4        0.00      0.00     0.00   0.00    0.00     0.00 3408.00 387848.00     0.00   0.00    1.33   113.81    0.00      0.00     0.00   0.00    0.00     0.00    0.00    0.00    4.54  84.90
nvme0n1p5        0.00      0.00     0.00   0.00    0.00     0.00 3386.00 386020.00     0.00   0.00    1.33   114.00    0.00      0.00     0.00   0.00    0.00     0.00    0.00    0.00    4.50  83.50


avg-cpu:  %user   %nice %system %iowait  %steal   %idle
          47.82    0.00   10.25    8.80    0.00   33.13

Device            r/s     rkB/s   rrqm/s  %rrqm r_await rareq-sz     w/s     wkB/s   wrqm/s  %wrqm w_await wareq-sz     d/s     dkB/s   drqm/s  %drqm d_await dareq-sz     f/s f_await  aqu-sz  %util
nvme0n1p3        0.00      0.00     0.00   0.00    0.00     0.00 2620.00 298140.00     0.00   0.00    1.67   113.79    0.00      0.00     0.00   0.00    0.00     0.00    0.00    0.00    4.37  86.40
nvme0n1p4        0.00      0.00     0.00   0.00    0.00     0.00 2623.00 299156.00     0.00   0.00    3.24   114.05    0.00      0.00     0.00   0.00    0.00     0.00    0.00    0.00    8.49  85.40
nvme0n1p5        0.00      0.00     0.00   0.00    0.00     0.00 2642.00 298316.00     1.00   0.04    2.60   112.91    0.00      0.00     0.00   0.00    0.00     0.00    0.00    0.00    6.87  86.80


avg-cpu:  %user   %nice %system %iowait  %steal   %idle
          48.80    0.00   11.34    8.76    0.00   31.10

Device            r/s     rkB/s   rrqm/s  %rrqm r_await rareq-sz     w/s     wkB/s   wrqm/s  %wrqm w_await wareq-sz     d/s     dkB/s   drqm/s  %drqm d_await dareq-sz     f/s f_await  aqu-sz  %util
nvme0n1p3        0.00      0.00     0.00   0.00    0.00     0.00 3316.00 375532.00     0.00   0.00    1.78   113.25    0.00      0.00     0.00   0.00    0.00     0.00    0.00    0.00    5.92  81.90
nvme0n1p4        0.00      0.00     0.00   0.00    0.00     0.00 3327.00 375952.00     0.00   0.00    2.76   113.00    0.00      0.00     0.00   0.00    0.00     0.00    0.00    0.00    9.17  81.30
nvme0n1p5        0.00      0.00     0.00   0.00    0.00     0.00 3331.00 374424.00     0.00   0.00    2.60   112.41    0.00      0.00     0.00   0.00    0.00     0.00    0.00    0.00    8.65  83.80


avg-cpu:  %user   %nice %system %iowait  %steal   %idle
          43.82    0.00    9.29    9.72    0.00   37.17

Device            r/s     rkB/s   rrqm/s  %rrqm r_await rareq-sz     w/s     wkB/s   wrqm/s  %wrqm w_await wareq-sz     d/s     dkB/s   drqm/s  %drqm d_await dareq-sz     f/s f_await  aqu-sz  %util
nvme0n1p3        0.00      0.00     0.00   0.00    0.00     0.00 2581.00 296172.00     0.00   0.00    3.33   114.75    0.00      0.00     0.00   0.00    0.00     0.00    0.00    0.00    8.60  92.20
nvme0n1p4        0.00      0.00     0.00   0.00    0.00     0.00 2560.00 295628.00     0.00   0.00    2.42   115.48    0.00      0.00     0.00   0.00    0.00     0.00    0.00    0.00    6.18  91.40
nvme0n1p5        0.00      0.00     0.00   0.00    0.00     0.00 2588.00 297204.00     0.00   0.00    2.64   114.84    0.00      0.00     0.00   0.00    0.00     0.00    0.00    0.00    6.82  90.80


avg-cpu:  %user   %nice %system %iowait  %steal   %idle
          46.54    0.00   10.59    8.97    0.00   33.90

Device            r/s     rkB/s   rrqm/s  %rrqm r_await rareq-sz     w/s     wkB/s   wrqm/s  %wrqm w_await wareq-sz     d/s     dkB/s   drqm/s  %drqm d_await dareq-sz     f/s f_await  aqu-sz  %util
nvme0n1p3        0.00      0.00     0.00   0.00    0.00     0.00 2918.00 330540.00     0.00   0.00    2.57   113.28    0.00      0.00     0.00   0.00    0.00     0.00    0.00    0.00    7.49  89.50
nvme0n1p4        0.00      0.00     0.00   0.00    0.00     0.00 2864.00 328068.00     0.00   0.00    1.90   114.55    0.00      0.00     0.00   0.00    0.00     0.00    0.00    0.00    5.45  88.20
nvme0n1p5        0.00      0.00     0.00   0.00    0.00     0.00 2889.00 331148.00     0.00   0.00    2.37   114.62    0.00      0.00     0.00   0.00    0.00     0.00    0.00    0.00    6.85  88.40


avg-cpu:  %user   %nice %system %iowait  %steal   %idle
          45.35    0.00   12.38    9.14    0.00   33.13

Device            r/s     rkB/s   rrqm/s  %rrqm r_await rareq-sz     w/s     wkB/s   wrqm/s  %wrqm w_await wareq-sz     d/s     dkB/s   drqm/s  %drqm d_await dareq-sz     f/s f_await  aqu-sz  %util
nvme0n1p3        0.00      0.00     0.00   0.00    0.00     0.00 3561.00 402532.00     0.00   0.00    1.48   113.04    0.00      0.00     0.00   0.00    0.00     0.00    0.00    0.00    5.28  85.90
nvme0n1p4        0.00      0.00     0.00   0.00    0.00     0.00 3530.00 401104.00     0.00   0.00    1.31   113.63    0.00      0.00     0.00   0.00    0.00     0.00    0.00    0.00    4.64  86.50
nvme0n1p5        0.00      0.00     0.00   0.00    0.00     0.00 3564.00 404200.00     0.00   0.00    1.46   113.41    0.00      0.00     0.00   0.00    0.00     0.00    0.00    0.00    5.20  86.70


avg-cpu:  %user   %nice %system %iowait  %steal   %idle
          27.65    0.00    8.28   10.75    0.00   53.33

Device            r/s     rkB/s   rrqm/s  %rrqm r_await rareq-sz     w/s     wkB/s   wrqm/s  %wrqm w_await wareq-sz     d/s     dkB/s   drqm/s  %drqm d_await dareq-sz     f/s f_await  aqu-sz  %util
nvme0n1p3        0.00      0.00     0.00   0.00    0.00     0.00 1200.00 136188.00     0.00   0.00    7.95   113.49    0.00      0.00     0.00   0.00    0.00     0.00    0.00    0.00    9.54  90.00
nvme0n1p4        0.00      0.00     0.00   0.00    0.00     0.00 1214.00 136832.00     0.00   0.00    7.25   112.71    0.00      0.00     0.00   0.00    0.00     0.00    0.00    0.00    8.80  90.80
nvme0n1p5        0.00      0.00     0.00   0.00    0.00     0.00 1154.00 130660.00     0.00   0.00    7.76   113.22    0.00      0.00     0.00   0.00    0.00     0.00    0.00    0.00    8.95  90.70


avg-cpu:  %user   %nice %system %iowait  %steal   %idle
          40.69    0.00   13.07    7.88    0.00   38.35

Device            r/s     rkB/s   rrqm/s  %rrqm r_await rareq-sz     w/s     wkB/s   wrqm/s  %wrqm w_await wareq-sz     d/s     dkB/s   drqm/s  %drqm d_await dareq-sz     f/s f_await  aqu-sz  %util
nvme0n1p3        0.00      0.00     0.00   0.00    0.00     0.00 3018.00 331236.00     0.00   0.00    1.59   109.75    0.00      0.00     0.00   0.00    0.00     0.00    0.00    0.00    4.78  75.90
nvme0n1p4        0.00      0.00     0.00   0.00    0.00     0.00 3021.00 334396.00     0.00   0.00    1.89   110.69    0.00      0.00     0.00   0.00    0.00     0.00    0.00    0.00    5.72  75.60
nvme0n1p5        0.00      0.00     0.00   0.00    0.00     0.00 3059.00 334728.00     1.00   0.03    1.93   109.42    0.00      0.00     0.00   0.00    0.00     0.00    0.00    0.00    5.89  75.80


avg-cpu:  %user   %nice %system %iowait  %steal   %idle
          38.71    0.00   12.88    8.67    0.00   39.74

Device            r/s     rkB/s   rrqm/s  %rrqm r_await rareq-sz     w/s     wkB/s   wrqm/s  %wrqm w_await wareq-sz     d/s     dkB/s   drqm/s  %drqm d_await dareq-sz     f/s f_await  aqu-sz  %util
nvme0n1p3        0.00      0.00     0.00   0.00    0.00     0.00 2713.00 303440.00     0.00   0.00    2.43   111.85    0.00      0.00     0.00   0.00    0.00     0.00    0.00    0.00    6.61  80.50
nvme0n1p4        0.00      0.00     0.00   0.00    0.00     0.00 2734.00 307300.00     0.00   0.00    1.34   112.40    0.00      0.00     0.00   0.00    0.00     0.00    0.00    0.00    3.67  80.90
nvme0n1p5        0.00      0.00     0.00   0.00    0.00     0.00 2758.00 306328.00     0.00   0.00    1.72   111.07    0.00      0.00     0.00   0.00    0.00     0.00    0.00    0.00    4.75  82.00


avg-cpu:  %user   %nice %system %iowait  %steal   %idle
          42.65    0.00   12.47    9.20    0.00   35.68

Device            r/s     rkB/s   rrqm/s  %rrqm r_await rareq-sz     w/s     wkB/s   wrqm/s  %wrqm w_await wareq-sz     d/s     dkB/s   drqm/s  %drqm d_await dareq-sz     f/s f_await  aqu-sz  %util
nvme0n1p3        0.00      0.00     0.00   0.00    0.00     0.00 2610.00 298260.00     0.00   0.00    1.48   114.28    0.00      0.00     0.00   0.00    0.00     0.00    0.00    0.00    3.86  87.80
nvme0n1p4        0.00      0.00     0.00   0.00    0.00     0.00 2570.00 294376.00     0.00   0.00    1.99   114.54    0.00      0.00     0.00   0.00    0.00     0.00    0.00    0.00    5.11  86.90
nvme0n1p5        0.00      0.00     0.00   0.00    0.00     0.00 2579.00 296180.00     0.00   0.00    2.60   114.84    0.00      0.00     0.00   0.00    0.00     0.00    0.00    0.00    6.71  89.50


avg-cpu:  %user   %nice %system %iowait  %steal   %idle
          43.63    0.00   13.34    8.43    0.00   34.60

Device            r/s     rkB/s   rrqm/s  %rrqm r_await rareq-sz     w/s     wkB/s   wrqm/s  %wrqm w_await wareq-sz     d/s     dkB/s   drqm/s  %drqm d_await dareq-sz     f/s f_await  aqu-sz  %util
nvme0n1p3        0.00      0.00     0.00   0.00    0.00     0.00 3001.00 339392.00     0.00   0.00    1.05   113.09    0.00      0.00     0.00   0.00    0.00     0.00    0.00    0.00    3.14  83.40
nvme0n1p4        0.00      0.00     0.00   0.00    0.00     0.00 3013.00 339416.00     0.00   0.00    1.15   112.65    0.00      0.00     0.00   0.00    0.00     0.00    0.00    0.00    3.45  82.80
nvme0n1p5        0.00      0.00     0.00   0.00    0.00     0.00 3015.00 339288.00     0.00   0.00    1.78   112.53    0.00      0.00     0.00   0.00    0.00     0.00    0.00    0.00    5.36  83.30


avg-cpu:  %user   %nice %system %iowait  %steal   %idle
          43.79    0.00   11.72    9.14    0.00   35.34

Device            r/s     rkB/s   rrqm/s  %rrqm r_await rareq-sz     w/s     wkB/s   wrqm/s  %wrqm w_await wareq-sz     d/s     dkB/s   drqm/s  %drqm d_await dareq-sz     f/s f_await  aqu-sz  %util
nvme0n1p3        0.00      0.00     0.00   0.00    0.00     0.00 2926.00 332216.00     1.00   0.03    2.19   113.54    0.00      0.00     0.00   0.00    0.00     0.00    0.00    0.00    6.42  84.90
nvme0n1p4        0.00      0.00     0.00   0.00    0.00     0.00 2901.00 330156.00     0.00   0.00    1.60   113.81    0.00      0.00     0.00   0.00    0.00     0.00    0.00    0.00    4.64  85.00
nvme0n1p5        0.00      0.00     0.00   0.00    0.00     0.00 2900.00 329240.00     0.00   0.00    1.31   113.53    0.00      0.00     0.00   0.00    0.00     0.00    0.00    0.00    3.79  84.80


avg-cpu:  %user   %nice %system %iowait  %steal   %idle
          38.49    0.00   12.40    9.75    0.00   39.35

Device            r/s     rkB/s   rrqm/s  %rrqm r_await rareq-sz     w/s     wkB/s   wrqm/s  %wrqm w_await wareq-sz     d/s     dkB/s   drqm/s  %drqm d_await dareq-sz     f/s f_await  aqu-sz  %util
nvme0n1p3        0.00      0.00     0.00   0.00    0.00     0.00 2483.00 285484.00     1.00   0.04    2.31   114.98    0.00      0.00     0.00   0.00    0.00     0.00    0.00    0.00    5.74  88.20
nvme0n1p4        0.00      0.00     0.00   0.00    0.00     0.00 2486.00 286896.00     0.00   0.00    1.95   115.40    0.00      0.00     0.00   0.00    0.00     0.00    0.00    0.00    4.85  89.20
nvme0n1p5        0.00      0.00     0.00   0.00    0.00     0.00 2506.00 285908.00     1.00   0.04    1.82   114.09    0.00      0.00     0.00   0.00    0.00     0.00    0.00    0.00    4.57  90.60


avg-cpu:  %user   %nice %system %iowait  %steal   %idle
          44.29    0.00   14.33    8.15    0.00   33.22

Device            r/s     rkB/s   rrqm/s  %rrqm r_await rareq-sz     w/s     wkB/s   wrqm/s  %wrqm w_await wareq-sz     d/s     dkB/s   drqm/s  %drqm d_await dareq-sz     f/s f_await  aqu-sz  %util
nvme0n1p3        0.00      0.00     0.00   0.00    0.00     0.00 3356.00 377868.00     1.00   0.03    1.31   112.59    0.00      0.00     0.00   0.00    0.00     0.00    0.00    0.00    4.38  80.10
nvme0n1p4        0.00      0.00     0.00   0.00    0.00     0.00 3358.00 377504.00     0.00   0.00    1.57   112.42    0.00      0.00     0.00   0.00    0.00     0.00    0.00    0.00    5.28  80.50
nvme0n1p5        0.00      0.00     0.00   0.00    0.00     0.00 3393.00 377552.00     1.00   0.03    1.32   111.27    0.00      0.00     0.00   0.00    0.00     0.00    0.00    0.00    4.47  82.30


avg-cpu:  %user   %nice %system %iowait  %steal   %idle
          49.27    0.00   15.97    7.26    0.00   27.50

Device            r/s     rkB/s   rrqm/s  %rrqm r_await rareq-sz     w/s     wkB/s   wrqm/s  %wrqm w_await wareq-sz     d/s     dkB/s   drqm/s  %drqm d_await dareq-sz     f/s f_await  aqu-sz  %util
nvme0n1p3        0.00      0.00     0.00   0.00    0.00     0.00 3666.00 401072.00     0.00   0.00    0.70   109.40    0.00      0.00     0.00   0.00    0.00     0.00    0.00    0.00    2.56  72.10
nvme0n1p4        0.00      0.00     0.00   0.00    0.00     0.00 3644.00 401292.00     0.00   0.00    0.77   110.12    0.00      0.00     0.00   0.00    0.00     0.00    0.00    0.00    2.79  70.80
nvme0n1p5        0.00      0.00     0.00   0.00    0.00     0.00 3668.00 400308.00     0.00   0.00    0.67   109.14    0.00      0.00     0.00   0.00    0.00     0.00    0.00    0.00    2.46  69.60


avg-cpu:  %user   %nice %system %iowait  %steal   %idle
          42.82    0.00   14.79    8.43    0.00   33.96

Device            r/s     rkB/s   rrqm/s  %rrqm r_await rareq-sz     w/s     wkB/s   wrqm/s  %wrqm w_await wareq-sz     d/s     dkB/s   drqm/s  %drqm d_await dareq-sz     f/s f_await  aqu-sz  %util
nvme0n1p3        0.00      0.00     0.00   0.00    0.00     0.00 2337.00 266600.00     0.00   0.00    1.93   114.08    0.00      0.00     0.00   0.00    0.00     0.00    0.00    0.00    4.50  83.50
nvme0n1p4        0.00      0.00     0.00   0.00    0.00     0.00 2365.00 268412.00     1.00   0.04    1.99   113.49    0.00      0.00     0.00   0.00    0.00     0.00    0.00    0.00    4.70  83.50
nvme0n1p5        0.00      0.00     0.00   0.00    0.00     0.00 2362.00 269432.00     0.00   0.00    2.06   114.07    0.00      0.00     0.00   0.00    0.00     0.00    0.00    0.00    4.87  87.20


avg-cpu:  %user   %nice %system %iowait  %steal   %idle
          42.43    0.00   13.34    9.32    0.00   34.90

Device            r/s     rkB/s   rrqm/s  %rrqm r_await rareq-sz     w/s     wkB/s   wrqm/s  %wrqm w_await wareq-sz     d/s     dkB/s   drqm/s  %drqm d_await dareq-sz     f/s f_await  aqu-sz  %util
nvme0n1p3        0.00      0.00     0.00   0.00    0.00     0.00 3018.00 338460.00     0.00   0.00    1.54   112.15    0.00      0.00     0.00   0.00    0.00     0.00    0.00    0.00    4.66  79.20
nvme0n1p4        0.00      0.00     0.00   0.00    0.00     0.00 3036.00 337092.00     0.00   0.00    1.82   111.03    0.00      0.00     0.00   0.00    0.00     0.00    0.00    0.00    5.53  80.40
nvme0n1p5        0.00      0.00     0.00   0.00    0.00     0.00 2963.00 335312.00     0.00   0.00    1.25   113.17    0.00      0.00     0.00   0.00    0.00     0.00    0.00    0.00    3.71  80.90


avg-cpu:  %user   %nice %system %iowait  %steal   %idle
          43.04    0.00   13.66    8.20    0.00   35.10

Device            r/s     rkB/s   rrqm/s  %rrqm r_await rareq-sz     w/s     wkB/s   wrqm/s  %wrqm w_await wareq-sz     d/s     dkB/s   drqm/s  %drqm d_await dareq-sz     f/s f_await  aqu-sz  %util
nvme0n1p3        0.00      0.00     0.00   0.00    0.00     0.00 3314.00 370344.00     0.00   0.00    1.46   111.75    0.00      0.00     0.00   0.00    0.00     0.00    0.00    0.00    4.83  81.10
nvme0n1p4        0.00      0.00     0.00   0.00    0.00     0.00 3273.00 366960.00     0.00   0.00    1.23   112.12    0.00      0.00     0.00   0.00    0.00     0.00    0.00    0.00    4.01  80.50
nvme0n1p5        0.00      0.00     0.00   0.00    0.00     0.00 3282.00 368012.00     0.00   0.00    1.36   112.13    0.00      0.00     0.00   0.00    0.00     0.00    0.00    0.00    4.47  80.10


avg-cpu:  %user   %nice %system %iowait  %steal   %idle
          47.05    0.00   15.16    7.37    0.00   30.42

Device            r/s     rkB/s   rrqm/s  %rrqm r_await rareq-sz     w/s     wkB/s   wrqm/s  %wrqm w_await wareq-sz     d/s     dkB/s   drqm/s  %drqm d_await dareq-sz     f/s f_await  aqu-sz  %util
nvme0n1p3        0.00      0.00     0.00   0.00    0.00     0.00 3262.00 363180.00     0.00   0.00    1.46   111.34    0.00      0.00     0.00   0.00    0.00     0.00    0.00    0.00    4.76  78.30
nvme0n1p4        0.00      0.00     0.00   0.00    0.00     0.00 3319.00 368992.00     0.00   0.00    0.99   111.18    0.00      0.00     0.00   0.00    0.00     0.00    0.00    0.00    3.28  77.00
nvme0n1p5        0.00      0.00     0.00   0.00    0.00     0.00 3320.00 372020.00     0.00   0.00    1.08   112.05    0.00      0.00     0.00   0.00    0.00     0.00    0.00    0.00    3.59  77.10


avg-cpu:  %user   %nice %system %iowait  %steal   %idle
          46.52    0.00   17.39    6.96    0.00   29.13

Device            r/s     rkB/s   rrqm/s  %rrqm r_await rareq-sz     w/s     wkB/s   wrqm/s  %wrqm w_await wareq-sz     d/s     dkB/s   drqm/s  %drqm d_await dareq-sz     f/s f_await  aqu-sz  %util
nvme0n1p3        0.00      0.00     0.00   0.00    0.00     0.00 3435.00 383756.00     0.00   0.00    1.05   111.72    0.00      0.00     0.00   0.00    0.00     0.00    0.00    0.00    3.61  76.80
nvme0n1p4        0.00      0.00     0.00   0.00    0.00     0.00 3429.00 379684.00     0.00   0.00    1.09   110.73    0.00      0.00     0.00   0.00    0.00     0.00    0.00    0.00    3.73  76.70
nvme0n1p5        0.00      0.00     0.00   0.00    0.00     0.00 3439.00 379448.00     0.00   0.00    1.12   110.34    0.00      0.00     0.00   0.00    0.00     0.00    0.00    0.00    3.86  76.80


avg-cpu:  %user   %nice %system %iowait  %steal   %idle
          42.01    0.00   13.11    9.11    0.00   35.76

Device            r/s     rkB/s   rrqm/s  %rrqm r_await rareq-sz     w/s     wkB/s   wrqm/s  %wrqm w_await wareq-sz     d/s     dkB/s   drqm/s  %drqm d_await dareq-sz     f/s f_await  aqu-sz  %util
nvme0n1p3        0.00      0.00     0.00   0.00    0.00     0.00 2476.00 273700.00     0.00   0.00    1.02   110.54    0.00      0.00     0.00   0.00    0.00     0.00    0.00    0.00    2.54  80.10
nvme0n1p4        0.00      0.00     0.00   0.00    0.00     0.00 2440.00 273380.00     0.00   0.00    3.23   112.04    0.00      0.00     0.00   0.00    0.00     0.00    0.00    0.00    7.89  77.80
nvme0n1p5        0.00      0.00     0.00   0.00    0.00     0.00 2456.00 273660.00     0.00   0.00    2.01   111.43    0.00      0.00     0.00   0.00    0.00     0.00    0.00    0.00    4.93  78.30


avg-cpu:  %user   %nice %system %iowait  %steal   %idle
          44.07    0.00   13.77    8.57    0.00   33.59

Device            r/s     rkB/s   rrqm/s  %rrqm r_await rareq-sz     w/s     wkB/s   wrqm/s  %wrqm w_await wareq-sz     d/s     dkB/s   drqm/s  %drqm d_await dareq-sz     f/s f_await  aqu-sz  %util
nvme0n1p3        0.00      0.00     0.00   0.00    0.00     0.00 2970.00 335336.00     0.00   0.00    1.34   112.91    0.00      0.00     0.00   0.00    0.00     0.00    0.00    0.00    3.96  80.00
nvme0n1p4        0.00      0.00     0.00   0.00    0.00     0.00 3001.00 339556.00     0.00   0.00    1.33   113.15    0.00      0.00     0.00   0.00    0.00     0.00    0.00    0.00    3.99  83.20
nvme0n1p5        0.00      0.00     0.00   0.00    0.00     0.00 2984.00 336368.00     0.00   0.00    1.25   112.72    0.00      0.00     0.00   0.00    0.00     0.00    0.00    0.00    3.74  81.80


avg-cpu:  %user   %nice %system %iowait  %steal   %idle
          40.66    0.00   12.28    9.60    0.00   37.46

Device            r/s     rkB/s   rrqm/s  %rrqm r_await rareq-sz     w/s     wkB/s   wrqm/s  %wrqm w_await wareq-sz     d/s     dkB/s   drqm/s  %drqm d_await dareq-sz     f/s f_await  aqu-sz  %util
nvme0n1p3        0.00      0.00     0.00   0.00    0.00     0.00 2308.00 261608.00     0.00   0.00    2.45   113.35    0.00      0.00     0.00   0.00    0.00     0.00    0.00    0.00    5.66  81.00
nvme0n1p4        0.00      0.00     0.00   0.00    0.00     0.00 2337.00 265468.00     0.00   0.00    2.65   113.59    0.00      0.00     0.00   0.00    0.00     0.00    0.00    0.00    6.20  82.60
nvme0n1p5        0.00      0.00     0.00   0.00    0.00     0.00 2342.00 265340.00     0.00   0.00    3.35   113.30    0.00      0.00     0.00   0.00    0.00     0.00    0.00    0.00    7.83  82.30


avg-cpu:  %user   %nice %system %iowait  %steal   %idle
          46.51    0.00   13.87    8.87    0.00   30.75

Device            r/s     rkB/s   rrqm/s  %rrqm r_await rareq-sz     w/s     wkB/s   wrqm/s  %wrqm w_await wareq-sz     d/s     dkB/s   drqm/s  %drqm d_await dareq-sz     f/s f_await  aqu-sz  %util
nvme0n1p3        0.00      0.00     0.00   0.00    0.00     0.00 3304.95 377358.42     0.00   0.00    1.11   114.18    0.00      0.00     0.00   0.00    0.00     0.00    0.00    0.00    3.66  82.48
nvme0n1p4        0.00      0.00     0.00   0.00    0.00     0.00 3259.41 371267.33     0.00   0.00    1.16   113.91    0.00      0.00     0.00   0.00    0.00     0.00    0.00    0.00    3.78  80.10
nvme0n1p5        0.00      0.00     0.00   0.00    0.00     0.00 3310.89 375722.77     0.00   0.00    1.15   113.48    0.00      0.00     0.00   0.00    0.00     0.00    0.00    0.00    3.80  81.88


avg-cpu:  %user   %nice %system %iowait  %steal   %idle
          45.24    0.00   12.02    9.44    0.00   33.30

Device            r/s     rkB/s   rrqm/s  %rrqm r_await rareq-sz     w/s     wkB/s   wrqm/s  %wrqm w_await wareq-sz     d/s     dkB/s   drqm/s  %drqm d_await dareq-sz     f/s f_await  aqu-sz  %util
nvme0n1p3        0.00      0.00     0.00   0.00    0.00     0.00 3259.00 363132.00     0.00   0.00    1.00   111.42    0.00      0.00     0.00   0.00    0.00     0.00    0.00    0.00    3.25  76.70
nvme0n1p4        0.00      0.00     0.00   0.00    0.00     0.00 3243.00 362480.00     0.00   0.00    1.10   111.77    0.00      0.00     0.00   0.00    0.00     0.00    0.00    0.00    3.57  76.40
nvme0n1p5        0.00      0.00     0.00   0.00    0.00     0.00 3256.00 359096.00     0.00   0.00    0.96   110.29    0.00      0.00     0.00   0.00    0.00     0.00    0.00    0.00    3.11  78.00


avg-cpu:  %user   %nice %system %iowait  %steal   %idle
          36.58    0.00   10.61   10.70    0.00   42.11

Device            r/s     rkB/s   rrqm/s  %rrqm r_await rareq-sz     w/s     wkB/s   wrqm/s  %wrqm w_await wareq-sz     d/s     dkB/s   drqm/s  %drqm d_await dareq-sz     f/s f_await  aqu-sz  %util
nvme0n1p3        0.00      0.00     0.00   0.00    0.00     0.00 2065.00 235504.00     0.00   0.00    4.01   114.05    0.00      0.00     0.00   0.00    0.00     0.00    0.00    0.00    8.27  86.80
nvme0n1p4        0.00      0.00     0.00   0.00    0.00     0.00 2067.00 235264.00     0.00   0.00    3.57   113.82    0.00      0.00     0.00   0.00    0.00     0.00    0.00    0.00    7.38  85.00
nvme0n1p5        0.00      0.00     0.00   0.00    0.00     0.00 2061.00 237512.00     0.00   0.00    3.26   115.24    0.00      0.00     0.00   0.00    0.00     0.00    0.00    0.00    6.71  86.30


avg-cpu:  %user   %nice %system %iowait  %steal   %idle
          33.77    0.00    9.44    9.26    0.00   47.53

Device            r/s     rkB/s   rrqm/s  %rrqm r_await rareq-sz     w/s     wkB/s   wrqm/s  %wrqm w_await wareq-sz     d/s     dkB/s   drqm/s  %drqm d_await dareq-sz     f/s f_await  aqu-sz  %util
nvme0n1p3        0.00      0.00     0.00   0.00    0.00     0.00 2117.00 239564.00     0.00   0.00    3.68   113.16    0.00      0.00     0.00   0.00    0.00     0.00    0.00    0.00    7.79  87.90
nvme0n1p4        0.00      0.00     0.00   0.00    0.00     0.00 2117.00 240948.00     0.00   0.00    2.65   113.82    0.00      0.00     0.00   0.00    0.00     0.00    0.00    0.00    5.60  87.10
nvme0n1p5        0.00      0.00     0.00   0.00    0.00     0.00 2095.00 238516.00     0.00   0.00    3.21   113.85    0.00      0.00     0.00   0.00    0.00     0.00    0.00    0.00    6.73  88.00


avg-cpu:  %user   %nice %system %iowait  %steal   %idle
          41.96    0.00   13.16    9.54    0.00   35.34

Device            r/s     rkB/s   rrqm/s  %rrqm r_await rareq-sz     w/s     wkB/s   wrqm/s  %wrqm w_await wareq-sz     d/s     dkB/s   drqm/s  %drqm d_await dareq-sz     f/s f_await  aqu-sz  %util
nvme0n1p3        0.00      0.00     0.00   0.00    0.00     0.00 2665.00 298208.00     0.00   0.00    1.05   111.90    0.00      0.00     0.00   0.00    0.00     0.00    0.00    0.00    2.81  77.90
nvme0n1p4        0.00      0.00     0.00   0.00    0.00     0.00 2721.00 299556.00     0.00   0.00    1.37   110.09    0.00      0.00     0.00   0.00    0.00     0.00    0.00    0.00    3.72  71.60
nvme0n1p5        0.00      0.00     0.00   0.00    0.00     0.00 2709.00 299540.00     0.00   0.00    0.88   110.57    0.00      0.00     0.00   0.00    0.00     0.00    0.00    0.00    2.38  77.80


avg-cpu:  %user   %nice %system %iowait  %steal   %idle
          43.77    0.00   15.87    8.63    0.00   31.73

Device            r/s     rkB/s   rrqm/s  %rrqm r_await rareq-sz     w/s     wkB/s   wrqm/s  %wrqm w_await wareq-sz     d/s     dkB/s   drqm/s  %drqm d_await dareq-sz     f/s f_await  aqu-sz  %util
nvme0n1p3        0.00      0.00     0.00   0.00    0.00     0.00 2964.00 333428.00     0.00   0.00    1.48   112.49    0.00      0.00     0.00   0.00    0.00     0.00    0.00    0.00    4.39  81.70
nvme0n1p4        0.00      0.00     0.00   0.00    0.00     0.00 2945.00 332276.00     0.00   0.00    1.43   112.83    0.00      0.00     0.00   0.00    0.00     0.00    0.00    0.00    4.21  85.80
nvme0n1p5        0.00      0.00     0.00   0.00    0.00     0.00 2947.00 331252.00     0.00   0.00    1.93   112.40    0.00      0.00     0.00   0.00    0.00     0.00    0.00    0.00    5.70  82.80


avg-cpu:  %user   %nice %system %iowait  %steal   %idle
          42.82    0.00   14.62    8.53    0.00   34.03

Device            r/s     rkB/s   rrqm/s  %rrqm r_await rareq-sz     w/s     wkB/s   wrqm/s  %wrqm w_await wareq-sz     d/s     dkB/s   drqm/s  %drqm d_await dareq-sz     f/s f_await  aqu-sz  %util
nvme0n1p3        0.00      0.00     0.00   0.00    0.00     0.00 3456.00 390952.00     0.00   0.00    1.23   113.12    0.00      0.00     0.00   0.00    0.00     0.00    0.00    0.00    4.24  83.20
nvme0n1p4        0.00      0.00     0.00   0.00    0.00     0.00 3419.00 389120.00     0.00   0.00    1.21   113.81    0.00      0.00     0.00   0.00    0.00     0.00    0.00    0.00    4.15  83.80
nvme0n1p5        0.00      0.00     0.00   0.00    0.00     0.00 3432.00 389784.00     0.00   0.00    1.43   113.57    0.00      0.00     0.00   0.00    0.00     0.00    0.00    0.00    4.91  82.60


avg-cpu:  %user   %nice %system %iowait  %steal   %idle
          38.85    0.00   12.63    9.84    0.00   38.68

Device            r/s     rkB/s   rrqm/s  %rrqm r_await rareq-sz     w/s     wkB/s   wrqm/s  %wrqm w_await wareq-sz     d/s     dkB/s   drqm/s  %drqm d_await dareq-sz     f/s f_await  aqu-sz  %util
nvme0n1p3        0.00      0.00     0.00   0.00    0.00     0.00 2985.00 339356.00     0.00   0.00    1.69   113.69    0.00      0.00     0.00   0.00    0.00     0.00    0.00    0.00    5.04  88.50
nvme0n1p4        0.00      0.00     0.00   0.00    0.00     0.00 3012.00 342196.00     0.00   0.00    1.92   113.61    0.00      0.00     0.00   0.00    0.00     0.00    0.00    0.00    5.78  86.50
nvme0n1p5        0.00      0.00     0.00   0.00    0.00     0.00 2988.00 340380.00     0.00   0.00    1.81   113.92    0.00      0.00     0.00   0.00    0.00     0.00    0.00    0.00    5.41  87.30


avg-cpu:  %user   %nice %system %iowait  %steal   %idle
          23.52    0.00    7.10    2.65    0.00   66.72

Device            r/s     rkB/s   rrqm/s  %rrqm r_await rareq-sz     w/s     wkB/s   wrqm/s  %wrqm w_await wareq-sz     d/s     dkB/s   drqm/s  %drqm d_await dareq-sz     f/s f_await  aqu-sz  %util
nvme0n1p3        0.00      0.00     0.00   0.00    0.00     0.00 1167.00 131680.00     0.00   0.00    1.01   112.84    0.00      0.00     0.00   0.00    0.00     0.00    0.00    0.00    1.18  28.10
nvme0n1p4        0.00      0.00     0.00   0.00    0.00     0.00 1161.00 130520.00     0.00   0.00    1.03   112.42    0.00      0.00     0.00   0.00    0.00     0.00    0.00    0.00    1.20  28.80
nvme0n1p5        0.00      0.00     0.00   0.00    0.00     0.00 1167.00 132692.00     0.00   0.00    1.26   113.70    0.00      0.00     0.00   0.00    0.00     0.00    0.00    0.00    1.48  28.30


avg-cpu:  %user   %nice %system %iowait  %steal   %idle
          12.47    0.00    1.79    0.17    0.00   85.57

Device            r/s     rkB/s   rrqm/s  %rrqm r_await rareq-sz     w/s     wkB/s   wrqm/s  %wrqm w_await wareq-sz     d/s     dkB/s   drqm/s  %drqm d_await dareq-sz     f/s f_await  aqu-sz  %util
nvme0n1p3        0.00      0.00     0.00   0.00    0.00     0.00    0.00      0.00     0.00   0.00    0.00     0.00    0.00      0.00     0.00   0.00    0.00     0.00    0.00    0.00    0.00   0.00
nvme0n1p4        0.00      0.00     0.00   0.00    0.00     0.00    0.00      0.00     0.00   0.00    0.00     0.00    0.00      0.00     0.00   0.00    0.00     0.00    0.00    0.00    0.00   0.00
nvme0n1p5        0.00      0.00     0.00   0.00    0.00     0.00    0.00      0.00     0.00   0.00    0.00     0.00    0.00      0.00     0.00   0.00    0.00     0.00    0.00    0.00    0.00   0.00


avg-cpu:  %user   %nice %system %iowait  %steal   %idle
          13.20    0.00    1.90    0.09    0.00   84.81

Device            r/s     rkB/s   rrqm/s  %rrqm r_await rareq-sz     w/s     wkB/s   wrqm/s  %wrqm w_await wareq-sz     d/s     dkB/s   drqm/s  %drqm d_await dareq-sz     f/s f_await  aqu-sz  %util
nvme0n1p3        0.00      0.00     0.00   0.00    0.00     0.00    2.00     12.00     0.00   0.00    0.00     6.00    0.00      0.00     0.00   0.00    0.00     0.00    0.00    0.00    0.00   0.00
nvme0n1p4        0.00      0.00     0.00   0.00    0.00     0.00    0.00      0.00     0.00   0.00    0.00     0.00    0.00      0.00     0.00   0.00    0.00     0.00    0.00    0.00    0.00   0.00
nvme0n1p5        0.00      0.00     0.00   0.00    0.00     0.00    0.00      0.00     0.00   0.00    0.00     0.00    0.00      0.00     0.00   0.00    0.00     0.00    0.00    0.00    0.00   0.00


avg-cpu:  %user   %nice %system %iowait  %steal   %idle
           9.89    0.00    1.55    0.00    0.00   88.56

Device            r/s     rkB/s   rrqm/s  %rrqm r_await rareq-sz     w/s     wkB/s   wrqm/s  %wrqm w_await wareq-sz     d/s     dkB/s   drqm/s  %drqm d_await dareq-sz     f/s f_await  aqu-sz  %util
nvme0n1p3        0.00      0.00     0.00   0.00    0.00     0.00    0.00      0.00     0.00   0.00    0.00     0.00    0.00      0.00     0.00   0.00    0.00     0.00    0.00    0.00    0.00   0.00
nvme0n1p4        0.00      0.00     0.00   0.00    0.00     0.00    2.00     12.00     0.00   0.00    0.00     6.00    0.00      0.00     0.00   0.00    0.00     0.00    0.00    0.00    0.00   0.00
nvme0n1p5        0.00      0.00     0.00   0.00    0.00     0.00    2.00     12.00     0.00   0.00    0.00     6.00    0.00      0.00     0.00   0.00    0.00     0.00    0.00    0.00    0.00   0.00


avg-cpu:  %user   %nice %system %iowait  %steal   %idle
          31.03    0.00    2.39    0.26    0.00   66.32

Device            r/s     rkB/s   rrqm/s  %rrqm r_await rareq-sz     w/s     wkB/s   wrqm/s  %wrqm w_await wareq-sz     d/s     dkB/s   drqm/s  %drqm d_await dareq-sz     f/s f_await  aqu-sz  %util
nvme0n1p3        0.00      0.00     0.00   0.00    0.00     0.00    0.00      0.00     0.00   0.00    0.00     0.00    0.00      0.00     0.00   0.00    0.00     0.00    0.00    0.00    0.00   0.00
nvme0n1p4        0.00      0.00     0.00   0.00    0.00     0.00    0.00      0.00     0.00   0.00    0.00     0.00    0.00      0.00     0.00   0.00    0.00     0.00    0.00    0.00    0.00   0.00
nvme0n1p5        0.00      0.00     0.00   0.00    0.00     0.00    0.00      0.00     0.00   0.00    0.00     0.00    0.00      0.00     0.00   0.00    0.00     0.00    0.00    0.00    0.00   0.00


avg-cpu:  %user   %nice %system %iowait  %steal   %idle
          30.93    0.00    1.36    0.08    0.00   67.63

Device            r/s     rkB/s   rrqm/s  %rrqm r_await rareq-sz     w/s     wkB/s   wrqm/s  %wrqm w_await wareq-sz     d/s     dkB/s   drqm/s  %drqm d_await dareq-sz     f/s f_await  aqu-sz  %util
nvme0n1p3        0.00      0.00     0.00   0.00    0.00     0.00    4.00     12.00     0.00   0.00    0.25     3.00    0.00      0.00     0.00   0.00    0.00     0.00    0.00    0.00    0.00   0.00
nvme0n1p4        0.00      0.00     0.00   0.00    0.00     0.00    4.00     16.00     0.00   0.00    0.00     4.00    0.00      0.00     0.00   0.00    0.00     0.00    0.00    0.00    0.00   0.00
nvme0n1p5        0.00      0.00     0.00   0.00    0.00     0.00    4.00     16.00     0.00   0.00    0.00     4.00    0.00      0.00     0.00   0.00    0.00     0.00    0.00    0.00    0.00   0.00


avg-cpu:  %user   %nice %system %iowait  %steal   %idle
          24.34    0.00    0.85    0.08    0.00   74.72

Device            r/s     rkB/s   rrqm/s  %rrqm r_await rareq-sz     w/s     wkB/s   wrqm/s  %wrqm w_await wareq-sz     d/s     dkB/s   drqm/s  %drqm d_await dareq-sz     f/s f_await  aqu-sz  %util
nvme0n1p3        0.00      0.00     0.00   0.00    0.00     0.00    0.00      0.00     0.00   0.00    0.00     0.00    0.00      0.00     0.00   0.00    0.00     0.00    0.00    0.00    0.00   0.00
nvme0n1p4        0.00      0.00     0.00   0.00    0.00     0.00    1.00      4.00     0.00   0.00    0.00     4.00    0.00      0.00     0.00   0.00    0.00     0.00    0.00    0.00    0.00   0.00
nvme0n1p5        0.00      0.00     0.00   0.00    0.00     0.00    1.00      4.00     0.00   0.00    0.00     4.00    0.00      0.00     0.00   0.00    0.00     0.00    0.00    0.00    0.00   0.10


avg-cpu:  %user   %nice %system %iowait  %steal   %idle
          20.17    0.00    1.37    0.00    0.00   78.45

Device            r/s     rkB/s   rrqm/s  %rrqm r_await rareq-sz     w/s     wkB/s   wrqm/s  %wrqm w_await wareq-sz     d/s     dkB/s   drqm/s  %drqm d_await dareq-sz     f/s f_await  aqu-sz  %util
nvme0n1p3        0.00      0.00     0.00   0.00    0.00     0.00    0.00      0.00     0.00   0.00    0.00     0.00    0.00      0.00     0.00   0.00    0.00     0.00    0.00    0.00    0.00   0.00
nvme0n1p4        0.00      0.00     0.00   0.00    0.00     0.00    0.00      0.00     0.00   0.00    0.00     0.00    0.00      0.00     0.00   0.00    0.00     0.00    0.00    0.00    0.00   0.00
nvme0n1p5        0.00      0.00     0.00   0.00    0.00     0.00    0.00      0.00     0.00   0.00    0.00     0.00    0.00      0.00     0.00   0.00    0.00     0.00    0.00    0.00    0.00   0.00


avg-cpu:  %user   %nice %system %iowait  %steal   %idle
          15.23    0.00    2.24    0.09    0.00   82.44

Device            r/s     rkB/s   rrqm/s  %rrqm r_await rareq-sz     w/s     wkB/s   wrqm/s  %wrqm w_await wareq-sz     d/s     dkB/s   drqm/s  %drqm d_await dareq-sz     f/s f_await  aqu-sz  %util
nvme0n1p3        0.00      0.00     0.00   0.00    0.00     0.00    1.00      4.00     0.00   0.00    0.00     4.00    0.00      0.00     0.00   0.00    0.00     0.00    0.00    0.00    0.00   0.00
nvme0n1p4        0.00      0.00     0.00   0.00    0.00     0.00    0.00      0.00     0.00   0.00    0.00     0.00    0.00      0.00     0.00   0.00    0.00     0.00    0.00    0.00    0.00   0.00
nvme0n1p5        0.00      0.00     0.00   0.00    0.00     0.00    0.00      0.00     0.00   0.00    0.00     0.00    0.00      0.00     0.00   0.00    0.00     0.00    0.00    0.00    0.00   0.00


avg-cpu:  %user   %nice %system %iowait  %steal   %idle
          10.72    0.00    2.40    0.00    0.00   86.88

Device            r/s     rkB/s   rrqm/s  %rrqm r_await rareq-sz     w/s     wkB/s   wrqm/s  %wrqm w_await wareq-sz     d/s     dkB/s   drqm/s  %drqm d_await dareq-sz     f/s f_await  aqu-sz  %util
nvme0n1p3        0.00      0.00     0.00   0.00    0.00     0.00    0.00      0.00     0.00   0.00    0.00     0.00    0.00      0.00     0.00   0.00    0.00     0.00    0.00    0.00    0.00   0.00
nvme0n1p4        0.00      0.00     0.00   0.00    0.00     0.00    0.00      0.00     0.00   0.00    0.00     0.00    0.00      0.00     0.00   0.00    0.00     0.00    0.00    0.00    0.00   0.00
nvme0n1p5        0.00      0.00     0.00   0.00    0.00     0.00    0.00      0.00     0.00   0.00    0.00     0.00    0.00      0.00     0.00   0.00    0.00     0.00    0.00    0.00    0.00   0.00


avg-cpu:  %user   %nice %system %iowait  %steal   %idle
          12.41    0.00    2.16    0.09    0.00   85.34

Device            r/s     rkB/s   rrqm/s  %rrqm r_await rareq-sz     w/s     wkB/s   wrqm/s  %wrqm w_await wareq-sz     d/s     dkB/s   drqm/s  %drqm d_await dareq-sz     f/s f_await  aqu-sz  %util
nvme0n1p3        0.00      0.00     0.00   0.00    0.00     0.00    0.00      0.00     0.00   0.00    0.00     0.00    0.00      0.00     0.00   0.00    0.00     0.00    0.00    0.00    0.00   0.00
nvme0n1p4        0.00      0.00     0.00   0.00    0.00     0.00    0.00      0.00     0.00   0.00    0.00     0.00    0.00      0.00     0.00   0.00    0.00     0.00    0.00    0.00    0.00   0.00
nvme0n1p5        0.00      0.00     0.00   0.00    0.00     0.00    0.00      0.00     0.00   0.00    0.00     0.00    0.00      0.00     0.00   0.00    0.00     0.00    0.00    0.00    0.00   0.00


avg-cpu:  %user   %nice %system %iowait  %steal   %idle
          12.33    0.00    1.63    0.09    0.00   85.96

Device            r/s     rkB/s   rrqm/s  %rrqm r_await rareq-sz     w/s     wkB/s   wrqm/s  %wrqm w_await wareq-sz     d/s     dkB/s   drqm/s  %drqm d_await dareq-sz     f/s f_await  aqu-sz  %util
nvme0n1p3        0.00      0.00     0.00   0.00    0.00     0.00    0.00      0.00     0.00   0.00    0.00     0.00    0.00      0.00     0.00   0.00    0.00     0.00    0.00    0.00    0.00   0.00
nvme0n1p4        0.00      0.00     0.00   0.00    0.00     0.00    0.00      0.00     0.00   0.00    0.00     0.00    0.00      0.00     0.00   0.00    0.00     0.00    0.00    0.00    0.00   0.00
nvme0n1p5        0.00      0.00     0.00   0.00    0.00     0.00    0.00      0.00     0.00   0.00    0.00     0.00    0.00      0.00     0.00   0.00    0.00     0.00    0.00    0.00    0.00   0.00


avg-cpu:  %user   %nice %system %iowait  %steal   %idle
          12.82    0.00    1.72    0.09    0.00   85.37

Device            r/s     rkB/s   rrqm/s  %rrqm r_await rareq-sz     w/s     wkB/s   wrqm/s  %wrqm w_await wareq-sz     d/s     dkB/s   drqm/s  %drqm d_await dareq-sz     f/s f_await  aqu-sz  %util
nvme0n1p3        0.00      0.00     0.00   0.00    0.00     0.00    0.00      0.00     0.00   0.00    0.00     0.00    0.00      0.00     0.00   0.00    0.00     0.00    0.00    0.00    0.00   0.00
nvme0n1p4        0.00      0.00     0.00   0.00    0.00     0.00    0.00      0.00     0.00   0.00    0.00     0.00    0.00      0.00     0.00   0.00    0.00     0.00    0.00    0.00    0.00   0.00
nvme0n1p5        0.00      0.00     0.00   0.00    0.00     0.00    0.00      0.00     0.00   0.00    0.00     0.00    0.00      0.00     0.00   0.00    0.00     0.00    0.00    0.00    0.00   0.00


avg-cpu:  %user   %nice %system %iowait  %steal   %idle
          13.29    0.00    2.66    0.09    0.00   83.96

Device            r/s     rkB/s   rrqm/s  %rrqm r_await rareq-sz     w/s     wkB/s   wrqm/s  %wrqm w_await wareq-sz     d/s     dkB/s   drqm/s  %drqm d_await dareq-sz     f/s f_await  aqu-sz  %util
nvme0n1p3        0.00      0.00     0.00   0.00    0.00     0.00    0.00      0.00     0.00   0.00    0.00     0.00    0.00      0.00     0.00   0.00    0.00     0.00    0.00    0.00    0.00   0.00
nvme0n1p4        0.00      0.00     0.00   0.00    0.00     0.00    0.00      0.00     0.00   0.00    0.00     0.00    0.00      0.00     0.00   0.00    0.00     0.00    0.00    0.00    0.00   0.00
nvme0n1p5        0.00      0.00     0.00   0.00    0.00     0.00    0.00      0.00     0.00   0.00    0.00     0.00    0.00      0.00     0.00   0.00    0.00     0.00    0.00    0.00    0.00   0.00


avg-cpu:  %user   %nice %system %iowait  %steal   %idle
          12.78    0.00    1.37    0.09    0.00   85.76

Device            r/s     rkB/s   rrqm/s  %rrqm r_await rareq-sz     w/s     wkB/s   wrqm/s  %wrqm w_await wareq-sz     d/s     dkB/s   drqm/s  %drqm d_await dareq-sz     f/s f_await  aqu-sz  %util
nvme0n1p3        0.00      0.00     0.00   0.00    0.00     0.00    0.00      0.00     0.00   0.00    0.00     0.00    0.00      0.00     0.00   0.00    0.00     0.00    0.00    0.00    0.00   0.00
nvme0n1p4        0.00      0.00     0.00   0.00    0.00     0.00    0.00      0.00     0.00   0.00    0.00     0.00    0.00      0.00     0.00   0.00    0.00     0.00    0.00    0.00    0.00   0.00
nvme0n1p5        0.00      0.00     0.00   0.00    0.00     0.00    0.00      0.00     0.00   0.00    0.00     0.00    0.00      0.00     0.00   0.00    0.00     0.00    0.00    0.00    0.00   0.00


avg-cpu:  %user   %nice %system %iowait  %steal   %idle
          11.67    0.00    1.97    0.09    0.00   86.27

Device            r/s     rkB/s   rrqm/s  %rrqm r_await rareq-sz     w/s     wkB/s   wrqm/s  %wrqm w_await wareq-sz     d/s     dkB/s   drqm/s  %drqm d_await dareq-sz     f/s f_await  aqu-sz  %util
nvme0n1p3       54.00   6144.00     0.00   0.00    0.24   113.78    0.00      0.00     0.00   0.00    0.00     0.00    0.00      0.00     0.00   0.00    0.00     0.00    0.00    0.00    0.01   0.40
nvme0n1p4        0.00      0.00     0.00   0.00    0.00     0.00    0.00      0.00     0.00   0.00    0.00     0.00    0.00      0.00     0.00   0.00    0.00     0.00    0.00    0.00    0.00   0.00
nvme0n1p5       60.00   7168.00     0.00   0.00    0.38   119.47    0.00      0.00     0.00   0.00    0.00     0.00    0.00      0.00     0.00   0.00    0.00     0.00    0.00    0.00    0.02   0.70


avg-cpu:  %user   %nice %system %iowait  %steal   %idle
          49.61    0.00   15.61    0.09    0.00   34.69

Device            r/s     rkB/s   rrqm/s  %rrqm r_await rareq-sz     w/s     wkB/s   wrqm/s  %wrqm w_await wareq-sz     d/s     dkB/s   drqm/s  %drqm d_await dareq-sz     f/s f_await  aqu-sz  %util
nvme0n1p3     5169.00 591872.00     0.00   0.00    0.25   114.50    0.00      0.00     0.00   0.00    0.00     0.00    0.00      0.00     0.00   0.00    0.00     0.00    0.00    0.00    1.29  22.60
nvme0n1p4     4481.00 515776.00     0.00   0.00    0.24   115.10    0.00      0.00     0.00   0.00    0.00     0.00    0.00      0.00     0.00   0.00    0.00     0.00    0.00    0.00    1.05  22.50
nvme0n1p5     8052.00 928768.00     0.00   0.00    0.24   115.35    0.00      0.00     0.00   0.00    0.00     0.00    0.00      0.00     0.00   0.00    0.00     0.00    0.00    0.00    1.90  40.00


avg-cpu:  %user   %nice %system %iowait  %steal   %idle
          47.28    0.00   16.74    0.00    0.00   35.98

Device            r/s     rkB/s   rrqm/s  %rrqm r_await rareq-sz     w/s     wkB/s   wrqm/s  %wrqm w_await wareq-sz     d/s     dkB/s   drqm/s  %drqm d_await dareq-sz     f/s f_await  aqu-sz  %util
nvme0n1p3     5453.00 646144.00     0.00   0.00    0.26   118.49    0.00      0.00     0.00   0.00    0.00     0.00    0.00      0.00     0.00   0.00    0.00     0.00    0.00    0.00    1.41  25.20
nvme0n1p4     4693.00 557376.00     0.00   0.00    0.25   118.77    0.00      0.00     0.00   0.00    0.00     0.00    0.00      0.00     0.00   0.00    0.00     0.00    0.00    0.00    1.18  22.40
nvme0n1p5     8888.00 1038336.00     0.00   0.00    0.25   116.82    0.00      0.00     0.00   0.00    0.00     0.00    0.00      0.00     0.00   0.00    0.00     0.00    0.00    0.00    2.19  42.80


avg-cpu:  %user   %nice %system %iowait  %steal   %idle
          47.97    0.00   17.06    0.09    0.00   34.89

Device            r/s     rkB/s   rrqm/s  %rrqm r_await rareq-sz     w/s     wkB/s   wrqm/s  %wrqm w_await wareq-sz     d/s     dkB/s   drqm/s  %drqm d_await dareq-sz     f/s f_await  aqu-sz  %util
nvme0n1p3     5289.00 627712.00     0.00   0.00    0.26   118.68    0.00      0.00     0.00   0.00    0.00     0.00    0.00      0.00     0.00   0.00    0.00     0.00    0.00    0.00    1.36  25.30
nvme0n1p4     4821.00 573440.00     0.00   0.00    0.25   118.95    0.00      0.00     0.00   0.00    0.00     0.00    0.00      0.00     0.00   0.00    0.00     0.00    0.00    0.00    1.22  25.80
nvme0n1p5     8875.00 1043264.00     0.00   0.00    0.24   117.55    0.00      0.00     0.00   0.00    0.00     0.00    0.00      0.00     0.00   0.00    0.00     0.00    0.00    0.00    2.16  43.80


avg-cpu:  %user   %nice %system %iowait  %steal   %idle
          47.37    0.00   17.31    0.00    0.00   35.31

Device            r/s     rkB/s   rrqm/s  %rrqm r_await rareq-sz     w/s     wkB/s   wrqm/s  %wrqm w_await wareq-sz     d/s     dkB/s   drqm/s  %drqm d_await dareq-sz     f/s f_await  aqu-sz  %util
nvme0n1p3     5439.00 643072.00     0.00   0.00    0.26   118.23    0.00      0.00     0.00   0.00    0.00     0.00    0.00      0.00     0.00   0.00    0.00     0.00    0.00    0.00    1.39  24.70
nvme0n1p4     5053.00 593920.00     0.00   0.00    0.24   117.54    0.00      0.00     0.00   0.00    0.00     0.00    0.00      0.00     0.00   0.00    0.00     0.00    0.00    0.00    1.23  26.50
nvme0n1p5     8845.00 1035456.00     0.00   0.00    0.25   117.07    0.00      0.00     0.00   0.00    0.00     0.00    0.00      0.00     0.00   0.00    0.00     0.00    0.00    0.00    2.18  43.20


avg-cpu:  %user   %nice %system %iowait  %steal   %idle
          45.79    0.00   16.33    0.09    0.00   37.79

Device            r/s     rkB/s   rrqm/s  %rrqm r_await rareq-sz     w/s     wkB/s   wrqm/s  %wrqm w_await wareq-sz     d/s     dkB/s   drqm/s  %drqm d_await dareq-sz     f/s f_await  aqu-sz  %util
nvme0n1p3     5061.00 606208.00     0.00   0.00    0.25   119.78    0.00      0.00     0.00   0.00    0.00     0.00    0.00      0.00     0.00   0.00    0.00     0.00    0.00    0.00    1.29  25.10
nvme0n1p4     4474.00 528384.00     0.00   0.00    0.25   118.10    0.00      0.00     0.00   0.00    0.00     0.00    0.00      0.00     0.00   0.00    0.00     0.00    0.00    0.00    1.13  23.30
nvme0n1p5     8197.00 961536.00     0.00   0.00    0.25   117.30    0.00      0.00     0.00   0.00    0.00     0.00    0.00      0.00     0.00   0.00    0.00     0.00    0.00    0.00    2.01  41.30


avg-cpu:  %user   %nice %system %iowait  %steal   %idle
          46.19    0.00   17.31    0.00    0.00   36.50

Device            r/s     rkB/s   rrqm/s  %rrqm r_await rareq-sz     w/s     wkB/s   wrqm/s  %wrqm w_await wareq-sz     d/s     dkB/s   drqm/s  %drqm d_await dareq-sz     f/s f_await  aqu-sz  %util
nvme0n1p3     5608.00 667648.00     0.00   0.00    0.26   119.05    8.00     36.00     0.00   0.00    0.12     4.50    0.00      0.00     0.00   0.00    0.00     0.00    0.00    0.00    1.47  25.80
nvme0n1p4     4869.00 572416.00     0.00   0.00    0.26   117.56    8.00     32.00     0.00   0.00    0.12     4.00    0.00      0.00     0.00   0.00    0.00     0.00    0.00    0.00    1.26  23.90
nvme0n1p5     8999.00 1056640.00     0.00   0.00    0.24   117.42    8.00     32.00     0.00   0.00    0.25     4.00    0.00      0.00     0.00   0.00    0.00     0.00    0.00    0.00    2.17  41.10


avg-cpu:  %user   %nice %system %iowait  %steal   %idle
          47.11    0.00   16.88    0.09    0.00   35.92

Device            r/s     rkB/s   rrqm/s  %rrqm r_await rareq-sz     w/s     wkB/s   wrqm/s  %wrqm w_await wareq-sz     d/s     dkB/s   drqm/s  %drqm d_await dareq-sz     f/s f_await  aqu-sz  %util
nvme0n1p3     5449.00 648192.00     0.00   0.00    0.26   118.96    0.00      0.00     0.00   0.00    0.00     0.00    0.00      0.00     0.00   0.00    0.00     0.00    0.00    0.00    1.41  23.80
nvme0n1p4     4726.00 558080.00     0.00   0.00    0.25   118.09    0.00      0.00     0.00   0.00    0.00     0.00    0.00      0.00     0.00   0.00    0.00     0.00    0.00    0.00    1.20  23.30
nvme0n1p5     8694.00 1017984.00     0.00   0.00    0.25   117.09    0.00      0.00     0.00   0.00    0.00     0.00    0.00      0.00     0.00   0.00    0.00     0.00    0.00    0.00    2.14  43.50


avg-cpu:  %user   %nice %system %iowait  %steal   %idle
          45.78    0.00   17.67    0.00    0.00   36.55

Device            r/s     rkB/s   rrqm/s  %rrqm r_await rareq-sz     w/s     wkB/s   wrqm/s  %wrqm w_await wareq-sz     d/s     dkB/s   drqm/s  %drqm d_await dareq-sz     f/s f_await  aqu-sz  %util
nvme0n1p3     5422.00 644096.00     0.00   0.00    0.26   118.79    2.00     12.00     0.00   0.00    0.00     6.00    0.00      0.00     0.00   0.00    0.00     0.00    0.00    0.00    1.42  27.70
nvme0n1p4     4799.00 566400.00     0.00   0.00    0.25   118.02    0.00      0.00     0.00   0.00    0.00     0.00    0.00      0.00     0.00   0.00    0.00     0.00    0.00    0.00    1.21  23.20
nvme0n1p5     8912.00 1049728.00     0.00   0.00    0.24   117.79    0.00      0.00     0.00   0.00    0.00     0.00    0.00      0.00     0.00   0.00    0.00     0.00    0.00    0.00    2.17  41.60


avg-cpu:  %user   %nice %system %iowait  %steal   %idle
          44.87    0.00   18.03    0.09    0.00   37.01

Device            r/s     rkB/s   rrqm/s  %rrqm r_await rareq-sz     w/s     wkB/s   wrqm/s  %wrqm w_await wareq-sz     d/s     dkB/s   drqm/s  %drqm d_await dareq-sz     f/s f_await  aqu-sz  %util
nvme0n1p3     5374.00 641024.00     0.00   0.00    0.26   119.28    0.00      0.00     0.00   0.00    0.00     0.00    0.00      0.00     0.00   0.00    0.00     0.00    0.00    0.00    1.38  27.10
nvme0n1p4     4908.00 580352.00     0.00   0.00    0.26   118.25    2.00     12.00     0.00   0.00    0.00     6.00    0.00      0.00     0.00   0.00    0.00     0.00    0.00    0.00    1.26  26.90
nvme0n1p5     8933.00 1052416.00     0.00   0.00    0.24   117.81    2.00     12.00     0.00   0.00    0.00     6.00    0.00      0.00     0.00   0.00    0.00     0.00    0.00    0.00    2.18  41.90


avg-cpu:  %user   %nice %system %iowait  %steal   %idle
          45.56    0.00   16.97    0.00    0.00   37.47

Device            r/s     rkB/s   rrqm/s  %rrqm r_await rareq-sz     w/s     wkB/s   wrqm/s  %wrqm w_await wareq-sz     d/s     dkB/s   drqm/s  %drqm d_await dareq-sz     f/s f_await  aqu-sz  %util
nvme0n1p3     5191.00 618496.00     0.00   0.00    0.26   119.15    0.00      0.00     0.00   0.00    0.00     0.00    0.00      0.00     0.00   0.00    0.00     0.00    0.00    0.00    1.34  24.50
nvme0n1p4     4706.00 557184.00     0.00   0.00    0.25   118.40    0.00      0.00     0.00   0.00    0.00     0.00    0.00      0.00     0.00   0.00    0.00     0.00    0.00    0.00    1.20  25.30
nvme0n1p5     8492.00 995456.00     0.00   0.00    0.24   117.22    0.00      0.00     0.00   0.00    0.00     0.00    0.00      0.00     0.00   0.00    0.00     0.00    0.00    0.00    2.08  40.30


avg-cpu:  %user   %nice %system %iowait  %steal   %idle
          46.09    0.00   16.25    0.09    0.00   37.58

Device            r/s     rkB/s   rrqm/s  %rrqm r_await rareq-sz     w/s     wkB/s   wrqm/s  %wrqm w_await wareq-sz     d/s     dkB/s   drqm/s  %drqm d_await dareq-sz     f/s f_await  aqu-sz  %util
nvme0n1p3     5196.00 614400.00     0.00   0.00    0.26   118.24    5.00     16.00     0.00   0.00    0.00     3.20    0.00      0.00     0.00   0.00    0.00     0.00    0.00    0.00    1.36  23.40
nvme0n1p4     4523.00 536576.00     0.00   0.00    0.26   118.63    4.00     12.00     0.00   0.00    0.25     3.00    0.00      0.00     0.00   0.00    0.00     0.00    0.00    0.00    1.17  25.70
nvme0n1p5     8405.00 987136.00     0.00   0.00    0.25   117.45    4.00     12.00     0.00   0.00    0.00     3.00    0.00      0.00     0.00   0.00    0.00     0.00    0.00    0.00    2.06  40.30


avg-cpu:  %user   %nice %system %iowait  %steal   %idle
          43.59    0.00   16.81    0.09    0.00   39.51

Device            r/s     rkB/s   rrqm/s  %rrqm r_await rareq-sz     w/s     wkB/s   wrqm/s  %wrqm w_await wareq-sz     d/s     dkB/s   drqm/s  %drqm d_await dareq-sz     f/s f_await  aqu-sz  %util
nvme0n1p3     5248.00 622592.00     0.00   0.00    0.26   118.63    0.00      0.00     0.00   0.00    0.00     0.00    0.00      0.00     0.00   0.00    0.00     0.00    0.00    0.00    1.39  25.60
nvme0n1p4     4561.00 540672.00     0.00   0.00    0.26   118.54    1.00      4.00     0.00   0.00    0.00     4.00    0.00      0.00     0.00   0.00    0.00     0.00    0.00    0.00    1.19  22.40
nvme0n1p5     8429.00 982400.00     0.00   0.00    0.25   116.55    1.00      4.00     0.00   0.00    0.00     4.00    0.00      0.00     0.00   0.00    0.00     0.00    0.00    0.00    2.08  41.70


avg-cpu:  %user   %nice %system %iowait  %steal   %idle
          44.47    0.00   17.44    0.00    0.00   38.08

Device            r/s     rkB/s   rrqm/s  %rrqm r_await rareq-sz     w/s     wkB/s   wrqm/s  %wrqm w_await wareq-sz     d/s     dkB/s   drqm/s  %drqm d_await dareq-sz     f/s f_await  aqu-sz  %util
nvme0n1p3     5934.00 697344.00     0.00   0.00    0.25   117.52    0.00      0.00     0.00   0.00    0.00     0.00    0.00      0.00     0.00   0.00    0.00     0.00    0.00    0.00    1.50  25.80
nvme0n1p4     4931.00 581632.00     0.00   0.00    0.25   117.95    0.00      0.00     0.00   0.00    0.00     0.00    0.00      0.00     0.00   0.00    0.00     0.00    0.00    0.00    1.25  25.80
nvme0n1p5     9070.00 1065600.00     0.00   0.00    0.24   117.49    0.00      0.00     0.00   0.00    0.00     0.00    0.00      0.00     0.00   0.00    0.00     0.00    0.00    0.00    2.18  44.00


avg-cpu:  %user   %nice %system %iowait  %steal   %idle
          47.20    0.00   17.66    0.09    0.00   35.06

Device            r/s     rkB/s   rrqm/s  %rrqm r_await rareq-sz     w/s     wkB/s   wrqm/s  %wrqm w_await wareq-sz     d/s     dkB/s   drqm/s  %drqm d_await dareq-sz     f/s f_await  aqu-sz  %util
nvme0n1p3     5673.00 672768.00     0.00   0.00    0.26   118.59    0.00      0.00     0.00   0.00    0.00     0.00    0.00      0.00     0.00   0.00    0.00     0.00    0.00    0.00    1.46  25.50
nvme0n1p4     4738.00 557056.00     0.00   0.00    0.25   117.57    0.00      0.00     0.00   0.00    0.00     0.00    0.00      0.00     0.00   0.00    0.00     0.00    0.00    0.00    1.19  23.80
nvme0n1p5     8724.00 1023680.00     0.00   0.00    0.25   117.34    0.00      0.00     0.00   0.00    0.00     0.00    0.00      0.00     0.00   0.00    0.00     0.00    0.00    0.00    2.14  45.80


avg-cpu:  %user   %nice %system %iowait  %steal   %idle
          51.99    0.00   16.81    0.00    0.00   31.20

Device            r/s     rkB/s   rrqm/s  %rrqm r_await rareq-sz     w/s     wkB/s   wrqm/s  %wrqm w_await wareq-sz     d/s     dkB/s   drqm/s  %drqm d_await dareq-sz     f/s f_await  aqu-sz  %util
nvme0n1p3     4723.00 566080.00     0.00   0.00    0.26   119.86    0.00      0.00     0.00   0.00    0.00     0.00    0.00      0.00     0.00   0.00    0.00     0.00    0.00    0.00    1.22  21.90
nvme0n1p4     4233.00 502784.00     0.00   0.00    0.25   118.78    0.00      0.00     0.00   0.00    0.00     0.00    0.00      0.00     0.00   0.00    0.00     0.00    0.00    0.00    1.06  21.60
nvme0n1p5     7871.00 929088.00     0.00   0.00    0.24   118.04    0.00      0.00     0.00   0.00    0.00     0.00    0.00      0.00     0.00   0.00    0.00     0.00    0.00    0.00    1.91  36.60


avg-cpu:  %user   %nice %system %iowait  %steal   %idle
          45.51    0.00   17.53    0.09    0.00   36.87

Device            r/s     rkB/s   rrqm/s  %rrqm r_await rareq-sz     w/s     wkB/s   wrqm/s  %wrqm w_await wareq-sz     d/s     dkB/s   drqm/s  %drqm d_await dareq-sz     f/s f_await  aqu-sz  %util
nvme0n1p3     5715.00 677952.00     0.00   0.00    0.26   118.63    0.00      0.00     0.00   0.00    0.00     0.00    0.00      0.00     0.00   0.00    0.00     0.00    0.00    0.00    1.48  26.00
nvme0n1p4     4760.00 562176.00     0.00   0.00    0.26   118.10    0.00      0.00     0.00   0.00    0.00     0.00    0.00      0.00     0.00   0.00    0.00     0.00    0.00    0.00    1.22  24.60
nvme0n1p5     8725.00 1018624.00     0.00   0.00    0.24   116.75    0.00      0.00     0.00   0.00    0.00     0.00    0.00      0.00     0.00   0.00    0.00     0.00    0.00    0.00    2.13  41.30


avg-cpu:  %user   %nice %system %iowait  %steal   %idle
          43.62    0.00   17.65    0.09    0.00   38.65

Device            r/s     rkB/s   rrqm/s  %rrqm r_await rareq-sz     w/s     wkB/s   wrqm/s  %wrqm w_await wareq-sz     d/s     dkB/s   drqm/s  %drqm d_await dareq-sz     f/s f_await  aqu-sz  %util
nvme0n1p3     5655.00 669824.00     0.00   0.00    0.26   118.45    0.00      0.00     0.00   0.00    0.00     0.00    0.00      0.00     0.00   0.00    0.00     0.00    0.00    0.00    1.46  25.60
nvme0n1p4     4653.00 548864.00     0.00   0.00    0.25   117.96    0.00      0.00     0.00   0.00    0.00     0.00    0.00      0.00     0.00   0.00    0.00     0.00    0.00    0.00    1.17  22.80
nvme0n1p5     9064.00 1059072.00     0.00   0.00    0.24   116.84    0.00      0.00     0.00   0.00    0.00     0.00    0.00      0.00     0.00   0.00    0.00     0.00    0.00    0.00    2.18  42.90


avg-cpu:  %user   %nice %system %iowait  %steal   %idle
          47.05    0.00   16.31    0.00    0.00   36.64

Device            r/s     rkB/s   rrqm/s  %rrqm r_await rareq-sz     w/s     wkB/s   wrqm/s  %wrqm w_await wareq-sz     d/s     dkB/s   drqm/s  %drqm d_await dareq-sz     f/s f_await  aqu-sz  %util
nvme0n1p3     5168.00 619520.00     0.00   0.00    0.26   119.88    0.00      0.00     0.00   0.00    0.00     0.00    0.00      0.00     0.00   0.00    0.00     0.00    0.00    0.00    1.35  23.90
nvme0n1p4     4689.00 557056.00     0.00   0.00    0.26   118.80    0.00      0.00     0.00   0.00    0.00     0.00    0.00      0.00     0.00   0.00    0.00     0.00    0.00    0.00    1.23  24.40
nvme0n1p5     8349.00 978944.00     0.00   0.00    0.25   117.25    0.00      0.00     0.00   0.00    0.00     0.00    0.00      0.00     0.00   0.00    0.00     0.00    0.00    0.00    2.09  39.50


avg-cpu:  %user   %nice %system %iowait  %steal   %idle
          47.09    0.00   17.04    0.09    0.00   35.79

Device            r/s     rkB/s   rrqm/s  %rrqm r_await rareq-sz     w/s     wkB/s   wrqm/s  %wrqm w_await wareq-sz     d/s     dkB/s   drqm/s  %drqm d_await dareq-sz     f/s f_await  aqu-sz  %util
nvme0n1p3     5543.00 658304.00     0.00   0.00    0.26   118.76    0.00      0.00     0.00   0.00    0.00     0.00    0.00      0.00     0.00   0.00    0.00     0.00    0.00    0.00    1.43  23.00
nvme0n1p4     4957.00 581632.00     0.00   0.00    0.25   117.34    0.00      0.00     0.00   0.00    0.00     0.00    0.00      0.00     0.00   0.00    0.00     0.00    0.00    0.00    1.25  25.50
nvme0n1p5     8930.00 1043712.00     0.00   0.00    0.24   116.88    0.00      0.00     0.00   0.00    0.00     0.00    0.00      0.00     0.00   0.00    0.00     0.00    0.00    0.00    2.16  41.60


avg-cpu:  %user   %nice %system %iowait  %steal   %idle
          42.32    0.00   15.78    0.00    0.00   41.89

Device            r/s     rkB/s   rrqm/s  %rrqm r_await rareq-sz     w/s     wkB/s   wrqm/s  %wrqm w_await wareq-sz     d/s     dkB/s   drqm/s  %drqm d_await dareq-sz     f/s f_await  aqu-sz  %util
nvme0n1p3     5190.00 615552.00     0.00   0.00    0.26   118.60    0.00      0.00     0.00   0.00    0.00     0.00    0.00      0.00     0.00   0.00    0.00     0.00    0.00    0.00    1.35  21.30
nvme0n1p4     4483.00 529408.00     0.00   0.00    0.25   118.09    0.00      0.00     0.00   0.00    0.00     0.00    0.00      0.00     0.00   0.00    0.00     0.00    0.00    0.00    1.12  23.00
nvme0n1p5     8273.00 965376.00     0.00   0.00    0.24   116.69    0.00      0.00     0.00   0.00    0.00     0.00    0.00      0.00     0.00   0.00    0.00     0.00    0.00    0.00    2.02  38.30


avg-cpu:  %user   %nice %system %iowait  %steal   %idle
          42.86    0.00   16.45    0.09    0.00   40.61

Device            r/s     rkB/s   rrqm/s  %rrqm r_await rareq-sz     w/s     wkB/s   wrqm/s  %wrqm w_await wareq-sz     d/s     dkB/s   drqm/s  %drqm d_await dareq-sz     f/s f_await  aqu-sz  %util
nvme0n1p3     5230.00 620544.00     0.00   0.00    0.26   118.65    0.00      0.00     0.00   0.00    0.00     0.00    0.00      0.00     0.00   0.00    0.00     0.00    0.00    0.00    1.38  24.20
nvme0n1p4     4788.00 568320.00     0.00   0.00    0.26   118.70    0.00      0.00     0.00   0.00    0.00     0.00    0.00      0.00     0.00   0.00    0.00     0.00    0.00    0.00    1.25  24.30
nvme0n1p5     8834.00 1032192.00     0.00   0.00    0.24   116.84    0.00      0.00     0.00   0.00    0.00     0.00    0.00      0.00     0.00   0.00    0.00     0.00    0.00    0.00    2.16  44.50


avg-cpu:  %user   %nice %system %iowait  %steal   %idle
          56.80    0.00   14.54    0.00    0.00   28.66

Device            r/s     rkB/s   rrqm/s  %rrqm r_await rareq-sz     w/s     wkB/s   wrqm/s  %wrqm w_await wareq-sz     d/s     dkB/s   drqm/s  %drqm d_await dareq-sz     f/s f_await  aqu-sz  %util
nvme0n1p3     4764.00 567168.00     0.00   0.00    0.26   119.05    0.00      0.00     0.00   0.00    0.00     0.00    0.00      0.00     0.00   0.00    0.00     0.00    0.00    0.00    1.22  22.30
nvme0n1p4     4028.00 480256.00     0.00   0.00    0.25   119.23    0.00      0.00     0.00   0.00    0.00     0.00    0.00      0.00     0.00   0.00    0.00     0.00    0.00    0.00    1.01  22.10
nvme0n1p5     7292.00 861440.00     0.00   0.00    0.24   118.13    0.00      0.00     0.00   0.00    0.00     0.00    0.00      0.00     0.00   0.00    0.00     0.00    0.00    0.00    1.74  34.60


avg-cpu:  %user   %nice %system %iowait  %steal   %idle
          61.74    0.00   14.43    0.09    0.00   23.74

Device            r/s     rkB/s   rrqm/s  %rrqm r_await rareq-sz     w/s     wkB/s   wrqm/s  %wrqm w_await wareq-sz     d/s     dkB/s   drqm/s  %drqm d_await dareq-sz     f/s f_await  aqu-sz  %util
nvme0n1p3     4285.00 514176.00     0.00   0.00    0.25   119.99    0.00      0.00     0.00   0.00    0.00     0.00    0.00      0.00     0.00   0.00    0.00     0.00    0.00    0.00    1.09  19.30
nvme0n1p4     3713.00 441344.00     0.00   0.00    0.25   118.86    0.00      0.00     0.00   0.00    0.00     0.00    0.00      0.00     0.00   0.00    0.00     0.00    0.00    0.00    0.93  19.50
nvme0n1p5     7096.00 851712.00     0.00   0.00    0.24   120.03    0.00      0.00     0.00   0.00    0.00     0.00    0.00      0.00     0.00   0.00    0.00     0.00    0.00    0.00    1.74  33.90


avg-cpu:  %user   %nice %system %iowait  %steal   %idle
          56.64    0.00   15.42    0.00    0.00   27.94

Device            r/s     rkB/s   rrqm/s  %rrqm r_await rareq-sz     w/s     wkB/s   wrqm/s  %wrqm w_await wareq-sz     d/s     dkB/s   drqm/s  %drqm d_await dareq-sz     f/s f_await  aqu-sz  %util
nvme0n1p3     4879.00 587776.00     0.00   0.00    0.26   120.47    0.00      0.00     0.00   0.00    0.00     0.00    0.00      0.00     0.00   0.00    0.00     0.00    0.00    0.00    1.25  21.50
nvme0n1p4     4414.00 524288.00     0.00   0.00    0.25   118.78    0.00      0.00     0.00   0.00    0.00     0.00    0.00      0.00     0.00   0.00    0.00     0.00    0.00    0.00    1.12  22.60
nvme0n1p5     7802.00 922624.00     0.00   0.00    0.25   118.25    0.00      0.00     0.00   0.00    0.00     0.00    0.00      0.00     0.00   0.00    0.00     0.00    0.00    0.00    1.95  39.40


avg-cpu:  %user   %nice %system %iowait  %steal   %idle
          58.50    0.00   15.03    0.09    0.00   26.39

Device            r/s     rkB/s   rrqm/s  %rrqm r_await rareq-sz     w/s     wkB/s   wrqm/s  %wrqm w_await wareq-sz     d/s     dkB/s   drqm/s  %drqm d_await dareq-sz     f/s f_await  aqu-sz  %util
nvme0n1p3     4621.00 556032.00     0.00   0.00    0.26   120.33    0.00      0.00     0.00   0.00    0.00     0.00    0.00      0.00     0.00   0.00    0.00     0.00    0.00    0.00    1.21  21.80
nvme0n1p4     4243.00 507904.00     0.00   0.00    0.25   119.70    0.00      0.00     0.00   0.00    0.00     0.00    0.00      0.00     0.00   0.00    0.00     0.00    0.00    0.00    1.07  22.00
nvme0n1p5     7721.00 920576.00     0.00   0.00    0.24   119.23    0.00      0.00     0.00   0.00    0.00     0.00    0.00      0.00     0.00   0.00    0.00     0.00    0.00    0.00    1.89  36.70


avg-cpu:  %user   %nice %system %iowait  %steal   %idle
          61.43    0.00   13.55    0.09    0.00   24.94

Device            r/s     rkB/s   rrqm/s  %rrqm r_await rareq-sz     w/s     wkB/s   wrqm/s  %wrqm w_await wareq-sz     d/s     dkB/s   drqm/s  %drqm d_await dareq-sz     f/s f_await  aqu-sz  %util
nvme0n1p3     4251.00 514048.00     0.00   0.00    0.26   120.92    0.00      0.00     0.00   0.00    0.00     0.00    0.00      0.00     0.00   0.00    0.00     0.00    0.00    0.00    1.11  20.00
nvme0n1p4     4008.00 481280.00     0.00   0.00    0.26   120.08    0.00      0.00     0.00   0.00    0.00     0.00    0.00      0.00     0.00   0.00    0.00     0.00    0.00    0.00    1.03  20.50
nvme0n1p5     7301.00 863232.00     1.00   0.01    0.24   118.23    0.00      0.00     0.00   0.00    0.00     0.00    0.00      0.00     0.00   0.00    0.00     0.00    0.00    0.00    1.75  35.10


avg-cpu:  %user   %nice %system %iowait  %steal   %idle
          57.13    0.00   14.78    0.00    0.00   28.09

Device            r/s     rkB/s   rrqm/s  %rrqm r_await rareq-sz     w/s     wkB/s   wrqm/s  %wrqm w_await wareq-sz     d/s     dkB/s   drqm/s  %drqm d_await dareq-sz     f/s f_await  aqu-sz  %util
nvme0n1p3     4729.00 567296.00     0.00   0.00    0.26   119.96    0.00      0.00     0.00   0.00    0.00     0.00    0.00      0.00     0.00   0.00    0.00     0.00    0.00    0.00    1.21  20.90
nvme0n1p4     4267.00 505856.00     0.00   0.00    0.25   118.55    0.00      0.00     0.00   0.00    0.00     0.00    0.00      0.00     0.00   0.00    0.00     0.00    0.00    0.00    1.06  21.50
nvme0n1p5     7796.00 920576.00     0.00   0.00    0.24   118.08    0.00      0.00     0.00   0.00    0.00     0.00    0.00      0.00     0.00   0.00    0.00     0.00    0.00    0.00    1.89  35.40


avg-cpu:  %user   %nice %system %iowait  %steal   %idle
          47.74    0.00   16.71    0.09    0.00   35.46

Device            r/s     rkB/s   rrqm/s  %rrqm r_await rareq-sz     w/s     wkB/s   wrqm/s  %wrqm w_await wareq-sz     d/s     dkB/s   drqm/s  %drqm d_await dareq-sz     f/s f_await  aqu-sz  %util
nvme0n1p3     5477.00 652288.00     0.00   0.00    0.26   119.10    0.00      0.00     0.00   0.00    0.00     0.00    0.00      0.00     0.00   0.00    0.00     0.00    0.00    0.00    1.41  24.70
nvme0n1p4     4750.00 559424.00     0.00   0.00    0.26   117.77    0.00      0.00     0.00   0.00    0.00     0.00    0.00      0.00     0.00   0.00    0.00     0.00    0.00    0.00    1.22  23.50
nvme0n1p5     8646.00 1010688.00     0.00   0.00    0.24   116.90    0.00      0.00     0.00   0.00    0.00     0.00    0.00      0.00     0.00   0.00    0.00     0.00    0.00    0.00    2.09  39.30


avg-cpu:  %user   %nice %system %iowait  %steal   %idle
          45.10    0.00   16.92    0.00    0.00   37.97

Device            r/s     rkB/s   rrqm/s  %rrqm r_await rareq-sz     w/s     wkB/s   wrqm/s  %wrqm w_await wareq-sz     d/s     dkB/s   drqm/s  %drqm d_await dareq-sz     f/s f_await  aqu-sz  %util
nvme0n1p3     5614.00 664576.00     0.00   0.00    0.27   118.38    0.00      0.00     0.00   0.00    0.00     0.00    0.00      0.00     0.00   0.00    0.00     0.00    0.00    0.00    1.50  27.10
nvme0n1p4     4603.00 548544.00     0.00   0.00    0.26   119.17    0.00      0.00     0.00   0.00    0.00     0.00    0.00      0.00     0.00   0.00    0.00     0.00    0.00    0.00    1.19  24.00
nvme0n1p5     8749.00 1023296.00     0.00   0.00    0.25   116.96    0.00      0.00     0.00   0.00    0.00     0.00    0.00      0.00     0.00   0.00    0.00     0.00    0.00    0.00    2.15  42.30


avg-cpu:  %user   %nice %system %iowait  %steal   %idle
          45.70    0.00   16.34    0.09    0.00   37.87

Device            r/s     rkB/s   rrqm/s  %rrqm r_await rareq-sz     w/s     wkB/s   wrqm/s  %wrqm w_await wareq-sz     d/s     dkB/s   drqm/s  %drqm d_await dareq-sz     f/s f_await  aqu-sz  %util
nvme0n1p3     5378.00 636800.00     0.00   0.00    0.26   118.41    0.00      0.00     0.00   0.00    0.00     0.00    0.00      0.00     0.00   0.00    0.00     0.00    0.00    0.00    1.41  24.80
nvme0n1p4     4645.00 546816.00     0.00   0.00    0.25   117.72    0.00      0.00     0.00   0.00    0.00     0.00    0.00      0.00     0.00   0.00    0.00     0.00    0.00    0.00    1.15  24.30
nvme0n1p5     8450.00 993216.00     0.00   0.00    0.25   117.54    0.00      0.00     0.00   0.00    0.00     0.00    0.00      0.00     0.00   0.00    0.00     0.00    0.00    0.00    2.07  40.60


avg-cpu:  %user   %nice %system %iowait  %steal   %idle
          42.88    0.00   17.43    0.09    0.00   39.60

Device            r/s     rkB/s   rrqm/s  %rrqm r_await rareq-sz     w/s     wkB/s   wrqm/s  %wrqm w_await wareq-sz     d/s     dkB/s   drqm/s  %drqm d_await dareq-sz     f/s f_await  aqu-sz  %util
nvme0n1p3     5503.00 652416.00     0.00   0.00    0.26   118.56    0.00      0.00     0.00   0.00    0.00     0.00    0.00      0.00     0.00   0.00    0.00     0.00    0.00    0.00    1.43  24.10
nvme0n1p4     4674.00 548864.00     0.00   0.00    0.25   117.43    0.00      0.00     0.00   0.00    0.00     0.00    0.00      0.00     0.00   0.00    0.00     0.00    0.00    0.00    1.19  23.90
nvme0n1p5     8700.00 1018624.00     0.00   0.00    0.24   117.08    0.00      0.00     0.00   0.00    0.00     0.00    0.00      0.00     0.00   0.00    0.00     0.00    0.00    0.00    2.11  40.10


avg-cpu:  %user   %nice %system %iowait  %steal   %idle
          42.84    0.00   16.03    0.00    0.00   41.12

Device            r/s     rkB/s   rrqm/s  %rrqm r_await rareq-sz     w/s     wkB/s   wrqm/s  %wrqm w_await wareq-sz     d/s     dkB/s   drqm/s  %drqm d_await dareq-sz     f/s f_await  aqu-sz  %util
nvme0n1p3     5609.00 666624.00     0.00   0.00    0.26   118.85    0.00      0.00     0.00   0.00    0.00     0.00    0.00      0.00     0.00   0.00    0.00     0.00    0.00    0.00    1.48  25.90
nvme0n1p4     4602.00 540672.00     0.00   0.00    0.26   117.49    0.00      0.00     0.00   0.00    0.00     0.00    0.00      0.00     0.00   0.00    0.00     0.00    0.00    0.00    1.19  22.20
nvme0n1p5     8739.00 1025024.00     0.00   0.00    0.25   117.29    0.00      0.00     0.00   0.00    0.00     0.00    0.00      0.00     0.00   0.00    0.00     0.00    0.00    0.00    2.17  41.50


avg-cpu:  %user   %nice %system %iowait  %steal   %idle
          45.44    0.00   16.62    0.09    0.00   37.85

Device            r/s     rkB/s   rrqm/s  %rrqm r_await rareq-sz     w/s     wkB/s   wrqm/s  %wrqm w_await wareq-sz     d/s     dkB/s   drqm/s  %drqm d_await dareq-sz     f/s f_await  aqu-sz  %util
nvme0n1p3     5222.00 616448.00     0.00   0.00    0.26   118.05    0.00      0.00     0.00   0.00    0.00     0.00    0.00      0.00     0.00   0.00    0.00     0.00    0.00    0.00    1.35  23.40
nvme0n1p4     4702.00 556160.00     0.00   0.00    0.32   118.28    0.00      0.00     0.00   0.00    0.00     0.00    0.00      0.00     0.00   0.00    0.00     0.00    0.00    0.00    1.49  24.30
nvme0n1p5     8364.00 982016.00     0.00   0.00    0.25   117.41    0.00      0.00     0.00   0.00    0.00     0.00    0.00      0.00     0.00   0.00    0.00     0.00    0.00    0.00    2.09  42.00


avg-cpu:  %user   %nice %system %iowait  %steal   %idle
          46.35    0.00   15.88    0.17    0.00   37.60

Device            r/s     rkB/s   rrqm/s  %rrqm r_await rareq-sz     w/s     wkB/s   wrqm/s  %wrqm w_await wareq-sz     d/s     dkB/s   drqm/s  %drqm d_await dareq-sz     f/s f_await  aqu-sz  %util
nvme0n1p3     5297.00 625664.00     0.00   0.00    0.30   118.12    0.00      0.00     0.00   0.00    0.00     0.00    0.00      0.00     0.00   0.00    0.00     0.00    0.00    0.00    1.60  26.50
nvme0n1p4     4695.00 551552.00     0.00   0.00    0.30   117.48    0.00      0.00     0.00   0.00    0.00     0.00    0.00      0.00     0.00   0.00    0.00     0.00    0.00    0.00    1.41  25.60
nvme0n1p5     8314.00 974848.00     0.00   0.00    0.27   117.25    0.00      0.00     0.00   0.00    0.00     0.00    0.00      0.00     0.00   0.00    0.00     0.00    0.00    0.00    2.21  41.90


avg-cpu:  %user   %nice %system %iowait  %steal   %idle
          47.25    0.00   16.49    0.09    0.00   36.17

Device            r/s     rkB/s   rrqm/s  %rrqm r_await rareq-sz     w/s     wkB/s   wrqm/s  %wrqm w_await wareq-sz     d/s     dkB/s   drqm/s  %drqm d_await dareq-sz     f/s f_await  aqu-sz  %util
nvme0n1p3     5148.00 609280.00     0.00   0.00    0.26   118.35    0.00      0.00     0.00   0.00    0.00     0.00    0.00      0.00     0.00   0.00    0.00     0.00    0.00    0.00    1.32  23.40
nvme0n1p4     4471.00 529664.00     0.00   0.00    0.25   118.47    0.00      0.00     0.00   0.00    0.00     0.00    0.00      0.00     0.00   0.00    0.00     0.00    0.00    0.00    1.14  21.70
nvme0n1p5     8215.00 962560.00     0.00   0.00    0.24   117.17    0.00      0.00     0.00   0.00    0.00     0.00    0.00      0.00     0.00   0.00    0.00     0.00    0.00    0.00    2.01  41.80


avg-cpu:  %user   %nice %system %iowait  %steal   %idle
          47.02    0.00   18.41    0.09    0.00   34.49

Device            r/s     rkB/s   rrqm/s  %rrqm r_await rareq-sz     w/s     wkB/s   wrqm/s  %wrqm w_await wareq-sz     d/s     dkB/s   drqm/s  %drqm d_await dareq-sz     f/s f_await  aqu-sz  %util
nvme0n1p3     5372.00 635904.00     0.00   0.00    0.26   118.37    0.00      0.00     0.00   0.00    0.00     0.00    0.00      0.00     0.00   0.00    0.00     0.00    0.00    0.00    1.40  25.40
nvme0n1p4     4707.00 558080.00     0.00   0.00    0.25   118.56    0.00      0.00     0.00   0.00    0.00     0.00    0.00      0.00     0.00   0.00    0.00     0.00    0.00    0.00    1.19  23.50
nvme0n1p5     8756.00 1019904.00     0.00   0.00    0.24   116.48    0.00      0.00     0.00   0.00    0.00     0.00    0.00      0.00     0.00   0.00    0.00     0.00    0.00    0.00    2.11  43.30


avg-cpu:  %user   %nice %system %iowait  %steal   %idle
          45.50    0.00   17.73    0.00    0.00   36.76

Device            r/s     rkB/s   rrqm/s  %rrqm r_await rareq-sz     w/s     wkB/s   wrqm/s  %wrqm w_await wareq-sz     d/s     dkB/s   drqm/s  %drqm d_await dareq-sz     f/s f_await  aqu-sz  %util
nvme0n1p3     5323.00 635904.00     0.00   0.00    0.27   119.46    0.00      0.00     0.00   0.00    0.00     0.00    0.00      0.00     0.00   0.00    0.00     0.00    0.00    0.00    1.42  26.70
nvme0n1p4     4834.00 573440.00     0.00   0.00    0.25   118.63    0.00      0.00     0.00   0.00    0.00     0.00    0.00      0.00     0.00   0.00    0.00     0.00    0.00    0.00    1.22  24.80
nvme0n1p5     9042.00 1062912.00     0.00   0.00    0.25   117.55    0.00      0.00     0.00   0.00    0.00     0.00    0.00      0.00     0.00   0.00    0.00     0.00    0.00    0.00    2.23  42.80


avg-cpu:  %user   %nice %system %iowait  %steal   %idle
          61.26    0.00   14.67    0.09    0.00   23.99

Device            r/s     rkB/s   rrqm/s  %rrqm r_await rareq-sz     w/s     wkB/s   wrqm/s  %wrqm w_await wareq-sz     d/s     dkB/s   drqm/s  %drqm d_await dareq-sz     f/s f_await  aqu-sz  %util
nvme0n1p3     4618.00 556032.00     0.00   0.00    0.25   120.41    0.00      0.00     0.00   0.00    0.00     0.00    0.00      0.00     0.00   0.00    0.00     0.00    0.00    0.00    1.17  20.50
nvme0n1p4     3944.00 475136.00     0.00   0.00    0.25   120.47    0.00      0.00     0.00   0.00    0.00     0.00    0.00      0.00     0.00   0.00    0.00     0.00    0.00    0.00    0.98  20.40
nvme0n1p5     7021.00 837632.00     0.00   0.00    0.24   119.30    0.00      0.00     0.00   0.00    0.00     0.00    0.00      0.00     0.00   0.00    0.00     0.00    0.00    0.00    1.71  34.60


avg-cpu:  %user   %nice %system %iowait  %steal   %idle
          51.45    0.00   15.56    0.09    0.00   32.91

Device            r/s     rkB/s   rrqm/s  %rrqm r_await rareq-sz     w/s     wkB/s   wrqm/s  %wrqm w_await wareq-sz     d/s     dkB/s   drqm/s  %drqm d_await dareq-sz     f/s f_await  aqu-sz  %util
nvme0n1p3     4639.00 559104.00     0.00   0.00    0.26   120.52    0.00      0.00     0.00   0.00    0.00     0.00    0.00      0.00     0.00   0.00    0.00     0.00    0.00    0.00    1.20  21.90
nvme0n1p4     3864.00 454656.00     0.00   0.00    0.25   117.66    0.00      0.00     0.00   0.00    0.00     0.00    0.00      0.00     0.00   0.00    0.00     0.00    0.00    0.00    0.98  19.80
nvme0n1p5     7558.00 894400.00     0.00   0.00    0.24   118.34    0.00      0.00     0.00   0.00    0.00     0.00    0.00      0.00     0.00   0.00    0.00     0.00    0.00    0.00    1.82  37.50


avg-cpu:  %user   %nice %system %iowait  %steal   %idle
          49.44    0.00   15.22    0.09    0.00   35.25

Device            r/s     rkB/s   rrqm/s  %rrqm r_await rareq-sz     w/s     wkB/s   wrqm/s  %wrqm w_await wareq-sz     d/s     dkB/s   drqm/s  %drqm d_await dareq-sz     f/s f_await  aqu-sz  %util
nvme0n1p3     5242.00 624640.00     0.00   0.00    0.26   119.16    0.00      0.00     0.00   0.00    0.00     0.00    0.00      0.00     0.00   0.00    0.00     0.00    0.00    0.00    1.38  25.10
nvme0n1p4     4784.00 563328.00     0.00   0.00    0.26   117.75    0.00      0.00     0.00   0.00    0.00     0.00    0.00      0.00     0.00   0.00    0.00     0.00    0.00    0.00    1.22  20.90
nvme0n1p5     8397.00 987712.00     0.00   0.00    0.25   117.63    0.00      0.00     0.00   0.00    0.00     0.00    0.00      0.00     0.00   0.00    0.00     0.00    0.00    0.00    2.07  39.40


avg-cpu:  %user   %nice %system %iowait  %steal   %idle
          44.31    0.00   19.35    0.00    0.00   36.33

Device            r/s     rkB/s   rrqm/s  %rrqm r_await rareq-sz     w/s     wkB/s   wrqm/s  %wrqm w_await wareq-sz     d/s     dkB/s   drqm/s  %drqm d_await dareq-sz     f/s f_await  aqu-sz  %util
nvme0n1p3     5632.00 669824.00     0.00   0.00    0.26   118.93    0.00      0.00     0.00   0.00    0.00     0.00    0.00      0.00     0.00   0.00    0.00     0.00    0.00    0.00    1.47  25.20
nvme0n1p4     5037.00 590720.00     0.00   0.00    0.25   117.28    0.00      0.00     0.00   0.00    0.00     0.00    0.00      0.00     0.00   0.00    0.00     0.00    0.00    0.00    1.28  24.40
nvme0n1p5     9148.00 1064960.00     0.00   0.00    0.24   116.41    0.00      0.00     0.00   0.00    0.00     0.00    0.00      0.00     0.00   0.00    0.00     0.00    0.00    0.00    2.21  42.60


avg-cpu:  %user   %nice %system %iowait  %steal   %idle
          50.29    0.00   18.28    0.08    0.00   31.34

Device            r/s     rkB/s   rrqm/s  %rrqm r_await rareq-sz     w/s     wkB/s   wrqm/s  %wrqm w_await wareq-sz     d/s     dkB/s   drqm/s  %drqm d_await dareq-sz     f/s f_await  aqu-sz  %util
nvme0n1p3     5135.00 612224.00     0.00   0.00    0.26   119.23    0.00      0.00     0.00   0.00    0.00     0.00    0.00      0.00     0.00   0.00    0.00     0.00    0.00    0.00    1.35  24.20
nvme0n1p4     4595.00 541696.00     0.00   0.00    0.26   117.89    0.00      0.00     0.00   0.00    0.00     0.00    0.00      0.00     0.00   0.00    0.00     0.00    0.00    0.00    1.18  24.20
nvme0n1p5     8391.00 984064.00     0.00   0.00    0.24   117.28    0.00      0.00     0.00   0.00    0.00     0.00    0.00      0.00     0.00   0.00    0.00     0.00    0.00    0.00    2.06  41.70


avg-cpu:  %user   %nice %system %iowait  %steal   %idle
          48.50    0.00   16.50    0.08    0.00   34.92

Device            r/s     rkB/s   rrqm/s  %rrqm r_await rareq-sz     w/s     wkB/s   wrqm/s  %wrqm w_await wareq-sz     d/s     dkB/s   drqm/s  %drqm d_await dareq-sz     f/s f_await  aqu-sz  %util
nvme0n1p3     5213.00 618496.00     0.00   0.00    0.25   118.64    0.00      0.00     0.00   0.00    0.00     0.00    0.00      0.00     0.00   0.00    0.00     0.00    0.00    0.00    1.33  21.70
nvme0n1p4     4600.00 544768.00     0.00   0.00    0.25   118.43    0.00      0.00     0.00   0.00    0.00     0.00    0.00      0.00     0.00   0.00    0.00     0.00    0.00    0.00    1.17  23.90
nvme0n1p5     8576.00 1006592.00     0.00   0.00    0.24   117.37    0.00      0.00     0.00   0.00    0.00     0.00    0.00      0.00     0.00   0.00    0.00     0.00    0.00    0.00    2.08  39.10


avg-cpu:  %user   %nice %system %iowait  %steal   %idle
          50.46    0.00   16.71    0.00    0.00   32.83

Device            r/s     rkB/s   rrqm/s  %rrqm r_await rareq-sz     w/s     wkB/s   wrqm/s  %wrqm w_await wareq-sz     d/s     dkB/s   drqm/s  %drqm d_await dareq-sz     f/s f_await  aqu-sz  %util
nvme0n1p3     5434.00 643072.00     0.00   0.00    0.26   118.34    0.00      0.00     0.00   0.00    0.00     0.00    0.00      0.00     0.00   0.00    0.00     0.00    0.00    0.00    1.39  25.80
nvme0n1p4     5019.00 589824.00     0.00   0.00    0.25   117.52    0.00      0.00     0.00   0.00    0.00     0.00    0.00      0.00     0.00   0.00    0.00     0.00    0.00    0.00    1.27  25.50
nvme0n1p5     8808.00 1035264.00     0.00   0.00    0.24   117.54    0.00      0.00     0.00   0.00    0.00     0.00    0.00      0.00     0.00   0.00    0.00     0.00    0.00    0.00    2.12  43.60


avg-cpu:  %user   %nice %system %iowait  %steal   %idle
          54.01    0.00   16.81    0.00    0.00   29.18

Device            r/s     rkB/s   rrqm/s  %rrqm r_await rareq-sz     w/s     wkB/s   wrqm/s  %wrqm w_await wareq-sz     d/s     dkB/s   drqm/s  %drqm d_await dareq-sz     f/s f_await  aqu-sz  %util
nvme0n1p3     5065.00 606208.00     0.00   0.00    0.26   119.69    0.00      0.00     0.00   0.00    0.00     0.00    0.00      0.00     0.00   0.00    0.00     0.00    0.00    0.00    1.29  24.00
nvme0n1p4     4444.00 529408.00     0.00   0.00    0.25   119.13    0.00      0.00     0.00   0.00    0.00     0.00    0.00      0.00     0.00   0.00    0.00     0.00    0.00    0.00    1.13  23.70
nvme0n1p5     8116.00 957440.00     0.00   0.00    0.24   117.97    0.00      0.00     0.00   0.00    0.00     0.00    0.00      0.00     0.00   0.00    0.00     0.00    0.00    0.00    1.95  37.80


avg-cpu:  %user   %nice %system %iowait  %steal   %idle
          45.24    0.00   16.61    0.08    0.00   38.06

Device            r/s     rkB/s   rrqm/s  %rrqm r_await rareq-sz     w/s     wkB/s   wrqm/s  %wrqm w_await wareq-sz     d/s     dkB/s   drqm/s  %drqm d_await dareq-sz     f/s f_await  aqu-sz  %util
nvme0n1p3     5714.00 675840.00     0.00   0.00    0.26   118.28    0.00      0.00     0.00   0.00    0.00     0.00    0.00      0.00     0.00   0.00    0.00     0.00    0.00    0.00    1.49  23.50
nvme0n1p4     5008.00 590208.00     0.00   0.00    0.26   117.85    0.00      0.00     0.00   0.00    0.00     0.00    0.00      0.00     0.00   0.00    0.00     0.00    0.00    0.00    1.28  24.70
nvme0n1p5     9259.00 1080320.00     0.00   0.00    0.24   116.68    0.00      0.00     0.00   0.00    0.00     0.00    0.00      0.00     0.00   0.00    0.00     0.00    0.00    0.00    2.24  40.80


avg-cpu:  %user   %nice %system %iowait  %steal   %idle
          53.61    0.00   15.29    0.08    0.00   31.01

Device            r/s     rkB/s   rrqm/s  %rrqm r_await rareq-sz     w/s     wkB/s   wrqm/s  %wrqm w_await wareq-sz     d/s     dkB/s   drqm/s  %drqm d_await dareq-sz     f/s f_await  aqu-sz  %util
nvme0n1p3     5054.00 606208.00     0.00   0.00    0.26   119.95    0.00      0.00     0.00   0.00    0.00     0.00    0.00      0.00     0.00   0.00    0.00     0.00    0.00    0.00    1.29  25.00
nvme0n1p4     4468.00 532096.00     0.00   0.00    0.26   119.09    0.00      0.00     0.00   0.00    0.00     0.00    0.00      0.00     0.00   0.00    0.00     0.00    0.00    0.00    1.16  22.20
nvme0n1p5     8253.00 967680.00     0.00   0.00    0.24   117.25    0.00      0.00     0.00   0.00    0.00     0.00    0.00      0.00     0.00   0.00    0.00     0.00    0.00    0.00    2.02  40.20


avg-cpu:  %user   %nice %system %iowait  %steal   %idle
          50.51    0.00   15.07    0.00    0.00   34.43

Device            r/s     rkB/s   rrqm/s  %rrqm r_await rareq-sz     w/s     wkB/s   wrqm/s  %wrqm w_await wareq-sz     d/s     dkB/s   drqm/s  %drqm d_await dareq-sz     f/s f_await  aqu-sz  %util
nvme0n1p3     5018.00 598016.00     0.00   0.00    0.26   119.17    0.00      0.00     0.00   0.00    0.00     0.00    0.00      0.00     0.00   0.00    0.00     0.00    0.00    0.00    1.30  24.30
nvme0n1p4     4434.00 523264.00     0.00   0.00    0.25   118.01    0.00      0.00     0.00   0.00    0.00     0.00    0.00      0.00     0.00   0.00    0.00     0.00    0.00    0.00    1.13  22.90
nvme0n1p5     8050.00 942080.00     0.00   0.00    0.24   117.03    0.00      0.00     0.00   0.00    0.00     0.00    0.00      0.00     0.00   0.00    0.00     0.00    0.00    0.00    1.96  38.90


avg-cpu:  %user   %nice %system %iowait  %steal   %idle
          47.25    0.00   16.26    0.08    0.00   36.41

Device            r/s     rkB/s   rrqm/s  %rrqm r_await rareq-sz     w/s     wkB/s   wrqm/s  %wrqm w_await wareq-sz     d/s     dkB/s   drqm/s  %drqm d_await dareq-sz     f/s f_await  aqu-sz  %util
nvme0n1p3     5722.00 679936.00     0.00   0.00    0.26   118.83    0.00      0.00     0.00   0.00    0.00     0.00    0.00      0.00     0.00   0.00    0.00     0.00    0.00    0.00    1.46  25.70
nvme0n1p4     4854.00 573440.00     0.00   0.00    0.25   118.14    0.00      0.00     0.00   0.00    0.00     0.00    0.00      0.00     0.00   0.00    0.00     0.00    0.00    0.00    1.22  25.20
nvme0n1p5     9110.00 1059840.00     0.00   0.00    0.24   116.34    0.00      0.00     0.00   0.00    0.00     0.00    0.00      0.00     0.00   0.00    0.00     0.00    0.00    0.00    2.18  43.30


avg-cpu:  %user   %nice %system %iowait  %steal   %idle
          69.37    0.00   11.42    0.08    0.00   19.12

Device            r/s     rkB/s   rrqm/s  %rrqm r_await rareq-sz     w/s     wkB/s   wrqm/s  %wrqm w_await wareq-sz     d/s     dkB/s   drqm/s  %drqm d_await dareq-sz     f/s f_await  aqu-sz  %util
nvme0n1p3     3714.00 446464.00     0.00   0.00    0.26   120.21    0.00      0.00     0.00   0.00    0.00     0.00    0.00      0.00     0.00   0.00    0.00     0.00    0.00    0.00    0.96  17.80
nvme0n1p4     3179.00 380928.00     0.00   0.00    0.24   119.83    0.00      0.00     0.00   0.00    0.00     0.00    0.00      0.00     0.00   0.00    0.00     0.00    0.00    0.00    0.77  17.20
nvme0n1p5     6003.00 721920.00     0.00   0.00    0.24   120.26    0.00      0.00     0.00   0.00    0.00     0.00    0.00      0.00     0.00   0.00    0.00     0.00    0.00    0.00    1.46  28.70


avg-cpu:  %user   %nice %system %iowait  %steal   %idle
          52.87    0.00   14.82    0.09    0.00   32.22

Device            r/s     rkB/s   rrqm/s  %rrqm r_await rareq-sz     w/s     wkB/s   wrqm/s  %wrqm w_await wareq-sz     d/s     dkB/s   drqm/s  %drqm d_await dareq-sz     f/s f_await  aqu-sz  %util
nvme0n1p3     4974.00 589824.00     0.00   0.00    0.26   118.58    0.00      0.00     0.00   0.00    0.00     0.00    0.00      0.00     0.00   0.00    0.00     0.00    0.00    0.00    1.29  22.90
nvme0n1p4     4280.00 507904.00     0.00   0.00    0.25   118.67    0.00      0.00     0.00   0.00    0.00     0.00    0.00      0.00     0.00   0.00    0.00     0.00    0.00    0.00    1.06  20.60
nvme0n1p5     7922.00 932608.00     0.00   0.00    0.24   117.72    0.00      0.00     0.00   0.00    0.00     0.00    0.00      0.00     0.00   0.00    0.00     0.00    0.00    0.00    1.91  39.80


avg-cpu:  %user   %nice %system %iowait  %steal   %idle
          47.83    0.00   16.06    0.08    0.00   36.02

Device            r/s     rkB/s   rrqm/s  %rrqm r_await rareq-sz     w/s     wkB/s   wrqm/s  %wrqm w_await wareq-sz     d/s     dkB/s   drqm/s  %drqm d_await dareq-sz     f/s f_await  aqu-sz  %util
nvme0n1p3     5128.00 610304.00     0.00   0.00    0.26   119.01    0.00      0.00     0.00   0.00    0.00     0.00    0.00      0.00     0.00   0.00    0.00     0.00    0.00    0.00    1.34  23.10
nvme0n1p4     4495.00 529408.00     0.00   0.00    0.26   117.78    0.00      0.00     0.00   0.00    0.00     0.00    0.00      0.00     0.00   0.00    0.00     0.00    0.00    0.00    1.16  23.60
nvme0n1p5     8274.00 967936.00     0.00   0.00    0.24   116.99    0.00      0.00     0.00   0.00    0.00     0.00    0.00      0.00     0.00   0.00    0.00     0.00    0.00    0.00    2.02  39.10


avg-cpu:  %user   %nice %system %iowait  %steal   %idle
          50.34    0.00   16.58    0.00    0.00   33.08

Device            r/s     rkB/s   rrqm/s  %rrqm r_await rareq-sz     w/s     wkB/s   wrqm/s  %wrqm w_await wareq-sz     d/s     dkB/s   drqm/s  %drqm d_await dareq-sz     f/s f_await  aqu-sz  %util
nvme0n1p3     5308.00 631808.00     0.00   0.00    0.26   119.03    0.00      0.00     0.00   0.00    0.00     0.00    0.00      0.00     0.00   0.00    0.00     0.00    0.00    0.00    1.36  23.50
nvme0n1p4     4832.00 572544.00     0.00   0.00    0.25   118.49    0.00      0.00     0.00   0.00    0.00     0.00    0.00      0.00     0.00   0.00    0.00     0.00    0.00    0.00    1.20  22.40
nvme0n1p5     8657.00 1016832.00     0.00   0.00    0.24   117.46    0.00      0.00     0.00   0.00    0.00     0.00    0.00      0.00     0.00   0.00    0.00     0.00    0.00    0.00    2.12  40.10


avg-cpu:  %user   %nice %system %iowait  %steal   %idle
          44.77    0.00   18.15    0.09    0.00   36.99

Device            r/s     rkB/s   rrqm/s  %rrqm r_await rareq-sz     w/s     wkB/s   wrqm/s  %wrqm w_await wareq-sz     d/s     dkB/s   drqm/s  %drqm d_await dareq-sz     f/s f_await  aqu-sz  %util
nvme0n1p3     5799.00 689152.00     0.00   0.00    0.26   118.84    0.00      0.00     0.00   0.00    0.00     0.00    0.00      0.00     0.00   0.00    0.00     0.00    0.00    0.00    1.52  26.10
nvme0n1p4     5207.00 613248.00     0.00   0.00    0.26   117.77    0.00      0.00     0.00   0.00    0.00     0.00    0.00      0.00     0.00   0.00    0.00     0.00    0.00    0.00    1.36  23.30
nvme0n1p5     9452.00 1097728.00     0.00   0.00    0.24   116.14    0.00      0.00     0.00   0.00    0.00     0.00    0.00      0.00     0.00   0.00    0.00     0.00    0.00    0.00    2.28  44.10


avg-cpu:  %user   %nice %system %iowait  %steal   %idle
          47.55    0.00   16.37    0.09    0.00   36.00

Device            r/s     rkB/s   rrqm/s  %rrqm r_await rareq-sz     w/s     wkB/s   wrqm/s  %wrqm w_await wareq-sz     d/s     dkB/s   drqm/s  %drqm d_await dareq-sz     f/s f_await  aqu-sz  %util
nvme0n1p3     5564.00 660480.00     0.00   0.00    0.25   118.71    0.00      0.00     0.00   0.00    0.00     0.00    0.00      0.00     0.00   0.00    0.00     0.00    0.00    0.00    1.40  25.90
nvme0n1p4     4735.00 562176.00     0.00   0.00    0.25   118.73    0.00      0.00     0.00   0.00    0.00     0.00    0.00      0.00     0.00   0.00    0.00     0.00    0.00    0.00    1.17  21.40
nvme0n1p5     8749.00 1026048.00     0.00   0.00    0.24   117.28    0.00      0.00     0.00   0.00    0.00     0.00    0.00      0.00     0.00   0.00    0.00     0.00    0.00    0.00    2.10  40.40


avg-cpu:  %user   %nice %system %iowait  %steal   %idle
          49.62    0.00   17.19    0.17    0.00   33.02

Device            r/s     rkB/s   rrqm/s  %rrqm r_await rareq-sz     w/s     wkB/s   wrqm/s  %wrqm w_await wareq-sz     d/s     dkB/s   drqm/s  %drqm d_await dareq-sz     f/s f_await  aqu-sz  %util
nvme0n1p3     5263.00 627712.00     0.00   0.00    0.26   119.27    0.00      0.00     0.00   0.00    0.00     0.00    0.00      0.00     0.00   0.00    0.00     0.00    0.00    0.00    1.38  24.50
nvme0n1p4     4656.00 557056.00     0.00   0.00    0.26   119.64    0.00      0.00     0.00   0.00    0.00     0.00    0.00      0.00     0.00   0.00    0.00     0.00    0.00    0.00    1.21  23.40
nvme0n1p5     8740.00 1028288.00     0.00   0.00    0.25   117.65    0.00      0.00     0.00   0.00    0.00     0.00    0.00      0.00     0.00   0.00    0.00     0.00    0.00    0.00    2.17  42.60


avg-cpu:  %user   %nice %system %iowait  %steal   %idle
          40.39    0.00   16.72    0.00    0.00   42.88

Device            r/s     rkB/s   rrqm/s  %rrqm r_await rareq-sz     w/s     wkB/s   wrqm/s  %wrqm w_await wareq-sz     d/s     dkB/s   drqm/s  %drqm d_await dareq-sz     f/s f_await  aqu-sz  %util
nvme0n1p3     5261.00 624640.00     0.00   0.00    0.27   118.73    0.00      0.00     0.00   0.00    0.00     0.00    0.00      0.00     0.00   0.00    0.00     0.00    0.00    0.00    1.41  23.30
nvme0n1p4     4697.00 552960.00     0.00   0.00    0.26   117.73    0.00      0.00     0.00   0.00    0.00     0.00    0.00      0.00     0.00   0.00    0.00     0.00    0.00    0.00    1.22  22.90
nvme0n1p5     8833.00 1030976.00     0.00   0.00    0.24   116.72    0.00      0.00     0.00   0.00    0.00     0.00    0.00      0.00     0.00   0.00    0.00     0.00    0.00    0.00    2.16  43.40


avg-cpu:  %user   %nice %system %iowait  %steal   %idle
          52.84    0.00   15.23    0.09    0.00   31.84

Device            r/s     rkB/s   rrqm/s  %rrqm r_await rareq-sz     w/s     wkB/s   wrqm/s  %wrqm w_await wareq-sz     d/s     dkB/s   drqm/s  %drqm d_await dareq-sz     f/s f_await  aqu-sz  %util
nvme0n1p3     5111.00 607232.00     0.00   0.00    0.27   118.81    0.00      0.00     0.00   0.00    0.00     0.00    0.00      0.00     0.00   0.00    0.00     0.00    0.00    0.00    1.37  22.00
nvme0n1p4     4459.00 533504.00     0.00   0.00    0.25   119.65    0.00      0.00     0.00   0.00    0.00     0.00    0.00      0.00     0.00   0.00    0.00     0.00    0.00    0.00    1.13  23.60
nvme0n1p5     8137.00 962560.00     0.00   0.00    0.25   118.29    0.00      0.00     0.00   0.00    0.00     0.00    0.00      0.00     0.00   0.00    0.00     0.00    0.00    0.00    2.00  37.50


avg-cpu:  %user   %nice %system %iowait  %steal   %idle
          58.21    0.00   14.27    0.00    0.00   27.52

Device            r/s     rkB/s   rrqm/s  %rrqm r_await rareq-sz     w/s     wkB/s   wrqm/s  %wrqm w_await wareq-sz     d/s     dkB/s   drqm/s  %drqm d_await dareq-sz     f/s f_await  aqu-sz  %util
nvme0n1p3     4906.00 587776.00     0.00   0.00    0.26   119.81    0.00      0.00     0.00   0.00    0.00     0.00    0.00      0.00     0.00   0.00    0.00     0.00    0.00    0.00    1.26  21.00
nvme0n1p4     4233.00 503808.00     0.00   0.00    0.25   119.02    0.00      0.00     0.00   0.00    0.00     0.00    0.00      0.00     0.00   0.00    0.00     0.00    0.00    0.00    1.06  20.70
nvme0n1p5     7586.00 899840.00     0.00   0.00    0.24   118.62    0.00      0.00     0.00   0.00    0.00     0.00    0.00      0.00     0.00   0.00    0.00     0.00    0.00    0.00    1.85  35.40


avg-cpu:  %user   %nice %system %iowait  %steal   %idle
          55.41    0.00   14.09    0.00    0.00   30.50

Device            r/s     rkB/s   rrqm/s  %rrqm r_await rareq-sz     w/s     wkB/s   wrqm/s  %wrqm w_await wareq-sz     d/s     dkB/s   drqm/s  %drqm d_await dareq-sz     f/s f_await  aqu-sz  %util
nvme0n1p3     4747.00 568320.00     0.00   0.00    0.26   119.72    0.00      0.00     0.00   0.00    0.00     0.00    0.00      0.00     0.00   0.00    0.00     0.00    0.00    0.00    1.21  19.80
nvme0n1p4     4054.00 486400.00     0.00   0.00    0.26   119.98    0.00      0.00     0.00   0.00    0.00     0.00    0.00      0.00     0.00   0.00    0.00     0.00    0.00    0.00    1.04  21.50
nvme0n1p5     7526.00 887040.00     1.00   0.01    0.24   117.86    0.00      0.00     0.00   0.00    0.00     0.00    0.00      0.00     0.00   0.00    0.00     0.00    0.00    0.00    1.82  33.50


avg-cpu:  %user   %nice %system %iowait  %steal   %idle
          23.67    0.00    1.10    0.17    0.00   75.06

Device            r/s     rkB/s   rrqm/s  %rrqm r_await rareq-sz     w/s     wkB/s   wrqm/s  %wrqm w_await wareq-sz     d/s     dkB/s   drqm/s  %drqm d_await dareq-sz     f/s f_await  aqu-sz  %util
nvme0n1p3        0.00      0.00     0.00   0.00    0.00     0.00    0.00      0.00     0.00   0.00    0.00     0.00    0.00      0.00     0.00   0.00    0.00     0.00    0.00    0.00    0.00   0.00
nvme0n1p4        0.00      0.00     0.00   0.00    0.00     0.00    0.00      0.00     0.00   0.00    0.00     0.00    0.00      0.00     0.00   0.00    0.00     0.00    0.00    0.00    0.00   0.00
nvme0n1p5        0.00      0.00     0.00   0.00    0.00     0.00    0.00      0.00     0.00   0.00    0.00     0.00    0.00      0.00     0.00   0.00    0.00     0.00    0.00    0.00    0.00   0.00


avg-cpu:  %user   %nice %system %iowait  %steal   %idle
          10.77    0.00    0.93    0.08    0.00   88.21

Device            r/s     rkB/s   rrqm/s  %rrqm r_await rareq-sz     w/s     wkB/s   wrqm/s  %wrqm w_await wareq-sz     d/s     dkB/s   drqm/s  %drqm d_await dareq-sz     f/s f_await  aqu-sz  %util
nvme0n1p3        0.00      0.00     0.00   0.00    0.00     0.00    0.00      0.00     0.00   0.00    0.00     0.00    0.00      0.00     0.00   0.00    0.00     0.00    0.00    0.00    0.00   0.00
nvme0n1p4        0.00      0.00     0.00   0.00    0.00     0.00    0.00      0.00     0.00   0.00    0.00     0.00    0.00      0.00     0.00   0.00    0.00     0.00    0.00    0.00    0.00   0.00
nvme0n1p5        0.00      0.00     0.00   0.00    0.00     0.00    0.00      0.00     0.00   0.00    0.00     0.00    0.00      0.00     0.00   0.00    0.00     0.00    0.00    0.00    0.00   0.00

