Linux 6.8.0-124-generic (sok-com) 	2026년 07월 31일 	_x86_64_	(12 CPU)

avg-cpu:  %user   %nice %system %iowait  %steal   %idle
          15.37    0.00    3.38    0.81    0.00   80.44

Device            r/s     rkB/s   rrqm/s  %rrqm r_await rareq-sz     w/s     wkB/s   wrqm/s  %wrqm w_await wareq-sz     d/s     dkB/s   drqm/s  %drqm d_await dareq-sz     f/s f_await  aqu-sz  %util
nvme0n1p3        2.78    164.93     0.00   0.05    0.29    59.29   56.55   2217.27     0.03   0.05    0.95    39.21    0.00      0.00     0.00   0.00    0.00     0.00    0.00    0.00    0.05   1.08
nvme0n1p4        5.65    446.38     0.01   0.15    0.32    78.98   72.95   2329.20     0.01   0.02    0.92    31.93    0.00      0.00     0.00   0.00    0.00     0.00    0.00    0.00    0.07   1.31
nvme0n1p5        7.47    661.45     0.01   0.14    0.35    88.54   72.99   2329.50     0.01   0.01    0.95    31.92    0.00      0.00     0.00   0.00    0.00     0.00    0.00    0.00    0.07   1.32


avg-cpu:  %user   %nice %system %iowait  %steal   %idle
           8.23    0.00    1.02    0.08    0.00   90.67

Device            r/s     rkB/s   rrqm/s  %rrqm r_await rareq-sz     w/s     wkB/s   wrqm/s  %wrqm w_await wareq-sz     d/s     dkB/s   drqm/s  %drqm d_await dareq-sz     f/s f_await  aqu-sz  %util
nvme0n1p3        0.00      0.00     0.00   0.00    0.00     0.00    0.00      0.00     0.00   0.00    0.00     0.00    0.00      0.00     0.00   0.00    0.00     0.00    0.00    0.00    0.00   0.00
nvme0n1p4        0.00      0.00     0.00   0.00    0.00     0.00    0.00      0.00     0.00   0.00    0.00     0.00    0.00      0.00     0.00   0.00    0.00     0.00    0.00    0.00    0.00   0.00
nvme0n1p5        0.00      0.00     0.00   0.00    0.00     0.00    0.00      0.00     0.00   0.00    0.00     0.00    0.00      0.00     0.00   0.00    0.00     0.00    0.00    0.00    0.00   0.00


avg-cpu:  %user   %nice %system %iowait  %steal   %idle
           9.94    0.00    0.93    0.00    0.00   89.12

Device            r/s     rkB/s   rrqm/s  %rrqm r_await rareq-sz     w/s     wkB/s   wrqm/s  %wrqm w_await wareq-sz     d/s     dkB/s   drqm/s  %drqm d_await dareq-sz     f/s f_await  aqu-sz  %util
nvme0n1p3        0.00      0.00     0.00   0.00    0.00     0.00    0.00      0.00     0.00   0.00    0.00     0.00    0.00      0.00     0.00   0.00    0.00     0.00    0.00    0.00    0.00   0.00
nvme0n1p4        0.00      0.00     0.00   0.00    0.00     0.00    0.00      0.00     0.00   0.00    0.00     0.00    0.00      0.00     0.00   0.00    0.00     0.00    0.00    0.00    0.00   0.00
nvme0n1p5        0.00      0.00     0.00   0.00    0.00     0.00    0.00      0.00     0.00   0.00    0.00     0.00    0.00      0.00     0.00   0.00    0.00     0.00    0.00    0.00    0.00   0.00


avg-cpu:  %user   %nice %system %iowait  %steal   %idle
          36.12    0.00    4.68    0.43    0.00   58.77

Device            r/s     rkB/s   rrqm/s  %rrqm r_await rareq-sz     w/s     wkB/s   wrqm/s  %wrqm w_await wareq-sz     d/s     dkB/s   drqm/s  %drqm d_await dareq-sz     f/s f_await  aqu-sz  %util
nvme0n1p3       10.00   1100.00     0.00   0.00    0.10   110.00 2689.00  24764.00     0.00   0.00    0.06     9.21    0.00      0.00     0.00   0.00    0.00     0.00    0.00    0.00    0.16   3.80
nvme0n1p4        0.00      0.00     0.00   0.00    0.00     0.00 2860.00  24428.00     0.00   0.00    0.05     8.54    0.00      0.00     0.00   0.00    0.00     0.00    0.00    0.00    0.16   4.80
nvme0n1p5        0.00      0.00     0.00   0.00    0.00     0.00 2924.00  24620.00     0.00   0.00    0.06     8.42    0.00      0.00     0.00   0.00    0.00     0.00    0.00    0.00    0.17   4.90


avg-cpu:  %user   %nice %system %iowait  %steal   %idle
          73.09    0.00   12.21    1.03    0.00   13.67

Device            r/s     rkB/s   rrqm/s  %rrqm r_await rareq-sz     w/s     wkB/s   wrqm/s  %wrqm w_await wareq-sz     d/s     dkB/s   drqm/s  %drqm d_await dareq-sz     f/s f_await  aqu-sz  %util
nvme0n1p3        0.00      0.00     0.00   0.00    0.00     0.00 10123.00  88764.00     0.00   0.00    0.06     8.77    0.00      0.00     0.00   0.00    0.00     0.00    0.00    0.00    0.60  12.90
nvme0n1p4        0.00      0.00     0.00   0.00    0.00     0.00 10480.00  89760.00     0.00   0.00    0.06     8.56    0.00      0.00     0.00   0.00    0.00     0.00    0.00    0.00    0.64  17.80
nvme0n1p5        0.00      0.00     0.00   0.00    0.00     0.00 10519.00  90336.00     0.00   0.00    0.06     8.59    0.00      0.00     0.00   0.00    0.00     0.00    0.00    0.00    0.67  16.20


avg-cpu:  %user   %nice %system %iowait  %steal   %idle
          71.83    0.00   12.59    0.94    0.00   14.64

Device            r/s     rkB/s   rrqm/s  %rrqm r_await rareq-sz     w/s     wkB/s   wrqm/s  %wrqm w_await wareq-sz     d/s     dkB/s   drqm/s  %drqm d_await dareq-sz     f/s f_await  aqu-sz  %util
nvme0n1p3        0.00      0.00     0.00   0.00    0.00     0.00 9440.00  82988.00     0.00   0.00    0.06     8.79    0.00      0.00     0.00   0.00    0.00     0.00    0.00    0.00    0.54  10.30
nvme0n1p4        0.00      0.00     0.00   0.00    0.00     0.00 9839.00  84544.00     0.00   0.00    0.06     8.59    0.00      0.00     0.00   0.00    0.00     0.00    0.00    0.00    0.58  14.90
nvme0n1p5        0.00      0.00     0.00   0.00    0.00     0.00 9794.00  84008.00     0.00   0.00    0.06     8.58    0.00      0.00     0.00   0.00    0.00     0.00    0.00    0.00    0.62  14.00


avg-cpu:  %user   %nice %system %iowait  %steal   %idle
          74.17    0.00   10.69    0.94    0.00   14.20

Device            r/s     rkB/s   rrqm/s  %rrqm r_await rareq-sz     w/s     wkB/s   wrqm/s  %wrqm w_await wareq-sz     d/s     dkB/s   drqm/s  %drqm d_await dareq-sz     f/s f_await  aqu-sz  %util
nvme0n1p3        0.00      0.00     0.00   0.00    0.00     0.00 8708.00  76764.00     0.00   0.00    0.06     8.82    0.00      0.00     0.00   0.00    0.00     0.00    0.00    0.00    0.52  10.30
nvme0n1p4        0.00      0.00     0.00   0.00    0.00     0.00 9195.00  77344.00     0.00   0.00    0.06     8.41    0.00      0.00     0.00   0.00    0.00     0.00    0.00    0.00    0.55  16.60
nvme0n1p5        0.00      0.00     0.00   0.00    0.00     0.00 8812.00  76272.00     0.00   0.00    0.06     8.66    0.00      0.00     0.00   0.00    0.00     0.00    0.00    0.00    0.50  11.50


avg-cpu:  %user   %nice %system %iowait  %steal   %idle
          74.74    0.00   10.87    0.86    0.00   13.53

Device            r/s     rkB/s   rrqm/s  %rrqm r_await rareq-sz     w/s     wkB/s   wrqm/s  %wrqm w_await wareq-sz     d/s     dkB/s   drqm/s  %drqm d_await dareq-sz     f/s f_await  aqu-sz  %util
nvme0n1p3        0.00      0.00     0.00   0.00    0.00     0.00 8766.00  75864.00     0.00   0.00    0.06     8.65    0.00      0.00     0.00   0.00    0.00     0.00    0.00    0.00    0.55  12.80
nvme0n1p4        0.00      0.00     0.00   0.00    0.00     0.00 8965.00  76176.00     0.00   0.00    0.06     8.50    0.00      0.00     0.00   0.00    0.00     0.00    0.00    0.00    0.55  15.40
nvme0n1p5        0.00      0.00     0.00   0.00    0.00     0.00 8645.00  75548.00     0.00   0.00    0.06     8.74    0.00      0.00     0.00   0.00    0.00     0.00    0.00    0.00    0.50  11.50


avg-cpu:  %user   %nice %system %iowait  %steal   %idle
          69.85    0.00   12.98    1.11    0.00   16.05

Device            r/s     rkB/s   rrqm/s  %rrqm r_await rareq-sz     w/s     wkB/s   wrqm/s  %wrqm w_await wareq-sz     d/s     dkB/s   drqm/s  %drqm d_await dareq-sz     f/s f_await  aqu-sz  %util
nvme0n1p3        0.00      0.00     0.00   0.00    0.00     0.00 9821.00  85372.00     0.00   0.00    0.06     8.69    0.00      0.00     0.00   0.00    0.00     0.00    0.00    0.00    0.61  13.30
nvme0n1p4        0.00      0.00     0.00   0.00    0.00     0.00 10378.00  86692.00     0.00   0.00    0.06     8.35    0.00      0.00     0.00   0.00    0.00     0.00    0.00    0.00    0.65  20.50
nvme0n1p5        0.00      0.00     0.00   0.00    0.00     0.00 9777.00  85476.00     0.00   0.00    0.06     8.74    0.00      0.00     0.00   0.00    0.00     0.00    0.00    0.00    0.55  11.20


avg-cpu:  %user   %nice %system %iowait  %steal   %idle
          68.07    0.00   14.38    1.11    0.00   16.44

Device            r/s     rkB/s   rrqm/s  %rrqm r_await rareq-sz     w/s     wkB/s   wrqm/s  %wrqm w_await wareq-sz     d/s     dkB/s   drqm/s  %drqm d_await dareq-sz     f/s f_await  aqu-sz  %util
nvme0n1p3        0.00      0.00     0.00   0.00    0.00     0.00 10150.00  89824.00     0.00   0.00    0.06     8.85    0.00      0.00     0.00   0.00    0.00     0.00    0.00    0.00    0.58  11.20
nvme0n1p4        0.00      0.00     0.00   0.00    0.00     0.00 10541.00  90796.00     0.00   0.00    0.06     8.61    0.00      0.00     0.00   0.00    0.00     0.00    0.00    0.00    0.58  14.80
nvme0n1p5        0.00      0.00     0.00   0.00    0.00     0.00 10483.00  90644.00     0.00   0.00    0.06     8.65    0.00      0.00     0.00   0.00    0.00     0.00    0.00    0.00    0.63  14.90


avg-cpu:  %user   %nice %system %iowait  %steal   %idle
          65.60    0.00   15.86    1.03    0.00   17.50

Device            r/s     rkB/s   rrqm/s  %rrqm r_await rareq-sz     w/s     wkB/s   wrqm/s  %wrqm w_await wareq-sz     d/s     dkB/s   drqm/s  %drqm d_await dareq-sz     f/s f_await  aqu-sz  %util
nvme0n1p3        0.00      0.00     0.00   0.00    0.00     0.00 10980.00  96432.00     0.00   0.00    0.06     8.78    0.00      0.00     0.00   0.00    0.00     0.00    0.00    0.00    0.63  13.60
nvme0n1p4        0.00      0.00     0.00   0.00    0.00     0.00 11334.00  97804.00     0.00   0.00    0.06     8.63    0.00      0.00     0.00   0.00    0.00     0.00    0.00    0.00    0.64  17.00
nvme0n1p5        0.00      0.00     0.00   0.00    0.00     0.00 11170.00  97104.00     0.00   0.00    0.06     8.69    0.00      0.00     0.00   0.00    0.00     0.00    0.00    0.00    0.62  15.30


avg-cpu:  %user   %nice %system %iowait  %steal   %idle
          65.24    0.00   15.37    1.11    0.00   18.27

Device            r/s     rkB/s   rrqm/s  %rrqm r_await rareq-sz     w/s     wkB/s   wrqm/s  %wrqm w_await wareq-sz     d/s     dkB/s   drqm/s  %drqm d_await dareq-sz     f/s f_await  aqu-sz  %util
nvme0n1p3        0.00      0.00     0.00   0.00    0.00     0.00 11128.00  99276.00     0.00   0.00    0.06     8.92    0.00      0.00     0.00   0.00    0.00     0.00    0.00    0.00    0.64  13.00
nvme0n1p4        0.00      0.00     0.00   0.00    0.00     0.00 11253.00  98320.00     0.00   0.00    0.05     8.74    0.00      0.00     0.00   0.00    0.00     0.00    0.00    0.00    0.59  16.50
nvme0n1p5        0.00      0.00     0.00   0.00    0.00     0.00 11149.00  98592.00     0.00   0.00    0.06     8.84    0.00      0.00     0.00   0.00    0.00     0.00    0.00    0.00    0.63  16.00


avg-cpu:  %user   %nice %system %iowait  %steal   %idle
          67.15    0.00   14.84    1.11    0.00   16.90

Device            r/s     rkB/s   rrqm/s  %rrqm r_await rareq-sz     w/s     wkB/s   wrqm/s  %wrqm w_await wareq-sz     d/s     dkB/s   drqm/s  %drqm d_await dareq-sz     f/s f_await  aqu-sz  %util
nvme0n1p3        0.00      0.00     0.00   0.00    0.00     0.00 10246.00  90580.00     0.00   0.00    0.06     8.84    0.00      0.00     0.00   0.00    0.00     0.00    0.00    0.00    0.58  12.70
nvme0n1p4        0.00      0.00     0.00   0.00    0.00     0.00 10795.00  91776.00     0.00   0.00    0.05     8.50    0.00      0.00     0.00   0.00    0.00     0.00    0.00    0.00    0.59  17.40
nvme0n1p5        0.00      0.00     0.00   0.00    0.00     0.00 10511.00  91444.00     0.00   0.00    0.06     8.70    0.00      0.00     0.00   0.00    0.00     0.00    0.00    0.00    0.62  15.40


avg-cpu:  %user   %nice %system %iowait  %steal   %idle
          68.29    0.00   14.10    1.03    0.00   16.58

Device            r/s     rkB/s   rrqm/s  %rrqm r_await rareq-sz     w/s     wkB/s   wrqm/s  %wrqm w_await wareq-sz     d/s     dkB/s   drqm/s  %drqm d_await dareq-sz     f/s f_await  aqu-sz  %util
nvme0n1p3        0.00      0.00     0.00   0.00    0.00     0.00 10993.00  96156.00     0.00   0.00    0.05     8.75    0.00      0.00     0.00   0.00    0.00     0.00    0.00    0.00    0.60  13.30
nvme0n1p4        0.00      0.00     0.00   0.00    0.00     0.00 11270.00  96960.00     0.00   0.00    0.06     8.60    0.00      0.00     0.00   0.00    0.00     0.00    0.00    0.00    0.63  15.90
nvme0n1p5        0.00      0.00     0.00   0.00    0.00     0.00 10908.00  95996.00     0.00   0.00    0.06     8.80    0.00      0.00     0.00   0.00    0.00     0.00    0.00    0.00    0.63  15.70


avg-cpu:  %user   %nice %system %iowait  %steal   %idle
          66.15    0.00   14.85    1.04    0.00   17.96

Device            r/s     rkB/s   rrqm/s  %rrqm r_await rareq-sz     w/s     wkB/s   wrqm/s  %wrqm w_await wareq-sz     d/s     dkB/s   drqm/s  %drqm d_await dareq-sz     f/s f_await  aqu-sz  %util
nvme0n1p3        0.00      0.00     0.00   0.00    0.00     0.00 10921.00  97736.00     0.00   0.00    0.06     8.95    0.00      0.00     0.00   0.00    0.00     0.00    0.00    0.00    0.66  14.40
nvme0n1p4        0.00      0.00     0.00   0.00    0.00     0.00 11502.00  98932.00     0.00   0.00    0.06     8.60    0.00      0.00     0.00   0.00    0.00     0.00    0.00    0.00    0.65  19.00
nvme0n1p5        0.00      0.00     0.00   0.00    0.00     0.00 11166.00  97768.00     0.00   0.00    0.05     8.76    0.00      0.00     0.00   0.00    0.00     0.00    0.00    0.00    0.61  15.00


avg-cpu:  %user   %nice %system %iowait  %steal   %idle
          67.04    0.00   14.81    1.11    0.00   17.04

Device            r/s     rkB/s   rrqm/s  %rrqm r_await rareq-sz     w/s     wkB/s   wrqm/s  %wrqm w_await wareq-sz     d/s     dkB/s   drqm/s  %drqm d_await dareq-sz     f/s f_await  aqu-sz  %util
nvme0n1p3        0.00      0.00     0.00   0.00    0.00     0.00 11167.00  97832.00     0.00   0.00    0.05     8.76    0.00      0.00     0.00   0.00    0.00     0.00    0.00    0.00    0.60  13.60
nvme0n1p4        0.00      0.00     0.00   0.00    0.00     0.00 11290.00  98164.00     0.00   0.00    0.06     8.69    0.00      0.00     0.00   0.00    0.00     0.00    0.00    0.00    0.67  17.00
nvme0n1p5        0.00      0.00     0.00   0.00    0.00     0.00 11112.00  98168.00     0.00   0.00    0.06     8.83    0.00      0.00     0.00   0.00    0.00     0.00    0.00    0.00    0.63  14.00


avg-cpu:  %user   %nice %system %iowait  %steal   %idle
          69.09    0.00   12.16    1.28    0.00   17.47

Device            r/s     rkB/s   rrqm/s  %rrqm r_await rareq-sz     w/s     wkB/s   wrqm/s  %wrqm w_await wareq-sz     d/s     dkB/s   drqm/s  %drqm d_await dareq-sz     f/s f_await  aqu-sz  %util
nvme0n1p3        0.00      0.00     0.00   0.00    0.00     0.00 7840.00  68140.00     0.00   0.00    0.06     8.69    0.00      0.00     0.00   0.00    0.00     0.00    0.00    0.00    0.46   9.00
nvme0n1p4        0.00      0.00     0.00   0.00    0.00     0.00 8631.00  69784.00     0.00   0.00    0.06     8.09    0.00      0.00     0.00   0.00    0.00     0.00    0.00    0.00    0.53  21.60
nvme0n1p5        0.00      0.00     0.00   0.00    0.00     0.00 8198.00  68648.00     0.00   0.00    0.06     8.37    0.00      0.00     0.00   0.00    0.00     0.00    0.00    0.00    0.48  15.60


avg-cpu:  %user   %nice %system %iowait  %steal   %idle
          70.19    0.00   12.61    1.19    0.00   16.01

Device            r/s     rkB/s   rrqm/s  %rrqm r_await rareq-sz     w/s     wkB/s   wrqm/s  %wrqm w_await wareq-sz     d/s     dkB/s   drqm/s  %drqm d_await dareq-sz     f/s f_await  aqu-sz  %util
nvme0n1p3      174.00  16604.00     0.00   0.00    0.21    95.43 10708.00 177384.00     0.00   0.00    0.06    16.57    0.00      0.00     0.00   0.00    0.00     0.00    0.00    0.00    0.68  16.90
nvme0n1p4        0.00      0.00     0.00   0.00    0.00     0.00 10367.00  87380.00     0.00   0.00    0.06     8.43    0.00      0.00     0.00   0.00    0.00     0.00    0.00    0.00    0.58  18.70
nvme0n1p5        0.00      0.00     0.00   0.00    0.00     0.00 10073.00  86812.00     0.00   0.00    0.06     8.62    0.00      0.00     0.00   0.00    0.00     0.00    0.00    0.00    0.62  17.00


avg-cpu:  %user   %nice %system %iowait  %steal   %idle
          67.78    0.00   13.25    1.20    0.00   17.78

Device            r/s     rkB/s   rrqm/s  %rrqm r_await rareq-sz     w/s     wkB/s   wrqm/s  %wrqm w_await wareq-sz     d/s     dkB/s   drqm/s  %drqm d_await dareq-sz     f/s f_await  aqu-sz  %util
nvme0n1p3      310.00  34628.00     0.00   0.00    0.29   111.70 11581.00 215532.00     0.00   0.00    0.06    18.61    0.00      0.00     0.00   0.00    0.00     0.00    0.00    0.00    0.81  18.70
nvme0n1p4        6.00     96.00     0.00   0.00    0.17    16.00 10660.00  92312.00     0.00   0.00    0.06     8.66    0.00      0.00     0.00   0.00    0.00     0.00    0.00    0.00    0.60  19.60
nvme0n1p5        3.00    264.00     0.00   0.00    0.00    88.00 10528.00  92796.00     0.00   0.00    0.06     8.81    0.00      0.00     0.00   0.00    0.00     0.00    0.00    0.00    0.62  15.60


avg-cpu:  %user   %nice %system %iowait  %steal   %idle
          72.05    0.00   12.99    1.03    0.00   13.93

Device            r/s     rkB/s   rrqm/s  %rrqm r_await rareq-sz     w/s     wkB/s   wrqm/s  %wrqm w_await wareq-sz     d/s     dkB/s   drqm/s  %drqm d_await dareq-sz     f/s f_await  aqu-sz  %util
nvme0n1p3        0.00      0.00     0.00   0.00    0.00     0.00 9826.00 103572.00     0.00   0.00    0.06    10.54    0.00      0.00     0.00   0.00    0.00     0.00    0.00    0.00    0.61  17.30
nvme0n1p4      876.00  32824.00     0.00   0.00    0.22    37.47 10551.00 180040.00     0.00   0.00    0.06    17.06    0.00      0.00     0.00   0.00    0.00     0.00    0.00    0.00    0.82  20.20
nvme0n1p5      393.00  16024.00     0.00   0.00    0.18    40.77 10427.00 180340.00     0.00   0.00    0.06    17.30    0.00      0.00     0.00   0.00    0.00     0.00    0.00    0.00    0.68  18.10


avg-cpu:  %user   %nice %system %iowait  %steal   %idle
          70.56    0.00   12.88    1.02    0.00   15.53

Device            r/s     rkB/s   rrqm/s  %rrqm r_await rareq-sz     w/s     wkB/s   wrqm/s  %wrqm w_await wareq-sz     d/s     dkB/s   drqm/s  %drqm d_await dareq-sz     f/s f_await  aqu-sz  %util
nvme0n1p3        0.00      0.00     0.00   0.00    0.00     0.00 9956.00  86204.00     0.00   0.00    0.06     8.66    0.00      0.00     0.00   0.00    0.00     0.00    0.00    0.00    0.57  15.30
nvme0n1p4      173.00   6816.00     0.00   0.00    0.16    39.40 11245.00 198416.00     0.00   0.00    0.06    17.64    0.00      0.00     0.00   0.00    0.00     0.00    0.00    0.00    0.73  17.90
nvme0n1p5      680.00   8588.00     0.00   0.00    0.15    12.63 10866.00 196696.00     0.00   0.00    0.06    18.10    0.00      0.00     0.00   0.00    0.00     0.00    0.00    0.00    0.78  16.20


avg-cpu:  %user   %nice %system %iowait  %steal   %idle
          66.38    0.00   14.64    1.02    0.00   17.96

Device            r/s     rkB/s   rrqm/s  %rrqm r_await rareq-sz     w/s     wkB/s   wrqm/s  %wrqm w_await wareq-sz     d/s     dkB/s   drqm/s  %drqm d_await dareq-sz     f/s f_await  aqu-sz  %util
nvme0n1p3        0.00      0.00     0.00   0.00    0.00     0.00 11149.00  97980.00     0.00   0.00    0.05     8.79    0.00      0.00     0.00   0.00    0.00     0.00    0.00    0.00    0.61  15.50
nvme0n1p4        0.00      0.00     0.00   0.00    0.00     0.00 11335.00  98560.00     0.00   0.00    0.06     8.70    0.00      0.00     0.00   0.00    0.00     0.00    0.00    0.00    0.66  13.80
nvme0n1p5        0.00      0.00     0.00   0.00    0.00     0.00 11369.00  98884.00     0.00   0.00    0.06     8.70    0.00      0.00     0.00   0.00    0.00     0.00    0.00    0.00    0.65  15.30


avg-cpu:  %user   %nice %system %iowait  %steal   %idle
          68.06    0.00   14.09    1.20    0.00   16.65

Device            r/s     rkB/s   rrqm/s  %rrqm r_await rareq-sz     w/s     wkB/s   wrqm/s  %wrqm w_await wareq-sz     d/s     dkB/s   drqm/s  %drqm d_await dareq-sz     f/s f_await  aqu-sz  %util
nvme0n1p3        0.00      0.00     0.00   0.00    0.00     0.00 10732.00  94368.00     0.00   0.00    0.06     8.79    0.00      0.00     0.00   0.00    0.00     0.00    0.00    0.00    0.66  13.60
nvme0n1p4        0.00      0.00     0.00   0.00    0.00     0.00 11385.00  95692.00     0.00   0.00    0.06     8.41    0.00      0.00     0.00   0.00    0.00     0.00    0.00    0.00    0.65  18.10
nvme0n1p5        0.00      0.00     0.00   0.00    0.00     0.00 10802.00  94332.00     0.00   0.00    0.06     8.73    0.00      0.00     0.00   0.00    0.00     0.00    0.00    0.00    0.60  13.90


avg-cpu:  %user   %nice %system %iowait  %steal   %idle
          66.75    0.00   14.71    1.19    0.00   17.35

Device            r/s     rkB/s   rrqm/s  %rrqm r_await rareq-sz     w/s     wkB/s   wrqm/s  %wrqm w_await wareq-sz     d/s     dkB/s   drqm/s  %drqm d_await dareq-sz     f/s f_await  aqu-sz  %util
nvme0n1p3        0.00      0.00     0.00   0.00    0.00     0.00 11133.00  97116.00     0.00   0.00    0.06     8.72    0.00      0.00     0.00   0.00    0.00     0.00    0.00    0.00    0.65  14.30
nvme0n1p4        0.00      0.00     0.00   0.00    0.00     0.00 11356.00  97784.00     0.00   0.00    0.06     8.61    0.00      0.00     0.00   0.00    0.00     0.00    0.00    0.00    0.65  16.70
nvme0n1p5        0.00      0.00     0.00   0.00    0.00     0.00 11246.00  97252.00     0.00   0.00    0.06     8.65    0.00      0.00     0.00   0.00    0.00     0.00    0.00    0.00    0.65  19.00


avg-cpu:  %user   %nice %system %iowait  %steal   %idle
          65.36    0.00   13.52    1.20    0.00   19.93

Device            r/s     rkB/s   rrqm/s  %rrqm r_await rareq-sz     w/s     wkB/s   wrqm/s  %wrqm w_await wareq-sz     d/s     dkB/s   drqm/s  %drqm d_await dareq-sz     f/s f_await  aqu-sz  %util
nvme0n1p3        0.00      0.00     0.00   0.00    0.00     0.00 10704.00  95384.00     0.00   0.00    0.05     8.91    0.00      0.00     0.00   0.00    0.00     0.00    0.00    0.00    0.58  11.60
nvme0n1p4        0.00      0.00     0.00   0.00    0.00     0.00 11377.00  97240.00     0.00   0.00    0.06     8.55    0.00      0.00     0.00   0.00    0.00     0.00    0.00    0.00    0.65  19.70
nvme0n1p5        0.00      0.00     0.00   0.00    0.00     0.00 11061.00  96288.00     0.00   0.00    0.06     8.71    0.00      0.00     0.00   0.00    0.00     0.00    0.00    0.00    0.66  14.60


avg-cpu:  %user   %nice %system %iowait  %steal   %idle
          69.11    0.00   13.45    1.11    0.00   16.34

Device            r/s     rkB/s   rrqm/s  %rrqm r_await rareq-sz     w/s     wkB/s   wrqm/s  %wrqm w_await wareq-sz     d/s     dkB/s   drqm/s  %drqm d_await dareq-sz     f/s f_await  aqu-sz  %util
nvme0n1p3        0.00      0.00     0.00   0.00    0.00     0.00 11295.00  99208.00     0.00   0.00    0.06     8.78    0.00      0.00     0.00   0.00    0.00     0.00    0.00    0.00    0.68  13.60
nvme0n1p4        0.00      0.00     0.00   0.00    0.00     0.00 11612.00  99884.00     0.00   0.00    0.06     8.60    0.00      0.00     0.00   0.00    0.00     0.00    0.00    0.00    0.67  16.30
nvme0n1p5        0.00      0.00     0.00   0.00    0.00     0.00 11422.00  99440.00     0.00   0.00    0.06     8.71    0.00      0.00     0.00   0.00    0.00     0.00    0.00    0.00    0.65  15.20


avg-cpu:  %user   %nice %system %iowait  %steal   %idle
          67.21    0.00   14.60    1.37    0.00   16.82

Device            r/s     rkB/s   rrqm/s  %rrqm r_await rareq-sz     w/s     wkB/s   wrqm/s  %wrqm w_await wareq-sz     d/s     dkB/s   drqm/s  %drqm d_await dareq-sz     f/s f_await  aqu-sz  %util
nvme0n1p3        0.00      0.00     0.00   0.00    0.00     0.00 11370.00 100096.00     0.00   0.00    0.06     8.80    0.00      0.00     0.00   0.00    0.00     0.00    0.00    0.00    0.64  14.90
nvme0n1p4        0.00      0.00     0.00   0.00    0.00     0.00 11768.00 100856.00     0.00   0.00    0.06     8.57    0.00      0.00     0.00   0.00    0.00     0.00    0.00    0.00    0.69  18.10
nvme0n1p5        0.00      0.00     0.00   0.00    0.00     0.00 11730.00 100708.00     0.00   0.00    0.06     8.59    0.00      0.00     0.00   0.00    0.00     0.00    0.00    0.00    0.69  18.30


avg-cpu:  %user   %nice %system %iowait  %steal   %idle
          67.26    0.00   13.33    1.20    0.00   18.21

Device            r/s     rkB/s   rrqm/s  %rrqm r_await rareq-sz     w/s     wkB/s   wrqm/s  %wrqm w_await wareq-sz     d/s     dkB/s   drqm/s  %drqm d_await dareq-sz     f/s f_await  aqu-sz  %util
nvme0n1p3        0.00      0.00     0.00   0.00    0.00     0.00 11158.00  98800.00     0.00   0.00    0.06     8.85    0.00      0.00     0.00   0.00    0.00     0.00    0.00    0.00    0.63  13.20
nvme0n1p4        0.00      0.00     0.00   0.00    0.00     0.00 11783.00 100500.00     0.00   0.00    0.06     8.53    0.00      0.00     0.00   0.00    0.00     0.00    0.00    0.00    0.68  20.60
nvme0n1p5        0.00      0.00     0.00   0.00    0.00     0.00 11386.00  99572.00     0.00   0.00    0.06     8.75    0.00      0.00     0.00   0.00    0.00     0.00    0.00    0.00    0.68  14.00


avg-cpu:  %user   %nice %system %iowait  %steal   %idle
          67.32    0.00   14.08    1.19    0.00   17.41

Device            r/s     rkB/s   rrqm/s  %rrqm r_await rareq-sz     w/s     wkB/s   wrqm/s  %wrqm w_await wareq-sz     d/s     dkB/s   drqm/s  %drqm d_await dareq-sz     f/s f_await  aqu-sz  %util
nvme0n1p3        0.00      0.00     0.00   0.00    0.00     0.00 11056.00  97224.00     0.00   0.00    0.05     8.79    0.00      0.00     0.00   0.00    0.00     0.00    0.00    0.00    0.58  13.70
nvme0n1p4        0.00      0.00     0.00   0.00    0.00     0.00 11363.00  98008.00     0.00   0.00    0.05     8.63    0.00      0.00     0.00   0.00    0.00     0.00    0.00    0.00    0.62  19.20
nvme0n1p5        0.00      0.00     0.00   0.00    0.00     0.00 11341.00  98088.00     0.00   0.00    0.06     8.65    0.00      0.00     0.00   0.00    0.00     0.00    0.00    0.00    0.67  17.00


avg-cpu:  %user   %nice %system %iowait  %steal   %idle
          67.01    0.00   13.93    1.03    0.00   18.03

Device            r/s     rkB/s   rrqm/s  %rrqm r_await rareq-sz     w/s     wkB/s   wrqm/s  %wrqm w_await wareq-sz     d/s     dkB/s   drqm/s  %drqm d_await dareq-sz     f/s f_await  aqu-sz  %util
nvme0n1p3        0.00      0.00     0.00   0.00    0.00     0.00 11235.00  99024.00     0.00   0.00    0.05     8.81    0.00      0.00     0.00   0.00    0.00     0.00    0.00    0.00    0.60  11.90
nvme0n1p4        0.00      0.00     0.00   0.00    0.00     0.00 11472.00  99248.00     0.00   0.00    0.06     8.65    0.00      0.00     0.00   0.00    0.00     0.00    0.00    0.00    0.65  16.10
nvme0n1p5        0.00      0.00     0.00   0.00    0.00     0.00 11326.00  98848.00     0.00   0.00    0.06     8.73    0.00      0.00     0.00   0.00    0.00     0.00    0.00    0.00    0.67  13.40


avg-cpu:  %user   %nice %system %iowait  %steal   %idle
          65.47    0.00   13.68    1.11    0.00   19.74

Device            r/s     rkB/s   rrqm/s  %rrqm r_await rareq-sz     w/s     wkB/s   wrqm/s  %wrqm w_await wareq-sz     d/s     dkB/s   drqm/s  %drqm d_await dareq-sz     f/s f_await  aqu-sz  %util
nvme0n1p3        0.00      0.00     0.00   0.00    0.00     0.00 10612.00  93524.00     0.00   0.00    0.06     8.81    0.00      0.00     0.00   0.00    0.00     0.00    0.00    0.00    0.62  16.10
nvme0n1p4        0.00      0.00     0.00   0.00    0.00     0.00 10730.00  92572.00     0.00   0.00    0.05     8.63    0.00      0.00     0.00   0.00    0.00     0.00    0.00    0.00    0.59  16.80
nvme0n1p5        0.00      0.00     0.00   0.00    0.00     0.00 10611.00  92272.00     0.00   0.00    0.06     8.70    0.00      0.00     0.00   0.00    0.00     0.00    0.00    0.00    0.61  14.40


avg-cpu:  %user   %nice %system %iowait  %steal   %idle
          66.70    0.00   14.43    1.02    0.00   17.85

Device            r/s     rkB/s   rrqm/s  %rrqm r_await rareq-sz     w/s     wkB/s   wrqm/s  %wrqm w_await wareq-sz     d/s     dkB/s   drqm/s  %drqm d_await dareq-sz     f/s f_await  aqu-sz  %util
nvme0n1p3        0.00      0.00     0.00   0.00    0.00     0.00 10858.00  96448.00     0.00   0.00    0.05     8.88    0.00      0.00     0.00   0.00    0.00     0.00    0.00    0.00    0.59  12.50
nvme0n1p4        0.00      0.00     0.00   0.00    0.00     0.00 11310.00  98480.00     0.00   0.00    0.05     8.71    0.00      0.00     0.00   0.00    0.00     0.00    0.00    0.00    0.60  17.40
nvme0n1p5        0.00      0.00     0.00   0.00    0.00     0.00 11304.00  98384.00     0.00   0.00    0.06     8.70    0.00      0.00     0.00   0.00    0.00     0.00    0.00    0.00    0.66  15.70


avg-cpu:  %user   %nice %system %iowait  %steal   %idle
          67.21    0.00   14.04    0.94    0.00   17.81

Device            r/s     rkB/s   rrqm/s  %rrqm r_await rareq-sz     w/s     wkB/s   wrqm/s  %wrqm w_await wareq-sz     d/s     dkB/s   drqm/s  %drqm d_await dareq-sz     f/s f_await  aqu-sz  %util
nvme0n1p3        0.00      0.00     0.00   0.00    0.00     0.00 10981.00  97092.00     0.00   0.00    0.06     8.84    0.00      0.00     0.00   0.00    0.00     0.00    0.00    0.00    0.63  11.60
nvme0n1p4        0.00      0.00     0.00   0.00    0.00     0.00 11210.00  96864.00     0.00   0.00    0.06     8.64    0.00      0.00     0.00   0.00    0.00     0.00    0.00    0.00    0.62  16.70
nvme0n1p5        0.00      0.00     0.00   0.00    0.00     0.00 11129.00  97104.00     0.00   0.00    0.06     8.73    0.00      0.00     0.00   0.00    0.00     0.00    0.00    0.00    0.65  14.90


avg-cpu:  %user   %nice %system %iowait  %steal   %idle
          71.71    0.00   11.88    0.94    0.00   15.47

Device            r/s     rkB/s   rrqm/s  %rrqm r_await rareq-sz     w/s     wkB/s   wrqm/s  %wrqm w_await wareq-sz     d/s     dkB/s   drqm/s  %drqm d_await dareq-sz     f/s f_await  aqu-sz  %util
nvme0n1p3        0.00      0.00     0.00   0.00    0.00     0.00 9857.00  85720.00     0.00   0.00    0.06     8.70    0.00      0.00     0.00   0.00    0.00     0.00    0.00    0.00    0.63  13.50
nvme0n1p4        0.00      0.00     0.00   0.00    0.00     0.00 9874.00  86344.00     0.00   0.00    0.06     8.74    0.00      0.00     0.00   0.00    0.00     0.00    0.00    0.00    0.59  12.50
nvme0n1p5        0.00      0.00     0.00   0.00    0.00     0.00 9803.00  85720.00     0.00   0.00    0.06     8.74    0.00      0.00     0.00   0.00    0.00     0.00    0.00    0.00    0.62  13.50


avg-cpu:  %user   %nice %system %iowait  %steal   %idle
          68.34    0.00   12.97    1.02    0.00   17.66

Device            r/s     rkB/s   rrqm/s  %rrqm r_await rareq-sz     w/s     wkB/s   wrqm/s  %wrqm w_await wareq-sz     d/s     dkB/s   drqm/s  %drqm d_await dareq-sz     f/s f_await  aqu-sz  %util
nvme0n1p3        0.00      0.00     0.00   0.00    0.00     0.00 9896.04  87786.14     0.00   0.00    0.06     8.87    0.00      0.00     0.00   0.00    0.00     0.00    0.00    0.00    0.54  10.40
nvme0n1p4        0.00      0.00     0.00   0.00    0.00     0.00 10256.44  88332.67     0.00   0.00    0.06     8.61    0.00      0.00     0.00   0.00    0.00     0.00    0.00    0.00    0.61  15.84
nvme0n1p5        0.00      0.00     0.00   0.00    0.00     0.00 10231.68  88396.04     0.00   0.00    0.06     8.64    0.00      0.00     0.00   0.00    0.00     0.00    0.00    0.00    0.62  13.66


avg-cpu:  %user   %nice %system %iowait  %steal   %idle
          68.62    0.00   13.57    1.10    0.00   16.71

Device            r/s     rkB/s   rrqm/s  %rrqm r_await rareq-sz     w/s     wkB/s   wrqm/s  %wrqm w_await wareq-sz     d/s     dkB/s   drqm/s  %drqm d_await dareq-sz     f/s f_await  aqu-sz  %util
nvme0n1p3        0.00      0.00     0.00   0.00    0.00     0.00 10437.00  91812.00     0.00   0.00    0.06     8.80    0.00      0.00     0.00   0.00    0.00     0.00    0.00    0.00    0.62  12.60
nvme0n1p4        0.00      0.00     0.00   0.00    0.00     0.00 10898.00  93084.00     0.00   0.00    0.06     8.54    0.00      0.00     0.00   0.00    0.00     0.00    0.00    0.00    0.62  19.00
nvme0n1p5        0.00      0.00     0.00   0.00    0.00     0.00 10726.00  92816.00     0.00   0.00    0.06     8.65    0.00      0.00     0.00   0.00    0.00     0.00    0.00    0.00    0.61  16.30


avg-cpu:  %user   %nice %system %iowait  %steal   %idle
          71.25    0.00   12.29    0.94    0.00   15.53

Device            r/s     rkB/s   rrqm/s  %rrqm r_await rareq-sz     w/s     wkB/s   wrqm/s  %wrqm w_await wareq-sz     d/s     dkB/s   drqm/s  %drqm d_await dareq-sz     f/s f_await  aqu-sz  %util
nvme0n1p3        0.00      0.00     0.00   0.00    0.00     0.00 10297.00 114128.00     0.00   0.00    0.06    11.08    0.00      0.00     0.00   0.00    0.00     0.00    0.00    0.00    0.61  15.30
nvme0n1p4        0.00      0.00     0.00   0.00    0.00     0.00 10314.00  88220.00     0.00   0.00    0.06     8.55    0.00      0.00     0.00   0.00    0.00     0.00    0.00    0.00    0.63  17.20
nvme0n1p5        0.00      0.00     0.00   0.00    0.00     0.00 10016.00  87612.00     0.00   0.00    0.06     8.75    0.00      0.00     0.00   0.00    0.00     0.00    0.00    0.00    0.62  13.40


avg-cpu:  %user   %nice %system %iowait  %steal   %idle
          70.98    0.00   11.83    1.02    0.00   16.17

Device            r/s     rkB/s   rrqm/s  %rrqm r_await rareq-sz     w/s     wkB/s   wrqm/s  %wrqm w_await wareq-sz     d/s     dkB/s   drqm/s  %drqm d_await dareq-sz     f/s f_await  aqu-sz  %util
nvme0n1p3        0.00      0.00     0.00   0.00    0.00     0.00 10533.00 169844.00     0.00   0.00    0.06    16.12    0.00      0.00     0.00   0.00    0.00     0.00    0.00    0.00    0.64  16.40
nvme0n1p4        0.00      0.00     0.00   0.00    0.00     0.00 9941.00  86116.00     0.00   0.00    0.06     8.66    0.00      0.00     0.00   0.00    0.00     0.00    0.00    0.00    0.61  16.20
nvme0n1p5        0.00      0.00     0.00   0.00    0.00     0.00 9815.00  85316.00     0.00   0.00    0.06     8.69    0.00      0.00     0.00   0.00    0.00     0.00    0.00    0.00    0.58  15.10


avg-cpu:  %user   %nice %system %iowait  %steal   %idle
          71.28    0.00   11.97    1.11    0.00   15.64

Device            r/s     rkB/s   rrqm/s  %rrqm r_await rareq-sz     w/s     wkB/s   wrqm/s  %wrqm w_await wareq-sz     d/s     dkB/s   drqm/s  %drqm d_await dareq-sz     f/s f_await  aqu-sz  %util
nvme0n1p3        0.00      0.00     0.00   0.00    0.00     0.00 10396.00  89936.00     0.00   0.00    0.06     8.65    0.00      0.00     0.00   0.00    0.00     0.00    0.00    0.00    0.60  13.70
nvme0n1p4        0.00      0.00     0.00   0.00    0.00     0.00 10735.00 126652.00     0.00   0.00    0.07    11.80    0.00      0.00     0.00   0.00    0.00     0.00    0.00    0.00    0.73  15.70
nvme0n1p5        0.00      0.00     0.00   0.00    0.00     0.00 10683.00 120888.00     0.00   0.00    0.06    11.32    0.00      0.00     0.00   0.00    0.00     0.00    0.00    0.00    0.60  16.10


avg-cpu:  %user   %nice %system %iowait  %steal   %idle
          75.89    0.00    9.71    0.85    0.00   13.54

Device            r/s     rkB/s   rrqm/s  %rrqm r_await rareq-sz     w/s     wkB/s   wrqm/s  %wrqm w_await wareq-sz     d/s     dkB/s   drqm/s  %drqm d_await dareq-sz     f/s f_await  aqu-sz  %util
nvme0n1p3        0.00      0.00     0.00   0.00    0.00     0.00 8732.00  75372.00     0.00   0.00    0.06     8.63    0.00      0.00     0.00   0.00    0.00     0.00    0.00    0.00    0.54  13.10
nvme0n1p4        0.00      0.00     0.00   0.00    0.00     0.00 9469.00 145872.00     0.00   0.00    0.06    15.41    0.00      0.00     0.00   0.00    0.00     0.00    0.00    0.00    0.60  15.30
nvme0n1p5        0.00      0.00     0.00   0.00    0.00     0.00 9481.00 151380.00     0.00   0.00    0.06    15.97    0.00      0.00     0.00   0.00    0.00     0.00    0.00    0.00    0.56  16.40


avg-cpu:  %user   %nice %system %iowait  %steal   %idle
          72.79    0.00   11.14    1.02    0.00   15.05

Device            r/s     rkB/s   rrqm/s  %rrqm r_await rareq-sz     w/s     wkB/s   wrqm/s  %wrqm w_await wareq-sz     d/s     dkB/s   drqm/s  %drqm d_await dareq-sz     f/s f_await  aqu-sz  %util
nvme0n1p3        0.00      0.00     0.00   0.00    0.00     0.00 9727.00  84988.00     0.00   0.00    0.06     8.74    0.00      0.00     0.00   0.00    0.00     0.00    0.00    0.00    0.59  11.80
nvme0n1p4        0.00      0.00     0.00   0.00    0.00     0.00 10050.00  85600.00     0.00   0.00    0.06     8.52    0.00      0.00     0.00   0.00    0.00     0.00    0.00    0.00    0.58  15.40
nvme0n1p5        0.00      0.00     0.00   0.00    0.00     0.00 10076.00  86116.00     0.00   0.00    0.06     8.55    0.00      0.00     0.00   0.00    0.00     0.00    0.00    0.00    0.63  15.40


avg-cpu:  %user   %nice %system %iowait  %steal   %idle
          72.29    0.00   11.25    1.02    0.00   15.43

Device            r/s     rkB/s   rrqm/s  %rrqm r_await rareq-sz     w/s     wkB/s   wrqm/s  %wrqm w_await wareq-sz     d/s     dkB/s   drqm/s  %drqm d_await dareq-sz     f/s f_await  aqu-sz  %util
nvme0n1p3        0.00      0.00     0.00   0.00    0.00     0.00 9879.00  86588.00     0.00   0.00    0.06     8.76    0.00      0.00     0.00   0.00    0.00     0.00    0.00    0.00    0.59  12.70
nvme0n1p4        0.00      0.00     0.00   0.00    0.00     0.00 10156.00  87484.00     0.00   0.00    0.06     8.61    0.00      0.00     0.00   0.00    0.00     0.00    0.00    0.00    0.59  13.40
nvme0n1p5        0.00      0.00     0.00   0.00    0.00     0.00 10268.00  87188.00     0.00   0.00    0.06     8.49    0.00      0.00     0.00   0.00    0.00     0.00    0.00    0.00    0.57  14.30


avg-cpu:  %user   %nice %system %iowait  %steal   %idle
          76.43    0.00   10.64    0.60    0.00   12.34

Device            r/s     rkB/s   rrqm/s  %rrqm r_await rareq-sz     w/s     wkB/s   wrqm/s  %wrqm w_await wareq-sz     d/s     dkB/s   drqm/s  %drqm d_await dareq-sz     f/s f_await  aqu-sz  %util
nvme0n1p3        0.00      0.00     0.00   0.00    0.00     0.00 7565.00  65468.00     0.00   0.00    0.06     8.65    0.00      0.00     0.00   0.00    0.00     0.00    0.00    0.00    0.48   9.60
nvme0n1p4        0.00      0.00     0.00   0.00    0.00     0.00 7748.00  65632.00     0.00   0.00    0.06     8.47    0.00      0.00     0.00   0.00    0.00     0.00    0.00    0.00    0.48  12.40
nvme0n1p5        0.00      0.00     0.00   0.00    0.00     0.00 7445.00  65332.00     0.00   0.00    0.07     8.78    0.00      0.00     0.00   0.00    0.00     0.00    0.00    0.00    0.49   9.00


avg-cpu:  %user   %nice %system %iowait  %steal   %idle
          74.59    0.00   10.64    0.94    0.00   13.82

Device            r/s     rkB/s   rrqm/s  %rrqm r_await rareq-sz     w/s     wkB/s   wrqm/s  %wrqm w_await wareq-sz     d/s     dkB/s   drqm/s  %drqm d_await dareq-sz     f/s f_await  aqu-sz  %util
nvme0n1p3        0.00      0.00     0.00   0.00    0.00     0.00 9468.00  81696.00     0.00   0.00    0.06     8.63    0.00      0.00     0.00   0.00    0.00     0.00    0.00    0.00    0.60  12.10
nvme0n1p4        0.00      0.00     0.00   0.00    0.00     0.00 9381.00  81284.00     0.00   0.00    0.06     8.66    0.00      0.00     0.00   0.00    0.00     0.00    0.00    0.00    0.58  14.30
nvme0n1p5        0.00      0.00     0.00   0.00    0.00     0.00 9570.00  81664.00     0.00   0.00    0.06     8.53    0.00      0.00     0.00   0.00    0.00     0.00    0.00    0.00    0.55  16.30


avg-cpu:  %user   %nice %system %iowait  %steal   %idle
          71.55    0.00   12.27    1.02    0.00   15.16

Device            r/s     rkB/s   rrqm/s  %rrqm r_await rareq-sz     w/s     wkB/s   wrqm/s  %wrqm w_await wareq-sz     d/s     dkB/s   drqm/s  %drqm d_await dareq-sz     f/s f_await  aqu-sz  %util
nvme0n1p3        0.00      0.00     0.00   0.00    0.00     0.00 10242.00  90172.00     0.00   0.00    0.06     8.80    0.00      0.00     0.00   0.00    0.00     0.00    0.00    0.00    0.60  12.70
nvme0n1p4        0.00      0.00     0.00   0.00    0.00     0.00 10660.00  91400.00     0.00   0.00    0.06     8.57    0.00      0.00     0.00   0.00    0.00     0.00    0.00    0.00    0.61  16.70
nvme0n1p5        0.00      0.00     0.00   0.00    0.00     0.00 10656.00  91436.00     0.00   0.00    0.06     8.58    0.00      0.00     0.00   0.00    0.00     0.00    0.00    0.00    0.63  16.60


avg-cpu:  %user   %nice %system %iowait  %steal   %idle
          66.04    0.00   14.51    1.19    0.00   18.26

Device            r/s     rkB/s   rrqm/s  %rrqm r_await rareq-sz     w/s     wkB/s   wrqm/s  %wrqm w_await wareq-sz     d/s     dkB/s   drqm/s  %drqm d_await dareq-sz     f/s f_await  aqu-sz  %util
nvme0n1p3        0.00      0.00     0.00   0.00    0.00     0.00 11020.00  98632.00     0.00   0.00    0.06     8.95    0.00      0.00     0.00   0.00    0.00     0.00    0.00    0.00    0.65  12.50
nvme0n1p4        0.00      0.00     0.00   0.00    0.00     0.00 11503.00  99716.00     0.00   0.00    0.06     8.67    0.00      0.00     0.00   0.00    0.00     0.00    0.00    0.00    0.69  18.00
nvme0n1p5        0.00      0.00     0.00   0.00    0.00     0.00 11636.00 100320.00     0.00   0.00    0.06     8.62    0.00      0.00     0.00   0.00    0.00     0.00    0.00    0.00    0.65  19.30


avg-cpu:  %user   %nice %system %iowait  %steal   %idle
          68.15    0.00   13.58    1.02    0.00   17.25

Device            r/s     rkB/s   rrqm/s  %rrqm r_await rareq-sz     w/s     wkB/s   wrqm/s  %wrqm w_await wareq-sz     d/s     dkB/s   drqm/s  %drqm d_await dareq-sz     f/s f_await  aqu-sz  %util
nvme0n1p3        0.00      0.00     0.00   0.00    0.00     0.00 10898.00  95764.00     0.00   0.00    0.05     8.79    0.00      0.00     0.00   0.00    0.00     0.00    0.00    0.00    0.60  13.10
nvme0n1p4        0.00      0.00     0.00   0.00    0.00     0.00 11325.00  96868.00     0.00   0.00    0.06     8.55    0.00      0.00     0.00   0.00    0.00     0.00    0.00    0.00    0.65  19.10
nvme0n1p5        0.00      0.00     0.00   0.00    0.00     0.00 11131.00  96232.00     0.00   0.00    0.06     8.65    0.00      0.00     0.00   0.00    0.00     0.00    0.00    0.00    0.64  15.20


avg-cpu:  %user   %nice %system %iowait  %steal   %idle
          66.41    0.00   14.57    1.11    0.00   17.91

Device            r/s     rkB/s   rrqm/s  %rrqm r_await rareq-sz     w/s     wkB/s   wrqm/s  %wrqm w_await wareq-sz     d/s     dkB/s   drqm/s  %drqm d_await dareq-sz     f/s f_await  aqu-sz  %util
nvme0n1p3        0.00      0.00     0.00   0.00    0.00     0.00 10829.00  95008.00     0.00   0.00    0.05     8.77    0.00      0.00     0.00   0.00    0.00     0.00    0.00    0.00    0.59  13.20
nvme0n1p4        0.00      0.00     0.00   0.00    0.00     0.00 11043.00  95572.00     0.00   0.00    0.06     8.65    0.00      0.00     0.00   0.00    0.00     0.00    0.00    0.00    0.64  16.50
nvme0n1p5        0.00      0.00     0.00   0.00    0.00     0.00 11045.00  95220.00     0.00   0.00    0.06     8.62    0.00      0.00     0.00   0.00    0.00     0.00    0.00    0.00    0.63  14.60


avg-cpu:  %user   %nice %system %iowait  %steal   %idle
          66.92    0.00   14.15    1.11    0.00   17.82

Device            r/s     rkB/s   rrqm/s  %rrqm r_await rareq-sz     w/s     wkB/s   wrqm/s  %wrqm w_await wareq-sz     d/s     dkB/s   drqm/s  %drqm d_await dareq-sz     f/s f_await  aqu-sz  %util
nvme0n1p3        0.00      0.00     0.00   0.00    0.00     0.00 11097.00  97776.00     0.00   0.00    0.05     8.81    0.00      0.00     0.00   0.00    0.00     0.00    0.00    0.00    0.59  15.10
nvme0n1p4        0.00      0.00     0.00   0.00    0.00     0.00 11304.00  97920.00     0.00   0.00    0.06     8.66    0.00      0.00     0.00   0.00    0.00     0.00    0.00    0.00    0.63  18.10
nvme0n1p5        0.00      0.00     0.00   0.00    0.00     0.00 11230.00  98252.00     0.00   0.00    0.06     8.75    0.00      0.00     0.00   0.00    0.00     0.00    0.00    0.00    0.70  13.50


avg-cpu:  %user   %nice %system %iowait  %steal   %idle
          67.06    0.00   14.81    1.11    0.00   17.02

Device            r/s     rkB/s   rrqm/s  %rrqm r_await rareq-sz     w/s     wkB/s   wrqm/s  %wrqm w_await wareq-sz     d/s     dkB/s   drqm/s  %drqm d_await dareq-sz     f/s f_await  aqu-sz  %util
nvme0n1p3        0.00      0.00     0.00   0.00    0.00     0.00 11206.00  98532.00     0.00   0.00    0.06     8.79    0.00      0.00     0.00   0.00    0.00     0.00    0.00    0.00    0.62  12.10
nvme0n1p4        0.00      0.00     0.00   0.00    0.00     0.00 11509.00  99684.00     0.00   0.00    0.06     8.66    0.00      0.00     0.00   0.00    0.00     0.00    0.00    0.00    0.63  16.50
nvme0n1p5        0.00      0.00     0.00   0.00    0.00     0.00 11367.00  99104.00     0.00   0.00    0.06     8.72    0.00      0.00     0.00   0.00    0.00     0.00    0.00    0.00    0.72  15.10


avg-cpu:  %user   %nice %system %iowait  %steal   %idle
          70.75    0.00   12.68    1.10    0.00   15.47

Device            r/s     rkB/s   rrqm/s  %rrqm r_await rareq-sz     w/s     wkB/s   wrqm/s  %wrqm w_await wareq-sz     d/s     dkB/s   drqm/s  %drqm d_await dareq-sz     f/s f_await  aqu-sz  %util
nvme0n1p3        0.00      0.00     0.00   0.00    0.00     0.00 10545.00  91824.00     0.00   0.00    0.06     8.71    0.00      0.00     0.00   0.00    0.00     0.00    0.00    0.00    0.66  16.10
nvme0n1p4        0.00      0.00     0.00   0.00    0.00     0.00 10744.00  91960.00     0.00   0.00    0.06     8.56    0.00      0.00     0.00   0.00    0.00     0.00    0.00    0.00    0.64  16.60
nvme0n1p5        0.00      0.00     0.00   0.00    0.00     0.00 10522.00  91384.00     0.00   0.00    0.06     8.69    0.00      0.00     0.00   0.00    0.00     0.00    0.00    0.00    0.62  16.70


avg-cpu:  %user   %nice %system %iowait  %steal   %idle
          69.19    0.00   13.28    1.19    0.00   16.34

Device            r/s     rkB/s   rrqm/s  %rrqm r_await rareq-sz     w/s     wkB/s   wrqm/s  %wrqm w_await wareq-sz     d/s     dkB/s   drqm/s  %drqm d_await dareq-sz     f/s f_await  aqu-sz  %util
nvme0n1p3        0.00      0.00     0.00   0.00    0.00     0.00 10421.00  91956.00     0.00   0.00    0.06     8.82    0.00      0.00     0.00   0.00    0.00     0.00    0.00    0.00    0.62  13.40
nvme0n1p4        0.00      0.00     0.00   0.00    0.00     0.00 10799.00  92936.00     0.00   0.00    0.06     8.61    0.00      0.00     0.00   0.00    0.00     0.00    0.00    0.00    0.65  18.20
nvme0n1p5        0.00      0.00     0.00   0.00    0.00     0.00 10561.00  92688.00     0.00   0.00    0.06     8.78    0.00      0.00     0.00   0.00    0.00     0.00    0.00    0.00    0.68  14.90


avg-cpu:  %user   %nice %system %iowait  %steal   %idle
          72.37    0.00   12.22    0.84    0.00   14.57

Device            r/s     rkB/s   rrqm/s  %rrqm r_await rareq-sz     w/s     wkB/s   wrqm/s  %wrqm w_await wareq-sz     d/s     dkB/s   drqm/s  %drqm d_await dareq-sz     f/s f_await  aqu-sz  %util
nvme0n1p3        0.00      0.00     0.00   0.00    0.00     0.00 9223.00  81244.00     0.00   0.00    0.06     8.81    0.00      0.00     0.00   0.00    0.00     0.00    0.00    0.00    0.51  11.60
nvme0n1p4        0.00      0.00     0.00   0.00    0.00     0.00 9493.00  81856.00     0.00   0.00    0.06     8.62    0.00      0.00     0.00   0.00    0.00     0.00    0.00    0.00    0.54  14.50
nvme0n1p5        0.00      0.00     0.00   0.00    0.00     0.00 9215.00  80772.00     0.00   0.00    0.06     8.77    0.00      0.00     0.00   0.00    0.00     0.00    0.00    0.00    0.55  11.00


avg-cpu:  %user   %nice %system %iowait  %steal   %idle
          78.66    0.00    9.31    0.68    0.00   11.35

Device            r/s     rkB/s   rrqm/s  %rrqm r_await rareq-sz     w/s     wkB/s   wrqm/s  %wrqm w_await wareq-sz     d/s     dkB/s   drqm/s  %drqm d_await dareq-sz     f/s f_await  aqu-sz  %util
nvme0n1p3        0.00      0.00     0.00   0.00    0.00     0.00 7162.00  61868.00     0.00   0.00    0.06     8.64    0.00      0.00     0.00   0.00    0.00     0.00    0.00    0.00    0.41  10.80
nvme0n1p4        0.00      0.00     0.00   0.00    0.00     0.00 7403.00  62792.00     0.00   0.00    0.06     8.48    0.00      0.00     0.00   0.00    0.00     0.00    0.00    0.00    0.48  13.20
nvme0n1p5        0.00      0.00     0.00   0.00    0.00     0.00 7331.00  63112.00     0.00   0.00    0.06     8.61    0.00      0.00     0.00   0.00    0.00     0.00    0.00    0.00    0.46  10.00


avg-cpu:  %user   %nice %system %iowait  %steal   %idle
          73.12    0.00   10.96    1.03    0.00   14.90

Device            r/s     rkB/s   rrqm/s  %rrqm r_await rareq-sz     w/s     wkB/s   wrqm/s  %wrqm w_await wareq-sz     d/s     dkB/s   drqm/s  %drqm d_await dareq-sz     f/s f_await  aqu-sz  %util
nvme0n1p3        0.00      0.00     0.00   0.00    0.00     0.00 9681.00  85896.00     0.00   0.00    0.06     8.87    0.00      0.00     0.00   0.00    0.00     0.00    0.00    0.00    0.58  12.10
nvme0n1p4        0.00      0.00     0.00   0.00    0.00     0.00 10102.00  86516.00     0.00   0.00    0.06     8.56    0.00      0.00     0.00   0.00    0.00     0.00    0.00    0.00    0.58  15.50
nvme0n1p5        0.00      0.00     0.00   0.00    0.00     0.00 9977.00  86244.00     0.00   0.00    0.06     8.64    0.00      0.00     0.00   0.00    0.00     0.00    0.00    0.00    0.62  15.00


avg-cpu:  %user   %nice %system %iowait  %steal   %idle
          70.42    0.00   12.19    0.94    0.00   16.45

Device            r/s     rkB/s   rrqm/s  %rrqm r_await rareq-sz     w/s     wkB/s   wrqm/s  %wrqm w_await wareq-sz     d/s     dkB/s   drqm/s  %drqm d_await dareq-sz     f/s f_await  aqu-sz  %util
nvme0n1p3        0.00      0.00     0.00   0.00    0.00     0.00 10364.00  91448.00     0.00   0.00    0.06     8.82    0.00      0.00     0.00   0.00    0.00     0.00    0.00    0.00    0.62  12.50
nvme0n1p4        0.00      0.00     0.00   0.00    0.00     0.00 10553.00  91788.00     0.00   0.00    0.06     8.70    0.00      0.00     0.00   0.00    0.00     0.00    0.00    0.00    0.61  15.70
nvme0n1p5        0.00      0.00     0.00   0.00    0.00     0.00 10530.00  91508.00     0.00   0.00    0.06     8.69    0.00      0.00     0.00   0.00    0.00     0.00    0.00    0.00    0.63  13.80


avg-cpu:  %user   %nice %system %iowait  %steal   %idle
          65.67    0.00   15.28    1.29    0.00   17.77

Device            r/s     rkB/s   rrqm/s  %rrqm r_await rareq-sz     w/s     wkB/s   wrqm/s  %wrqm w_await wareq-sz     d/s     dkB/s   drqm/s  %drqm d_await dareq-sz     f/s f_await  aqu-sz  %util
nvme0n1p3        0.00      0.00     0.00   0.00    0.00     0.00 10752.00  94608.00     0.00   0.00    0.06     8.80    0.00      0.00     0.00   0.00    0.00     0.00    0.00    0.00    0.60  12.80
nvme0n1p4        0.00      0.00     0.00   0.00    0.00     0.00 11180.00  95340.00     0.00   0.00    0.06     8.53    0.00      0.00     0.00   0.00    0.00     0.00    0.00    0.00    0.62  16.40
nvme0n1p5        0.00      0.00     0.00   0.00    0.00     0.00 11186.00  95716.00     0.00   0.00    0.06     8.56    0.00      0.00     0.00   0.00    0.00     0.00    0.00    0.00    0.67  17.70


avg-cpu:  %user   %nice %system %iowait  %steal   %idle
          67.95    0.00   13.47    1.11    0.00   17.48

Device            r/s     rkB/s   rrqm/s  %rrqm r_await rareq-sz     w/s     wkB/s   wrqm/s  %wrqm w_await wareq-sz     d/s     dkB/s   drqm/s  %drqm d_await dareq-sz     f/s f_await  aqu-sz  %util
nvme0n1p3        0.00      0.00     0.00   0.00    0.00     0.00 11064.00 141460.00     0.00   0.00    0.06    12.79    0.00      0.00     0.00   0.00    0.00     0.00    0.00    0.00    0.62  15.90
nvme0n1p4        0.00      0.00     0.00   0.00    0.00     0.00 10799.00  93120.00     0.00   0.00    0.06     8.62    0.00      0.00     0.00   0.00    0.00     0.00    0.00    0.00    0.62  15.70
nvme0n1p5        0.00      0.00     0.00   0.00    0.00     0.00 10635.00  92572.00     0.00   0.00    0.05     8.70    0.00      0.00     0.00   0.00    0.00     0.00    0.00    0.00    0.58  14.10


avg-cpu:  %user   %nice %system %iowait  %steal   %idle
          68.34    0.00   14.09    1.02    0.00   16.55

Device            r/s     rkB/s   rrqm/s  %rrqm r_await rareq-sz     w/s     wkB/s   wrqm/s  %wrqm w_await wareq-sz     d/s     dkB/s   drqm/s  %drqm d_await dareq-sz     f/s f_await  aqu-sz  %util
nvme0n1p3        0.00      0.00     0.00   0.00    0.00     0.00 10946.00 154628.00     0.00   0.00    0.06    14.13    0.00      0.00     0.00   0.00    0.00     0.00    0.00    0.00    0.60  16.90
nvme0n1p4        0.00      0.00     0.00   0.00    0.00     0.00 10730.00  91112.00     0.00   0.00    0.06     8.49    0.00      0.00     0.00   0.00    0.00     0.00    0.00    0.00    0.65  17.70
nvme0n1p5        0.00      0.00     0.00   0.00    0.00     0.00 10195.00  89816.00     0.00   0.00    0.06     8.81    0.00      0.00     0.00   0.00    0.00     0.00    0.00    0.00    0.58  13.10


avg-cpu:  %user   %nice %system %iowait  %steal   %idle
          68.06    0.00   12.13    1.20    0.00   18.62

Device            r/s     rkB/s   rrqm/s  %rrqm r_await rareq-sz     w/s     wkB/s   wrqm/s  %wrqm w_await wareq-sz     d/s     dkB/s   drqm/s  %drqm d_await dareq-sz     f/s f_await  aqu-sz  %util
nvme0n1p3        0.00      0.00     0.00   0.00    0.00     0.00 9786.00  84536.00     0.00   0.00    0.05     8.64    0.00      0.00     0.00   0.00    0.00     0.00    0.00    0.00    0.53  15.10
nvme0n1p4        0.00      0.00     0.00   0.00    0.00     0.00 10797.00 144632.00     0.00   0.00    0.06    13.40    0.00      0.00     0.00   0.00    0.00     0.00    0.00    0.00    0.64  20.60
nvme0n1p5        0.00      0.00     0.00   0.00    0.00     0.00 10225.00 134676.00     0.00   0.00    0.06    13.17    0.00      0.00     0.00   0.00    0.00     0.00    0.00    0.00    0.60  15.40


avg-cpu:  %user   %nice %system %iowait  %steal   %idle
          67.32    0.00   13.60    1.11    0.00   17.96

Device            r/s     rkB/s   rrqm/s  %rrqm r_await rareq-sz     w/s     wkB/s   wrqm/s  %wrqm w_await wareq-sz     d/s     dkB/s   drqm/s  %drqm d_await dareq-sz     f/s f_await  aqu-sz  %util
nvme0n1p3        0.00      0.00     0.00   0.00    0.00     0.00 10360.00  90952.00     0.00   0.00    0.05     8.78    0.00      0.00     0.00   0.00    0.00     0.00    0.00    0.00    0.56  12.60
nvme0n1p4        0.00      0.00     0.00   0.00    0.00     0.00 11522.00 141732.00     0.00   0.00    0.06    12.30    0.00      0.00     0.00   0.00    0.00     0.00    0.00    0.00    0.65  21.30
nvme0n1p5        0.00      0.00     0.00   0.00    0.00     0.00 11043.00 149424.00     0.00   0.00    0.06    13.53    0.00      0.00     0.00   0.00    0.00     0.00    0.00    0.00    0.64  18.60


avg-cpu:  %user   %nice %system %iowait  %steal   %idle
          68.83    0.00   13.58    1.20    0.00   16.40

Device            r/s     rkB/s   rrqm/s  %rrqm r_await rareq-sz     w/s     wkB/s   wrqm/s  %wrqm w_await wareq-sz     d/s     dkB/s   drqm/s  %drqm d_await dareq-sz     f/s f_await  aqu-sz  %util
nvme0n1p3        0.00      0.00     0.00   0.00    0.00     0.00 11328.00  99052.00     0.00   0.00    0.06     8.74    0.00      0.00     0.00   0.00    0.00     0.00    0.00    0.00    0.66  15.50
nvme0n1p4        0.00      0.00     0.00   0.00    0.00     0.00 11831.00  99932.00     0.00   0.00    0.06     8.45    0.00      0.00     0.00   0.00    0.00     0.00    0.00    0.00    0.69  20.80
nvme0n1p5        0.00      0.00     0.00   0.00    0.00     0.00 11404.00  99184.00     0.00   0.00    0.06     8.70    0.00      0.00     0.00   0.00    0.00     0.00    0.00    0.00    0.66  15.20


avg-cpu:  %user   %nice %system %iowait  %steal   %idle
          70.32    0.00   13.32    1.01    0.00   15.35

Device            r/s     rkB/s   rrqm/s  %rrqm r_await rareq-sz     w/s     wkB/s   wrqm/s  %wrqm w_await wareq-sz     d/s     dkB/s   drqm/s  %drqm d_await dareq-sz     f/s f_await  aqu-sz  %util
nvme0n1p3        0.00      0.00     0.00   0.00    0.00     0.00 10511.00  90796.00     0.00   0.00    0.05     8.64    0.00      0.00     0.00   0.00    0.00     0.00    0.00    0.00    0.58  15.90
nvme0n1p4        0.00      0.00     0.00   0.00    0.00     0.00 10420.00  91108.00     0.00   0.00    0.05     8.74    0.00      0.00     0.00   0.00    0.00     0.00    0.00    0.00    0.57  13.00
nvme0n1p5        0.00      0.00     0.00   0.00    0.00     0.00 10439.00  90792.00     0.00   0.00    0.06     8.70    0.00      0.00     0.00   0.00    0.00     0.00    0.00    0.00    0.63  15.00


avg-cpu:  %user   %nice %system %iowait  %steal   %idle
          51.49    0.00   10.25    0.85    0.00   37.40

Device            r/s     rkB/s   rrqm/s  %rrqm r_await rareq-sz     w/s     wkB/s   wrqm/s  %wrqm w_await wareq-sz     d/s     dkB/s   drqm/s  %drqm d_await dareq-sz     f/s f_await  aqu-sz  %util
nvme0n1p3        0.00      0.00     0.00   0.00    0.00     0.00 7561.00  65440.00     0.00   0.00    0.06     8.65    0.00      0.00     0.00   0.00    0.00     0.00    0.00    0.00    0.42  10.30
nvme0n1p4        0.00      0.00     0.00   0.00    0.00     0.00 7522.00  65232.00     0.00   0.00    0.05     8.67    0.00      0.00     0.00   0.00    0.00     0.00    0.00    0.00    0.41  10.30
nvme0n1p5        0.00      0.00     0.00   0.00    0.00     0.00 7697.00  65836.00     0.00   0.00    0.06     8.55    0.00      0.00     0.00   0.00    0.00     0.00    0.00    0.00    0.42  12.10


avg-cpu:  %user   %nice %system %iowait  %steal   %idle
          14.38    0.00    1.35    0.08    0.00   84.19

Device            r/s     rkB/s   rrqm/s  %rrqm r_await rareq-sz     w/s     wkB/s   wrqm/s  %wrqm w_await wareq-sz     d/s     dkB/s   drqm/s  %drqm d_await dareq-sz     f/s f_await  aqu-sz  %util
nvme0n1p3        0.00      0.00     0.00   0.00    0.00     0.00    0.00      0.00     0.00   0.00    0.00     0.00    0.00      0.00     0.00   0.00    0.00     0.00    0.00    0.00    0.00   0.00
nvme0n1p4        0.00      0.00     0.00   0.00    0.00     0.00    0.00      0.00     0.00   0.00    0.00     0.00    0.00      0.00     0.00   0.00    0.00     0.00    0.00    0.00    0.00   0.00
nvme0n1p5        0.00      0.00     0.00   0.00    0.00     0.00    0.00      0.00     0.00   0.00    0.00     0.00    0.00      0.00     0.00   0.00    0.00     0.00    0.00    0.00    0.00   0.00


avg-cpu:  %user   %nice %system %iowait  %steal   %idle
          15.02    0.00    1.34    0.08    0.00   83.56

Device            r/s     rkB/s   rrqm/s  %rrqm r_await rareq-sz     w/s     wkB/s   wrqm/s  %wrqm w_await wareq-sz     d/s     dkB/s   drqm/s  %drqm d_await dareq-sz     f/s f_await  aqu-sz  %util
nvme0n1p3        0.00      0.00     0.00   0.00    0.00     0.00    0.00      0.00     0.00   0.00    0.00     0.00    0.00      0.00     0.00   0.00    0.00     0.00    0.00    0.00    0.00   0.00
nvme0n1p4        0.00      0.00     0.00   0.00    0.00     0.00    0.00      0.00     0.00   0.00    0.00     0.00    0.00      0.00     0.00   0.00    0.00     0.00    0.00    0.00    0.00   0.00
nvme0n1p5        0.00      0.00     0.00   0.00    0.00     0.00    0.00      0.00     0.00   0.00    0.00     0.00    0.00      0.00     0.00   0.00    0.00     0.00    0.00    0.00    0.00   0.00


avg-cpu:  %user   %nice %system %iowait  %steal   %idle
          15.05    0.00    2.10    0.08    0.00   82.76

Device            r/s     rkB/s   rrqm/s  %rrqm r_await rareq-sz     w/s     wkB/s   wrqm/s  %wrqm w_await wareq-sz     d/s     dkB/s   drqm/s  %drqm d_await dareq-sz     f/s f_await  aqu-sz  %util
nvme0n1p3        0.00      0.00     0.00   0.00    0.00     0.00    0.00      0.00     0.00   0.00    0.00     0.00    0.00      0.00     0.00   0.00    0.00     0.00    0.00    0.00    0.00   0.00
nvme0n1p4        0.00      0.00     0.00   0.00    0.00     0.00    0.00      0.00     0.00   0.00    0.00     0.00    0.00      0.00     0.00   0.00    0.00     0.00    0.00    0.00    0.00   0.00
nvme0n1p5        0.00      0.00     0.00   0.00    0.00     0.00    0.00      0.00     0.00   0.00    0.00     0.00    0.00      0.00     0.00   0.00    0.00     0.00    0.00    0.00    0.00   0.00


avg-cpu:  %user   %nice %system %iowait  %steal   %idle
          14.78    0.08    1.86    0.00    0.00   83.28

Device            r/s     rkB/s   rrqm/s  %rrqm r_await rareq-sz     w/s     wkB/s   wrqm/s  %wrqm w_await wareq-sz     d/s     dkB/s   drqm/s  %drqm d_await dareq-sz     f/s f_await  aqu-sz  %util
nvme0n1p3        0.00      0.00     0.00   0.00    0.00     0.00   48.00    192.00     0.00   0.00    0.06     4.00    0.00      0.00     0.00   0.00    0.00     0.00    0.00    0.00    0.00   0.00
nvme0n1p4        0.00      0.00     0.00   0.00    0.00     0.00   20.00     80.00     0.00   0.00    0.05     4.00    0.00      0.00     0.00   0.00    0.00     0.00    0.00    0.00    0.00   0.00
nvme0n1p5        0.00      0.00     0.00   0.00    0.00     0.00   22.00     88.00     0.00   0.00    0.05     4.00    0.00      0.00     0.00   0.00    0.00     0.00    0.00    0.00    0.00   0.00


avg-cpu:  %user   %nice %system %iowait  %steal   %idle
          14.75    0.00    2.20    0.17    0.00   82.88

Device            r/s     rkB/s   rrqm/s  %rrqm r_await rareq-sz     w/s     wkB/s   wrqm/s  %wrqm w_await wareq-sz     d/s     dkB/s   drqm/s  %drqm d_await dareq-sz     f/s f_await  aqu-sz  %util
nvme0n1p3        0.00      0.00     0.00   0.00    0.00     0.00    0.00      0.00     0.00   0.00    0.00     0.00    0.00      0.00     0.00   0.00    0.00     0.00    0.00    0.00    0.00   0.00
nvme0n1p4        0.00      0.00     0.00   0.00    0.00     0.00    0.00      0.00     0.00   0.00    0.00     0.00    0.00      0.00     0.00   0.00    0.00     0.00    0.00    0.00    0.00   0.00
nvme0n1p5        0.00      0.00     0.00   0.00    0.00     0.00    0.00      0.00     0.00   0.00    0.00     0.00    0.00      0.00     0.00   0.00    0.00     0.00    0.00    0.00    0.00   0.00


avg-cpu:  %user   %nice %system %iowait  %steal   %idle
          12.61    0.00    1.27    0.08    0.00   86.04

Device            r/s     rkB/s   rrqm/s  %rrqm r_await rareq-sz     w/s     wkB/s   wrqm/s  %wrqm w_await wareq-sz     d/s     dkB/s   drqm/s  %drqm d_await dareq-sz     f/s f_await  aqu-sz  %util
nvme0n1p3        0.00      0.00     0.00   0.00    0.00     0.00    0.00      0.00     0.00   0.00    0.00     0.00    0.00      0.00     0.00   0.00    0.00     0.00    0.00    0.00    0.00   0.00
nvme0n1p4        0.00      0.00     0.00   0.00    0.00     0.00    0.00      0.00     0.00   0.00    0.00     0.00    0.00      0.00     0.00   0.00    0.00     0.00    0.00    0.00    0.00   0.00
nvme0n1p5        0.00      0.00     0.00   0.00    0.00     0.00    0.00      0.00     0.00   0.00    0.00     0.00    0.00      0.00     0.00   0.00    0.00     0.00    0.00    0.00    0.00   0.00


avg-cpu:  %user   %nice %system %iowait  %steal   %idle
          13.72    0.00    3.37    0.17    0.00   82.74

Device            r/s     rkB/s   rrqm/s  %rrqm r_await rareq-sz     w/s     wkB/s   wrqm/s  %wrqm w_await wareq-sz     d/s     dkB/s   drqm/s  %drqm d_await dareq-sz     f/s f_await  aqu-sz  %util
nvme0n1p3      437.00   1748.00     0.00   0.00    0.08     4.00    0.00      0.00     0.00   0.00    0.00     0.00    0.00      0.00     0.00   0.00    0.00     0.00    0.00    0.00    0.04   1.60
nvme0n1p4      443.00   1772.00     0.00   0.00    0.07     4.00    0.00      0.00     0.00   0.00    0.00     0.00    0.00      0.00     0.00   0.00    0.00     0.00    0.00    0.00    0.03   1.60
nvme0n1p5      567.00   2268.00     0.00   0.00    0.07     4.00    0.00      0.00     0.00   0.00    0.00     0.00    0.00      0.00     0.00   0.00    0.00     0.00    0.00    0.00    0.04   2.20


avg-cpu:  %user   %nice %system %iowait  %steal   %idle
          47.14    0.00   38.02    0.00    0.00   14.83

Device            r/s     rkB/s   rrqm/s  %rrqm r_await rareq-sz     w/s     wkB/s   wrqm/s  %wrqm w_await wareq-sz     d/s     dkB/s   drqm/s  %drqm d_await dareq-sz     f/s f_await  aqu-sz  %util
nvme0n1p3     8400.00  33604.00     0.00   0.00    0.05     4.00    0.00      0.00     0.00   0.00    0.00     0.00    0.00      0.00     0.00   0.00    0.00     0.00    0.00    0.00    0.42  35.70
nvme0n1p4     7022.00  28088.00     0.00   0.00    0.05     4.00    0.00      0.00     0.00   0.00    0.00     0.00    0.00      0.00     0.00   0.00    0.00     0.00    0.00    0.00    0.35  27.90
nvme0n1p5     11116.00  44464.00     0.00   0.00    0.05     4.00    0.00      0.00     0.00   0.00    0.00     0.00    0.00      0.00     0.00   0.00    0.00     0.00    0.00    0.00    0.54  40.50


avg-cpu:  %user   %nice %system %iowait  %steal   %idle
          48.26    0.00   36.34    0.09    0.00   15.32

Device            r/s     rkB/s   rrqm/s  %rrqm r_await rareq-sz     w/s     wkB/s   wrqm/s  %wrqm w_await wareq-sz     d/s     dkB/s   drqm/s  %drqm d_await dareq-sz     f/s f_await  aqu-sz  %util
nvme0n1p3     8175.00  32696.00     0.00   0.00    0.05     4.00    0.00      0.00     0.00   0.00    0.00     0.00    0.00      0.00     0.00   0.00    0.00     0.00    0.00    0.00    0.42  32.80
nvme0n1p4     6775.00  27100.00     0.00   0.00    0.05     4.00    0.00      0.00     0.00   0.00    0.00     0.00    0.00      0.00     0.00   0.00    0.00     0.00    0.00    0.00    0.33  27.70
nvme0n1p5     10432.00  41728.00     0.00   0.00    0.05     4.00    0.00      0.00     0.00   0.00    0.00     0.00    0.00      0.00     0.00   0.00    0.00     0.00    0.00    0.00    0.51  38.80


avg-cpu:  %user   %nice %system %iowait  %steal   %idle
          46.13    0.00   38.15    0.00    0.00   15.72

Device            r/s     rkB/s   rrqm/s  %rrqm r_await rareq-sz     w/s     wkB/s   wrqm/s  %wrqm w_await wareq-sz     d/s     dkB/s   drqm/s  %drqm d_await dareq-sz     f/s f_await  aqu-sz  %util
nvme0n1p3     7872.00  31488.00     0.00   0.00    0.05     4.00    0.00      0.00     0.00   0.00    0.00     0.00    0.00      0.00     0.00   0.00    0.00     0.00    0.00    0.00    0.41  30.30
nvme0n1p4     6558.00  26232.00     0.00   0.00    0.05     4.00    0.00      0.00     0.00   0.00    0.00     0.00    0.00      0.00     0.00   0.00    0.00     0.00    0.00    0.00    0.33  27.40
nvme0n1p5     10060.00  40240.00     0.00   0.00    0.05     4.00    0.00      0.00     0.00   0.00    0.00     0.00    0.00      0.00     0.00   0.00    0.00     0.00    0.00    0.00    0.50  36.50


avg-cpu:  %user   %nice %system %iowait  %steal   %idle
          50.43    0.00   35.35    0.00    0.00   14.22

Device            r/s     rkB/s   rrqm/s  %rrqm r_await rareq-sz     w/s     wkB/s   wrqm/s  %wrqm w_await wareq-sz     d/s     dkB/s   drqm/s  %drqm d_await dareq-sz     f/s f_await  aqu-sz  %util
nvme0n1p3     8669.00  34676.00     0.00   0.00    0.05     4.00    0.00      0.00     0.00   0.00    0.00     0.00    0.00      0.00     0.00   0.00    0.00     0.00    0.00    0.00    0.44  36.20
nvme0n1p4     7212.00  28848.00     0.00   0.00    0.05     4.00    0.00      0.00     0.00   0.00    0.00     0.00    0.00      0.00     0.00   0.00    0.00     0.00    0.00    0.00    0.36  30.50
nvme0n1p5     10925.00  43700.00     0.00   0.00    0.05     4.00    0.00      0.00     0.00   0.00    0.00     0.00    0.00      0.00     0.00   0.00    0.00     0.00    0.00    0.00    0.55  41.60


avg-cpu:  %user   %nice %system %iowait  %steal   %idle
          58.02    0.00   26.97    0.00    0.00   15.01

Device            r/s     rkB/s   rrqm/s  %rrqm r_await rareq-sz     w/s     wkB/s   wrqm/s  %wrqm w_await wareq-sz     d/s     dkB/s   drqm/s  %drqm d_await dareq-sz     f/s f_await  aqu-sz  %util
nvme0n1p3     7230.00  28920.00     0.00   0.00    0.05     4.00    0.00      0.00     0.00   0.00    0.00     0.00    0.00      0.00     0.00   0.00    0.00     0.00    0.00    0.00    0.38  27.00
nvme0n1p4     6124.00  24496.00     0.00   0.00    0.05     4.00    0.00      0.00     0.00   0.00    0.00     0.00    0.00      0.00     0.00   0.00    0.00     0.00    0.00    0.00    0.31  25.80
nvme0n1p5     9531.00  38124.00     0.00   0.00    0.05     4.00    0.00      0.00     0.00   0.00    0.00     0.00    0.00      0.00     0.00   0.00    0.00     0.00    0.00    0.00    0.48  33.20


avg-cpu:  %user   %nice %system %iowait  %steal   %idle
          55.38    0.00   28.72    0.09    0.00   15.81

Device            r/s     rkB/s   rrqm/s  %rrqm r_await rareq-sz     w/s     wkB/s   wrqm/s  %wrqm w_await wareq-sz     d/s     dkB/s   drqm/s  %drqm d_await dareq-sz     f/s f_await  aqu-sz  %util
nvme0n1p3     6820.00  27280.00     0.00   0.00    0.05     4.00    0.00      0.00     0.00   0.00    0.00     0.00    0.00      0.00     0.00   0.00    0.00     0.00    0.00    0.00    0.36  23.50
nvme0n1p4     5575.00  22300.00     0.00   0.00    0.05     4.00    0.00      0.00     0.00   0.00    0.00     0.00    0.00      0.00     0.00   0.00    0.00     0.00    0.00    0.00    0.28  25.30
nvme0n1p5     8776.00  35104.00     0.00   0.00    0.05     4.00    0.00      0.00     0.00   0.00    0.00     0.00    0.00      0.00     0.00   0.00    0.00     0.00    0.00    0.00    0.45  33.10


avg-cpu:  %user   %nice %system %iowait  %steal   %idle
          56.63    0.00   26.70    0.00    0.00   16.67

Device            r/s     rkB/s   rrqm/s  %rrqm r_await rareq-sz     w/s     wkB/s   wrqm/s  %wrqm w_await wareq-sz     d/s     dkB/s   drqm/s  %drqm d_await dareq-sz     f/s f_await  aqu-sz  %util
nvme0n1p3     6675.00  26700.00     0.00   0.00    0.05     4.00    0.00      0.00     0.00   0.00    0.00     0.00    0.00      0.00     0.00   0.00    0.00     0.00    0.00    0.00    0.35  29.20
nvme0n1p4     5326.00  21304.00     0.00   0.00    0.05     4.00    0.00      0.00     0.00   0.00    0.00     0.00    0.00      0.00     0.00   0.00    0.00     0.00    0.00    0.00    0.27  24.40
nvme0n1p5     8505.00  34020.00     0.00   0.00    0.05     4.00    0.00      0.00     0.00   0.00    0.00     0.00    0.00      0.00     0.00   0.00    0.00     0.00    0.00    0.00    0.43  33.90


avg-cpu:  %user   %nice %system %iowait  %steal   %idle
          60.43    0.00   23.93    0.00    0.00   15.64

Device            r/s     rkB/s   rrqm/s  %rrqm r_await rareq-sz     w/s     wkB/s   wrqm/s  %wrqm w_await wareq-sz     d/s     dkB/s   drqm/s  %drqm d_await dareq-sz     f/s f_await  aqu-sz  %util
nvme0n1p3     6257.00  25028.00     0.00   0.00    0.05     4.00    0.00      0.00     0.00   0.00    0.00     0.00    0.00      0.00     0.00   0.00    0.00     0.00    0.00    0.00    0.33  27.40
nvme0n1p4     5164.00  20656.00     0.00   0.00    0.05     4.00    0.00      0.00     0.00   0.00    0.00     0.00    0.00      0.00     0.00   0.00    0.00     0.00    0.00    0.00    0.27  22.40
nvme0n1p5     8235.00  32940.00     0.00   0.00    0.05     4.00    0.00      0.00     0.00   0.00    0.00     0.00    0.00      0.00     0.00   0.00    0.00     0.00    0.00    0.00    0.42  30.10


avg-cpu:  %user   %nice %system %iowait  %steal   %idle
          51.96    0.00   31.26    0.00    0.00   16.78

Device            r/s     rkB/s   rrqm/s  %rrqm r_await rareq-sz     w/s     wkB/s   wrqm/s  %wrqm w_await wareq-sz     d/s     dkB/s   drqm/s  %drqm d_await dareq-sz     f/s f_await  aqu-sz  %util
nvme0n1p3     7241.00  28964.00     0.00   0.00    0.05     4.00    0.00      0.00     0.00   0.00    0.00     0.00    0.00      0.00     0.00   0.00    0.00     0.00    0.00    0.00    0.38  27.70
nvme0n1p4     6072.00  24288.00     0.00   0.00    0.05     4.00    0.00      0.00     0.00   0.00    0.00     0.00    0.00      0.00     0.00   0.00    0.00     0.00    0.00    0.00    0.31  27.10
nvme0n1p5     9405.00  37620.00     0.00   0.00    0.05     4.00    0.00      0.00     0.00   0.00    0.00     0.00    0.00      0.00     0.00   0.00    0.00     0.00    0.00    0.00    0.47  36.50


avg-cpu:  %user   %nice %system %iowait  %steal   %idle
          45.72    0.00   39.44    0.08    0.00   14.76

Device            r/s     rkB/s   rrqm/s  %rrqm r_await rareq-sz     w/s     wkB/s   wrqm/s  %wrqm w_await wareq-sz     d/s     dkB/s   drqm/s  %drqm d_await dareq-sz     f/s f_await  aqu-sz  %util
nvme0n1p3     8232.00  32928.00     0.00   0.00    0.05     4.00    0.00      0.00     0.00   0.00    0.00     0.00    0.00      0.00     0.00   0.00    0.00     0.00    0.00    0.00    0.42  36.50
nvme0n1p4     6766.00  27068.00     0.00   0.00    0.05     4.00    0.00      0.00     0.00   0.00    0.00     0.00    0.00      0.00     0.00   0.00    0.00     0.00    0.00    0.00    0.34  31.00
nvme0n1p5     10693.00  42772.00     0.00   0.00    0.05     4.00    0.00      0.00     0.00   0.00    0.00     0.00    0.00      0.00     0.00   0.00    0.00     0.00    0.00    0.00    0.52  38.50


avg-cpu:  %user   %nice %system %iowait  %steal   %idle
          46.65    0.00   38.42    0.00    0.00   14.93

Device            r/s     rkB/s   rrqm/s  %rrqm r_await rareq-sz     w/s     wkB/s   wrqm/s  %wrqm w_await wareq-sz     d/s     dkB/s   drqm/s  %drqm d_await dareq-sz     f/s f_await  aqu-sz  %util
nvme0n1p3     8434.00  33736.00     0.00   0.00    0.05     4.00    0.00      0.00     0.00   0.00    0.00     0.00    0.00      0.00     0.00   0.00    0.00     0.00    0.00    0.00    0.43  34.40
nvme0n1p4     7164.00  28652.00     0.00   0.00    0.05     4.00    0.00      0.00     0.00   0.00    0.00     0.00    0.00      0.00     0.00   0.00    0.00     0.00    0.00    0.00    0.36  28.60
nvme0n1p5     11142.00  44568.00     0.00   0.00    0.05     4.00    0.00      0.00     0.00   0.00    0.00     0.00    0.00      0.00     0.00   0.00    0.00     0.00    0.00    0.00    0.55  38.10


avg-cpu:  %user   %nice %system %iowait  %steal   %idle
          46.46    0.00   37.32    0.00    0.00   16.23

Device            r/s     rkB/s   rrqm/s  %rrqm r_await rareq-sz     w/s     wkB/s   wrqm/s  %wrqm w_await wareq-sz     d/s     dkB/s   drqm/s  %drqm d_await dareq-sz     f/s f_await  aqu-sz  %util
nvme0n1p3     8605.00  34420.00     0.00   0.00    0.05     4.00    0.00      0.00     0.00   0.00    0.00     0.00    0.00      0.00     0.00   0.00    0.00     0.00    0.00    0.00    0.44  36.00
nvme0n1p4     6833.00  27332.00     0.00   0.00    0.05     4.00    0.00      0.00     0.00   0.00    0.00     0.00    0.00      0.00     0.00   0.00    0.00     0.00    0.00    0.00    0.34  28.20
nvme0n1p5     10653.00  42612.00     0.00   0.00    0.05     4.00    0.00      0.00     0.00   0.00    0.00     0.00    0.00      0.00     0.00   0.00    0.00     0.00    0.00    0.00    0.52  37.70


avg-cpu:  %user   %nice %system %iowait  %steal   %idle
          49.36    0.00   34.72    0.00    0.00   15.91

Device            r/s     rkB/s   rrqm/s  %rrqm r_await rareq-sz     w/s     wkB/s   wrqm/s  %wrqm w_await wareq-sz     d/s     dkB/s   drqm/s  %drqm d_await dareq-sz     f/s f_await  aqu-sz  %util
nvme0n1p3     8356.00  33424.00     0.00   0.00    0.05     4.00    0.00      0.00     0.00   0.00    0.00     0.00    0.00      0.00     0.00   0.00    0.00     0.00    0.00    0.00    0.42  32.70
nvme0n1p4     6934.00  27736.00     0.00   0.00    0.05     4.00    0.00      0.00     0.00   0.00    0.00     0.00    0.00      0.00     0.00   0.00    0.00     0.00    0.00    0.00    0.35  30.00
nvme0n1p5     10620.00  42480.00     0.00   0.00    0.05     4.00    0.00      0.00     0.00   0.00    0.00     0.00    0.00      0.00     0.00   0.00    0.00     0.00    0.00    0.00    0.53  40.30


avg-cpu:  %user   %nice %system %iowait  %steal   %idle
          48.12    0.00   36.41    0.09    0.00   15.38

Device            r/s     rkB/s   rrqm/s  %rrqm r_await rareq-sz     w/s     wkB/s   wrqm/s  %wrqm w_await wareq-sz     d/s     dkB/s   drqm/s  %drqm d_await dareq-sz     f/s f_await  aqu-sz  %util
nvme0n1p3     9197.00  36788.00     0.00   0.00    0.05     4.00    0.00      0.00     0.00   0.00    0.00     0.00    0.00      0.00     0.00   0.00    0.00     0.00    0.00    0.00    0.47  38.80
nvme0n1p4     7668.00  30672.00     0.00   0.00    0.05     4.00    0.00      0.00     0.00   0.00    0.00     0.00    0.00      0.00     0.00   0.00    0.00     0.00    0.00    0.00    0.38  34.10
nvme0n1p5     11447.00  45788.00     0.00   0.00    0.05     4.00    0.00      0.00     0.00   0.00    0.00     0.00    0.00      0.00     0.00   0.00    0.00     0.00    0.00    0.00    0.57  41.40


avg-cpu:  %user   %nice %system %iowait  %steal   %idle
          46.62    0.00   38.32    0.00    0.00   15.06

Device            r/s     rkB/s   rrqm/s  %rrqm r_await rareq-sz     w/s     wkB/s   wrqm/s  %wrqm w_await wareq-sz     d/s     dkB/s   drqm/s  %drqm d_await dareq-sz     f/s f_await  aqu-sz  %util
nvme0n1p3     8851.00  35404.00     0.00   0.00    0.05     4.00    0.00      0.00     0.00   0.00    0.00     0.00    0.00      0.00     0.00   0.00    0.00     0.00    0.00    0.00    0.45  35.80
nvme0n1p4     7440.00  29760.00     0.00   0.00    0.05     4.00    0.00      0.00     0.00   0.00    0.00     0.00    0.00      0.00     0.00   0.00    0.00     0.00    0.00    0.00    0.37  29.20
nvme0n1p5     11602.00  46408.00     0.00   0.00    0.05     4.00    0.00      0.00     0.00   0.00    0.00     0.00    0.00      0.00     0.00   0.00    0.00     0.00    0.00    0.00    0.57  43.60


avg-cpu:  %user   %nice %system %iowait  %steal   %idle
          45.12    0.00   37.50    0.00    0.00   17.38

Device            r/s     rkB/s   rrqm/s  %rrqm r_await rareq-sz     w/s     wkB/s   wrqm/s  %wrqm w_await wareq-sz     d/s     dkB/s   drqm/s  %drqm d_await dareq-sz     f/s f_await  aqu-sz  %util
nvme0n1p3     8444.00  33776.00     0.00   0.00    0.05     4.00    0.00      0.00     0.00   0.00    0.00     0.00    0.00      0.00     0.00   0.00    0.00     0.00    0.00    0.00    0.43  33.70
nvme0n1p4     6953.00  27812.00     0.00   0.00    0.05     4.00    0.00      0.00     0.00   0.00    0.00     0.00    0.00      0.00     0.00   0.00    0.00     0.00    0.00    0.00    0.34  30.10
nvme0n1p5     10756.00  43024.00     0.00   0.00    0.05     4.00    0.00      0.00     0.00   0.00    0.00     0.00    0.00      0.00     0.00   0.00    0.00     0.00    0.00    0.00    0.52  42.80


avg-cpu:  %user   %nice %system %iowait  %steal   %idle
          47.18    0.00   36.60    0.00    0.00   16.21

Device            r/s     rkB/s   rrqm/s  %rrqm r_await rareq-sz     w/s     wkB/s   wrqm/s  %wrqm w_await wareq-sz     d/s     dkB/s   drqm/s  %drqm d_await dareq-sz     f/s f_await  aqu-sz  %util
nvme0n1p3     8715.00  34860.00     0.00   0.00    0.05     4.00    0.00      0.00     0.00   0.00    0.00     0.00    0.00      0.00     0.00   0.00    0.00     0.00    0.00    0.00    0.44  31.10
nvme0n1p4     6957.00  27828.00     0.00   0.00    0.05     4.00    0.00      0.00     0.00   0.00    0.00     0.00    0.00      0.00     0.00   0.00    0.00     0.00    0.00    0.00    0.35  30.10
nvme0n1p5     10740.00  42960.00     0.00   0.00    0.05     4.00    0.00      0.00     0.00   0.00    0.00     0.00    0.00      0.00     0.00   0.00    0.00     0.00    0.00    0.00    0.53  41.00


avg-cpu:  %user   %nice %system %iowait  %steal   %idle
          48.21    0.00   37.14    0.00    0.00   14.65

Device            r/s     rkB/s   rrqm/s  %rrqm r_await rareq-sz     w/s     wkB/s   wrqm/s  %wrqm w_await wareq-sz     d/s     dkB/s   drqm/s  %drqm d_await dareq-sz     f/s f_await  aqu-sz  %util
nvme0n1p3     8859.00  35436.00     0.00   0.00    0.05     4.00    0.00      0.00     0.00   0.00    0.00     0.00    0.00      0.00     0.00   0.00    0.00     0.00    0.00    0.00    0.45  37.50
nvme0n1p4     7588.00  30352.00     0.00   0.00    0.05     4.00    0.00      0.00     0.00   0.00    0.00     0.00    0.00      0.00     0.00   0.00    0.00     0.00    0.00    0.00    0.38  33.30
nvme0n1p5     11634.00  46536.00     0.00   0.00    0.05     4.00    0.00      0.00     0.00   0.00    0.00     0.00    0.00      0.00     0.00   0.00    0.00     0.00    0.00    0.00    0.57  46.50


avg-cpu:  %user   %nice %system %iowait  %steal   %idle
          45.53    0.00   37.96    0.09    0.00   16.43

Device            r/s     rkB/s   rrqm/s  %rrqm r_await rareq-sz     w/s     wkB/s   wrqm/s  %wrqm w_await wareq-sz     d/s     dkB/s   drqm/s  %drqm d_await dareq-sz     f/s f_await  aqu-sz  %util
nvme0n1p3     8643.00  34572.00     0.00   0.00    0.05     4.00    0.00      0.00     0.00   0.00    0.00     0.00    0.00      0.00     0.00   0.00    0.00     0.00    0.00    0.00    0.44  35.10
nvme0n1p4     7122.00  28488.00     0.00   0.00    0.05     4.00    0.00      0.00     0.00   0.00    0.00     0.00    0.00      0.00     0.00   0.00    0.00     0.00    0.00    0.00    0.35  29.80
nvme0n1p5     10837.00  43348.00     0.00   0.00    0.05     4.00    0.00      0.00     0.00   0.00    0.00     0.00    0.00      0.00     0.00   0.00    0.00     0.00    0.00    0.00    0.53  40.50


avg-cpu:  %user   %nice %system %iowait  %steal   %idle
          47.40    0.00   35.87    0.00    0.00   16.74

Device            r/s     rkB/s   rrqm/s  %rrqm r_await rareq-sz     w/s     wkB/s   wrqm/s  %wrqm w_await wareq-sz     d/s     dkB/s   drqm/s  %drqm d_await dareq-sz     f/s f_await  aqu-sz  %util
nvme0n1p3     8645.00  34580.00     0.00   0.00    0.05     4.00    0.00      0.00     0.00   0.00    0.00     0.00    0.00      0.00     0.00   0.00    0.00     0.00    0.00    0.00    0.44  35.40
nvme0n1p4     7103.00  28412.00     0.00   0.00    0.05     4.00    0.00      0.00     0.00   0.00    0.00     0.00    0.00      0.00     0.00   0.00    0.00     0.00    0.00    0.00    0.35  30.70
nvme0n1p5     11085.00  44340.00     0.00   0.00    0.05     4.00    0.00      0.00     0.00   0.00    0.00     0.00    0.00      0.00     0.00   0.00    0.00     0.00    0.00    0.00    0.55  40.70


avg-cpu:  %user   %nice %system %iowait  %steal   %idle
          47.31    0.00   38.17    0.00    0.00   14.52

Device            r/s     rkB/s   rrqm/s  %rrqm r_await rareq-sz     w/s     wkB/s   wrqm/s  %wrqm w_await wareq-sz     d/s     dkB/s   drqm/s  %drqm d_await dareq-sz     f/s f_await  aqu-sz  %util
nvme0n1p3     8596.00  34384.00     0.00   0.00    0.05     4.00    0.00      0.00     0.00   0.00    0.00     0.00    0.00      0.00     0.00   0.00    0.00     0.00    0.00    0.00    0.44  34.10
nvme0n1p4     7244.00  28976.00     0.00   0.00    0.05     4.00    0.00      0.00     0.00   0.00    0.00     0.00    0.00      0.00     0.00   0.00    0.00     0.00    0.00    0.00    0.37  28.60
nvme0n1p5     10973.00  43892.00     0.00   0.00    0.05     4.00    0.00      0.00     0.00   0.00    0.00     0.00    0.00      0.00     0.00   0.00    0.00     0.00    0.00    0.00    0.54  43.10


avg-cpu:  %user   %nice %system %iowait  %steal   %idle
          47.19    0.00   37.33    0.00    0.00   15.48

Device            r/s     rkB/s   rrqm/s  %rrqm r_await rareq-sz     w/s     wkB/s   wrqm/s  %wrqm w_await wareq-sz     d/s     dkB/s   drqm/s  %drqm d_await dareq-sz     f/s f_await  aqu-sz  %util
nvme0n1p3     8469.00  33876.00     0.00   0.00    0.06     4.00    0.00      0.00     0.00   0.00    0.00     0.00    0.00      0.00     0.00   0.00    0.00     0.00    0.00    0.00    0.47  38.50
nvme0n1p4     7109.00  28436.00     0.00   0.00    0.06     4.00    0.00      0.00     0.00   0.00    0.00     0.00    0.00      0.00     0.00   0.00    0.00     0.00    0.00    0.00    0.40  32.00
nvme0n1p5     10831.00  43324.00     0.00   0.00    0.06     4.00    0.00      0.00     0.00   0.00    0.00     0.00    0.00      0.00     0.00   0.00    0.00     0.00    0.00    0.00    0.60  44.50


avg-cpu:  %user   %nice %system %iowait  %steal   %idle
          47.22    0.00   37.15    0.00    0.00   15.63

Device            r/s     rkB/s   rrqm/s  %rrqm r_await rareq-sz     w/s     wkB/s   wrqm/s  %wrqm w_await wareq-sz     d/s     dkB/s   drqm/s  %drqm d_await dareq-sz     f/s f_await  aqu-sz  %util
nvme0n1p3     8717.00  34868.00     0.00   0.00    0.06     4.00    0.00      0.00     0.00   0.00    0.00     0.00    0.00      0.00     0.00   0.00    0.00     0.00    0.00    0.00    0.54  42.10
nvme0n1p4     7199.00  28796.00     0.00   0.00    0.06     4.00    0.00      0.00     0.00   0.00    0.00     0.00    0.00      0.00     0.00   0.00    0.00     0.00    0.00    0.00    0.44  37.50
nvme0n1p5     11295.00  45180.00     0.00   0.00    0.06     4.00    0.00      0.00     0.00   0.00    0.00     0.00    0.00      0.00     0.00   0.00    0.00     0.00    0.00    0.00    0.70  47.00


avg-cpu:  %user   %nice %system %iowait  %steal   %idle
          46.44    0.00   36.74    0.09    0.00   16.74

Device            r/s     rkB/s   rrqm/s  %rrqm r_await rareq-sz     w/s     wkB/s   wrqm/s  %wrqm w_await wareq-sz     d/s     dkB/s   drqm/s  %drqm d_await dareq-sz     f/s f_await  aqu-sz  %util
nvme0n1p3     7796.00  31184.00     0.00   0.00    0.06     4.00    0.00      0.00     0.00   0.00    0.00     0.00    0.00      0.00     0.00   0.00    0.00     0.00    0.00    0.00    0.49  36.30
nvme0n1p4     6346.00  25384.00     0.00   0.00    0.06     4.00    0.00      0.00     0.00   0.00    0.00     0.00    0.00      0.00     0.00   0.00    0.00     0.00    0.00    0.00    0.39  32.90
nvme0n1p5     10103.00  40412.00     0.00   0.00    0.06     4.00    0.00      0.00     0.00   0.00    0.00     0.00    0.00      0.00     0.00   0.00    0.00     0.00    0.00    0.00    0.62  49.40


avg-cpu:  %user   %nice %system %iowait  %steal   %idle
          47.78    0.00   35.73    0.00    0.00   16.50

Device            r/s     rkB/s   rrqm/s  %rrqm r_await rareq-sz     w/s     wkB/s   wrqm/s  %wrqm w_await wareq-sz     d/s     dkB/s   drqm/s  %drqm d_await dareq-sz     f/s f_await  aqu-sz  %util
nvme0n1p3     7883.00  31532.00     0.00   0.00    0.06     4.00    0.00      0.00     0.00   0.00    0.00     0.00    0.00      0.00     0.00   0.00    0.00     0.00    0.00    0.00    0.49  38.40
nvme0n1p4     6619.00  26476.00     0.00   0.00    0.06     4.00    0.00      0.00     0.00   0.00    0.00     0.00    0.00      0.00     0.00   0.00    0.00     0.00    0.00    0.00    0.41  30.60
nvme0n1p5     10346.00  41384.00     0.00   0.00    0.06     4.00    0.00      0.00     0.00   0.00    0.00     0.00    0.00      0.00     0.00   0.00    0.00     0.00    0.00    0.00    0.64  47.50


avg-cpu:  %user   %nice %system %iowait  %steal   %idle
          47.53    0.00   36.18    0.00    0.00   16.30

Device            r/s     rkB/s   rrqm/s  %rrqm r_await rareq-sz     w/s     wkB/s   wrqm/s  %wrqm w_await wareq-sz     d/s     dkB/s   drqm/s  %drqm d_await dareq-sz     f/s f_await  aqu-sz  %util
nvme0n1p3     7897.00  31588.00     0.00   0.00    0.06     4.00    0.00      0.00     0.00   0.00    0.00     0.00    0.00      0.00     0.00   0.00    0.00     0.00    0.00    0.00    0.49  37.70
nvme0n1p4     6693.00  26772.00     0.00   0.00    0.06     4.00    0.00      0.00     0.00   0.00    0.00     0.00    0.00      0.00     0.00   0.00    0.00     0.00    0.00    0.00    0.41  34.90
nvme0n1p5     10291.00  41164.00     0.00   0.00    0.06     4.00    0.00      0.00     0.00   0.00    0.00     0.00    0.00      0.00     0.00   0.00    0.00     0.00    0.00    0.00    0.64  50.00


avg-cpu:  %user   %nice %system %iowait  %steal   %idle
          48.67    0.00   35.67    0.00    0.00   15.65

Device            r/s     rkB/s   rrqm/s  %rrqm r_await rareq-sz     w/s     wkB/s   wrqm/s  %wrqm w_await wareq-sz     d/s     dkB/s   drqm/s  %drqm d_await dareq-sz     f/s f_await  aqu-sz  %util
nvme0n1p3     8380.00  33520.00     0.00   0.00    0.06     4.00    0.00      0.00     0.00   0.00    0.00     0.00    0.00      0.00     0.00   0.00    0.00     0.00    0.00    0.00    0.52  36.80
nvme0n1p4     6904.00  27616.00     0.00   0.00    0.06     4.00    0.00      0.00     0.00   0.00    0.00     0.00    0.00      0.00     0.00   0.00    0.00     0.00    0.00    0.00    0.42  36.40
nvme0n1p5     10721.00  42884.00     0.00   0.00    0.06     4.00    0.00      0.00     0.00   0.00    0.00     0.00    0.00      0.00     0.00   0.00    0.00     0.00    0.00    0.00    0.66  50.00


avg-cpu:  %user   %nice %system %iowait  %steal   %idle
          43.27    0.00   40.12    0.09    0.00   16.52

Device            r/s     rkB/s   rrqm/s  %rrqm r_await rareq-sz     w/s     wkB/s   wrqm/s  %wrqm w_await wareq-sz     d/s     dkB/s   drqm/s  %drqm d_await dareq-sz     f/s f_await  aqu-sz  %util
nvme0n1p3     8716.00  34864.00     0.00   0.00    0.06     4.00    0.00      0.00     0.00   0.00    0.00     0.00    0.00      0.00     0.00   0.00    0.00     0.00    0.00    0.00    0.54  44.50
nvme0n1p4     7135.00  28540.00     0.00   0.00    0.06     4.00    0.00      0.00     0.00   0.00    0.00     0.00    0.00      0.00     0.00   0.00    0.00     0.00    0.00    0.00    0.43  36.80
nvme0n1p5     10890.00  43560.00     0.00   0.00    0.06     4.00    0.00      0.00     0.00   0.00    0.00     0.00    0.00      0.00     0.00   0.00    0.00     0.00    0.00    0.00    0.67  51.20


avg-cpu:  %user   %nice %system %iowait  %steal   %idle
          45.08    0.00   39.01    0.00    0.00   15.91

Device            r/s     rkB/s   rrqm/s  %rrqm r_await rareq-sz     w/s     wkB/s   wrqm/s  %wrqm w_await wareq-sz     d/s     dkB/s   drqm/s  %drqm d_await dareq-sz     f/s f_await  aqu-sz  %util
nvme0n1p3     7512.00  30048.00     0.00   0.00    0.06     4.00    0.00      0.00     0.00   0.00    0.00     0.00    0.00      0.00     0.00   0.00    0.00     0.00    0.00    0.00    0.47  35.90
nvme0n1p4     6303.00  25212.00     0.00   0.00    0.06     4.00    0.00      0.00     0.00   0.00    0.00     0.00    0.00      0.00     0.00   0.00    0.00     0.00    0.00    0.00    0.39  31.20
nvme0n1p5     9729.00  38916.00     0.00   0.00    0.06     4.00    0.00      0.00     0.00   0.00    0.00     0.00    0.00      0.00     0.00   0.00    0.00     0.00    0.00    0.00    0.60  44.60


avg-cpu:  %user   %nice %system %iowait  %steal   %idle
          46.27    0.00   37.45    0.00    0.00   16.28

Device            r/s     rkB/s   rrqm/s  %rrqm r_await rareq-sz     w/s     wkB/s   wrqm/s  %wrqm w_await wareq-sz     d/s     dkB/s   drqm/s  %drqm d_await dareq-sz     f/s f_await  aqu-sz  %util
nvme0n1p3     7783.00  31132.00     0.00   0.00    0.06     4.00    0.00      0.00     0.00   0.00    0.00     0.00    0.00      0.00     0.00   0.00    0.00     0.00    0.00    0.00    0.49  37.90
nvme0n1p4     6399.00  25596.00     0.00   0.00    0.06     4.00    0.00      0.00     0.00   0.00    0.00     0.00    0.00      0.00     0.00   0.00    0.00     0.00    0.00    0.00    0.39  32.50
nvme0n1p5     9790.00  39160.00     0.00   0.00    0.06     4.00    0.00      0.00     0.00   0.00    0.00     0.00    0.00      0.00     0.00   0.00    0.00     0.00    0.00    0.00    0.61  46.90


avg-cpu:  %user   %nice %system %iowait  %steal   %idle
          46.35    0.00   37.92    0.00    0.00   15.74

Device            r/s     rkB/s   rrqm/s  %rrqm r_await rareq-sz     w/s     wkB/s   wrqm/s  %wrqm w_await wareq-sz     d/s     dkB/s   drqm/s  %drqm d_await dareq-sz     f/s f_await  aqu-sz  %util
nvme0n1p3     7830.00  31320.00     0.00   0.00    0.06     4.00    0.00      0.00     0.00   0.00    0.00     0.00    0.00      0.00     0.00   0.00    0.00     0.00    0.00    0.00    0.48  40.30
nvme0n1p4     6398.00  25592.00     0.00   0.00    0.06     4.00    0.00      0.00     0.00   0.00    0.00     0.00    0.00      0.00     0.00   0.00    0.00     0.00    0.00    0.00    0.39  32.20
nvme0n1p5     10038.00  40152.00     0.00   0.00    0.06     4.00    0.00      0.00     0.00   0.00    0.00     0.00    0.00      0.00     0.00   0.00    0.00     0.00    0.00    0.00    0.62  45.90


avg-cpu:  %user   %nice %system %iowait  %steal   %idle
          46.74    0.00   38.14    0.00    0.00   15.12

Device            r/s     rkB/s   rrqm/s  %rrqm r_await rareq-sz     w/s     wkB/s   wrqm/s  %wrqm w_await wareq-sz     d/s     dkB/s   drqm/s  %drqm d_await dareq-sz     f/s f_await  aqu-sz  %util
nvme0n1p3     8338.00  33352.00     0.00   0.00    0.06     4.00    0.00      0.00     0.00   0.00    0.00     0.00    0.00      0.00     0.00   0.00    0.00     0.00    0.00    0.00    0.51  40.70
nvme0n1p4     6797.00  27188.00     0.00   0.00    0.06     4.00    0.00      0.00     0.00   0.00    0.00     0.00    0.00      0.00     0.00   0.00    0.00     0.00    0.00    0.00    0.41  34.00
nvme0n1p5     10407.00  41632.00     0.00   0.00    0.06     4.00    0.00      0.00     0.00   0.00    0.00     0.00    0.00      0.00     0.00   0.00    0.00     0.00    0.00    0.00    0.64  48.50


avg-cpu:  %user   %nice %system %iowait  %steal   %idle
          46.79    0.00   36.87    0.09    0.00   16.25

Device            r/s     rkB/s   rrqm/s  %rrqm r_await rareq-sz     w/s     wkB/s   wrqm/s  %wrqm w_await wareq-sz     d/s     dkB/s   drqm/s  %drqm d_await dareq-sz     f/s f_await  aqu-sz  %util
nvme0n1p3     7239.00  28956.00     0.00   0.00    0.06     4.00    0.00      0.00     0.00   0.00    0.00     0.00    0.00      0.00     0.00   0.00    0.00     0.00    0.00    0.00    0.45  35.60
nvme0n1p4     6204.00  24816.00     0.00   0.00    0.06     4.00    0.00      0.00     0.00   0.00    0.00     0.00    0.00      0.00     0.00   0.00    0.00     0.00    0.00    0.00    0.38  31.00
nvme0n1p5     9713.00  38848.00     0.00   0.00    0.06     4.00    0.00      0.00     0.00   0.00    0.00     0.00    0.00      0.00     0.00   0.00    0.00     0.00    0.00    0.00    0.60  45.80


avg-cpu:  %user   %nice %system %iowait  %steal   %idle
          44.35    0.00   39.30    0.00    0.00   16.35

Device            r/s     rkB/s   rrqm/s  %rrqm r_await rareq-sz     w/s     wkB/s   wrqm/s  %wrqm w_await wareq-sz     d/s     dkB/s   drqm/s  %drqm d_await dareq-sz     f/s f_await  aqu-sz  %util
nvme0n1p3     7711.00  30844.00     0.00   0.00    0.06     4.00    0.00      0.00     0.00   0.00    0.00     0.00    0.00      0.00     0.00   0.00    0.00     0.00    0.00    0.00    0.47  37.80
nvme0n1p4     6292.00  25168.00     0.00   0.00    0.06     4.00    0.00      0.00     0.00   0.00    0.00     0.00    0.00      0.00     0.00   0.00    0.00     0.00    0.00    0.00    0.39  33.70
nvme0n1p5     9723.00  38892.00     0.00   0.00    0.06     4.00    0.00      0.00     0.00   0.00    0.00     0.00    0.00      0.00     0.00   0.00    0.00     0.00    0.00    0.00    0.60  49.30


avg-cpu:  %user   %nice %system %iowait  %steal   %idle
          49.31    0.00   34.60    0.00    0.00   16.09

Device            r/s     rkB/s   rrqm/s  %rrqm r_await rareq-sz     w/s     wkB/s   wrqm/s  %wrqm w_await wareq-sz     d/s     dkB/s   drqm/s  %drqm d_await dareq-sz     f/s f_await  aqu-sz  %util
nvme0n1p3     7568.00  30272.00     0.00   0.00    0.06     4.00    0.00      0.00     0.00   0.00    0.00     0.00    0.00      0.00     0.00   0.00    0.00     0.00    0.00    0.00    0.47  37.70
nvme0n1p4     6082.00  24328.00     0.00   0.00    0.06     4.00    0.00      0.00     0.00   0.00    0.00     0.00    0.00      0.00     0.00   0.00    0.00     0.00    0.00    0.00    0.38  32.50
nvme0n1p5     9695.00  38780.00     0.00   0.00    0.06     4.00    0.00      0.00     0.00   0.00    0.00     0.00    0.00      0.00     0.00   0.00    0.00     0.00    0.00    0.00    0.60  46.20


avg-cpu:  %user   %nice %system %iowait  %steal   %idle
          49.96    0.00   34.50    0.00    0.00   15.54

Device            r/s     rkB/s   rrqm/s  %rrqm r_await rareq-sz     w/s     wkB/s   wrqm/s  %wrqm w_await wareq-sz     d/s     dkB/s   drqm/s  %drqm d_await dareq-sz     f/s f_await  aqu-sz  %util
nvme0n1p3     8087.00  32348.00     0.00   0.00    0.06     4.00    0.00      0.00     0.00   0.00    0.00     0.00    0.00      0.00     0.00   0.00    0.00     0.00    0.00    0.00    0.50  38.20
nvme0n1p4     6870.00  27480.00     0.00   0.00    0.06     4.00    0.00      0.00     0.00   0.00    0.00     0.00    0.00      0.00     0.00   0.00    0.00     0.00    0.00    0.00    0.42  36.90
nvme0n1p5     10566.00  42264.00     0.00   0.00    0.06     4.00    0.00      0.00     0.00   0.00    0.00     0.00    0.00      0.00     0.00   0.00    0.00     0.00    0.00    0.00    0.64  49.60


avg-cpu:  %user   %nice %system %iowait  %steal   %idle
          48.76    0.00   35.13    0.09    0.00   16.02

Device            r/s     rkB/s   rrqm/s  %rrqm r_await rareq-sz     w/s     wkB/s   wrqm/s  %wrqm w_await wareq-sz     d/s     dkB/s   drqm/s  %drqm d_await dareq-sz     f/s f_await  aqu-sz  %util
nvme0n1p3     7667.00  30668.00     0.00   0.00    0.06     4.00    0.00      0.00     0.00   0.00    0.00     0.00    0.00      0.00     0.00   0.00    0.00     0.00    0.00    0.00    0.47  36.10
nvme0n1p4     6383.00  25532.00     0.00   0.00    0.06     4.00    0.00      0.00     0.00   0.00    0.00     0.00    0.00      0.00     0.00   0.00    0.00     0.00    0.00    0.00    0.39  31.90
nvme0n1p5     9936.00  39744.00     0.00   0.00    0.06     4.00    0.00      0.00     0.00   0.00    0.00     0.00    0.00      0.00     0.00   0.00    0.00     0.00    0.00    0.00    0.61  43.70


avg-cpu:  %user   %nice %system %iowait  %steal   %idle
          46.51    0.00   37.84    0.00    0.00   15.65

Device            r/s     rkB/s   rrqm/s  %rrqm r_await rareq-sz     w/s     wkB/s   wrqm/s  %wrqm w_await wareq-sz     d/s     dkB/s   drqm/s  %drqm d_await dareq-sz     f/s f_await  aqu-sz  %util
nvme0n1p3     7993.00  31972.00     0.00   0.00    0.06     4.00    0.00      0.00     0.00   0.00    0.00     0.00    0.00      0.00     0.00   0.00    0.00     0.00    0.00    0.00    0.49  37.50
nvme0n1p4     6672.00  26688.00     0.00   0.00    0.06     4.00    0.00      0.00     0.00   0.00    0.00     0.00    0.00      0.00     0.00   0.00    0.00     0.00    0.00    0.00    0.40  33.20
nvme0n1p5     10322.00  41288.00     0.00   0.00    0.06     4.00    0.00      0.00     0.00   0.00    0.00     0.00    0.00      0.00     0.00   0.00    0.00     0.00    0.00    0.00    0.64  45.70


avg-cpu:  %user   %nice %system %iowait  %steal   %idle
          54.69    0.00   31.74    0.00    0.00   13.57

Device            r/s     rkB/s   rrqm/s  %rrqm r_await rareq-sz     w/s     wkB/s   wrqm/s  %wrqm w_await wareq-sz     d/s     dkB/s   drqm/s  %drqm d_await dareq-sz     f/s f_await  aqu-sz  %util
nvme0n1p3     7176.00  28704.00     0.00   0.00    0.06     4.00    0.00      0.00     0.00   0.00    0.00     0.00    0.00      0.00     0.00   0.00    0.00     0.00    0.00    0.00    0.45  34.30
nvme0n1p4     6031.00  24124.00     0.00   0.00    0.06     4.00    0.00      0.00     0.00   0.00    0.00     0.00    0.00      0.00     0.00   0.00    0.00     0.00    0.00    0.00    0.37  29.60
nvme0n1p5     9370.00  37480.00     0.00   0.00    0.06     4.00    0.00      0.00     0.00   0.00    0.00     0.00    0.00      0.00     0.00   0.00    0.00     0.00    0.00    0.00    0.58  44.20


avg-cpu:  %user   %nice %system %iowait  %steal   %idle
          55.90    0.00   28.12    0.00    0.00   15.98

Device            r/s     rkB/s   rrqm/s  %rrqm r_await rareq-sz     w/s     wkB/s   wrqm/s  %wrqm w_await wareq-sz     d/s     dkB/s   drqm/s  %drqm d_await dareq-sz     f/s f_await  aqu-sz  %util
nvme0n1p3     6690.00  26760.00     0.00   0.00    0.06     4.00    0.00      0.00     0.00   0.00    0.00     0.00    0.00      0.00     0.00   0.00    0.00     0.00    0.00    0.00    0.42  31.70
nvme0n1p4     5753.00  23012.00     0.00   0.00    0.06     4.00    0.00      0.00     0.00   0.00    0.00     0.00    0.00      0.00     0.00   0.00    0.00     0.00    0.00    0.00    0.36  28.80
nvme0n1p5     8679.00  34716.00     0.00   0.00    0.06     4.00    0.00      0.00     0.00   0.00    0.00     0.00    0.00      0.00     0.00   0.00    0.00     0.00    0.00    0.00    0.54  41.90


avg-cpu:  %user   %nice %system %iowait  %steal   %idle
          58.70    0.00   25.94    0.09    0.00   15.27

Device            r/s     rkB/s   rrqm/s  %rrqm r_await rareq-sz     w/s     wkB/s   wrqm/s  %wrqm w_await wareq-sz     d/s     dkB/s   drqm/s  %drqm d_await dareq-sz     f/s f_await  aqu-sz  %util
nvme0n1p3     5953.00  23812.00     0.00   0.00    0.06     4.00    0.00      0.00     0.00   0.00    0.00     0.00    0.00      0.00     0.00   0.00    0.00     0.00    0.00    0.00    0.38  27.30
nvme0n1p4     5019.00  20076.00     0.00   0.00    0.06     4.00    0.00      0.00     0.00   0.00    0.00     0.00    0.00      0.00     0.00   0.00    0.00     0.00    0.00    0.00    0.31  26.50
nvme0n1p5     7846.00  31384.00     0.00   0.00    0.06     4.00    0.00      0.00     0.00   0.00    0.00     0.00    0.00      0.00     0.00   0.00    0.00     0.00    0.00    0.00    0.49  33.50


avg-cpu:  %user   %nice %system %iowait  %steal   %idle
          63.20    0.00   21.41    0.00    0.00   15.39

Device            r/s     rkB/s   rrqm/s  %rrqm r_await rareq-sz     w/s     wkB/s   wrqm/s  %wrqm w_await wareq-sz     d/s     dkB/s   drqm/s  %drqm d_await dareq-sz     f/s f_await  aqu-sz  %util
nvme0n1p3     5530.00  22120.00     0.00   0.00    0.06     4.00    0.00      0.00     0.00   0.00    0.00     0.00    0.00      0.00     0.00   0.00    0.00     0.00    0.00    0.00    0.35  28.20
nvme0n1p4     4553.00  18212.00     0.00   0.00    0.06     4.00    0.00      0.00     0.00   0.00    0.00     0.00    0.00      0.00     0.00   0.00    0.00     0.00    0.00    0.00    0.28  24.60
nvme0n1p5     6938.00  27752.00     0.00   0.00    0.06     4.00    0.00      0.00     0.00   0.00    0.00     0.00    0.00      0.00     0.00   0.00    0.00     0.00    0.00    0.00    0.44  33.20


avg-cpu:  %user   %nice %system %iowait  %steal   %idle
          64.85    0.00   21.50    0.00    0.00   13.65

Device            r/s     rkB/s   rrqm/s  %rrqm r_await rareq-sz     w/s     wkB/s   wrqm/s  %wrqm w_await wareq-sz     d/s     dkB/s   drqm/s  %drqm d_await dareq-sz     f/s f_await  aqu-sz  %util
nvme0n1p3     5515.00  22060.00     0.00   0.00    0.06     4.00    0.00      0.00     0.00   0.00    0.00     0.00    0.00      0.00     0.00   0.00    0.00     0.00    0.00    0.00    0.35  27.90
nvme0n1p4     4603.00  18412.00     0.00   0.00    0.06     4.00    0.00      0.00     0.00   0.00    0.00     0.00    0.00      0.00     0.00   0.00    0.00     0.00    0.00    0.00    0.29  24.30
nvme0n1p5     7237.00  28948.00     0.00   0.00    0.06     4.00    0.00      0.00     0.00   0.00    0.00     0.00    0.00      0.00     0.00   0.00    0.00     0.00    0.00    0.00    0.46  35.00


avg-cpu:  %user   %nice %system %iowait  %steal   %idle
          53.77    0.00   29.33    0.00    0.00   16.90

Device            r/s     rkB/s   rrqm/s  %rrqm r_await rareq-sz     w/s     wkB/s   wrqm/s  %wrqm w_await wareq-sz     d/s     dkB/s   drqm/s  %drqm d_await dareq-sz     f/s f_await  aqu-sz  %util
nvme0n1p3     6338.00  25352.00     0.00   0.00    0.06     4.00    0.00      0.00     0.00   0.00    0.00     0.00    0.00      0.00     0.00   0.00    0.00     0.00    0.00    0.00    0.39  31.30
nvme0n1p4     5384.00  21536.00     0.00   0.00    0.06     4.00    0.00      0.00     0.00   0.00    0.00     0.00    0.00      0.00     0.00   0.00    0.00     0.00    0.00    0.00    0.33  27.20
nvme0n1p5     8255.00  33020.00     0.00   0.00    0.06     4.00    0.00      0.00     0.00   0.00    0.00     0.00    0.00      0.00     0.00   0.00    0.00     0.00    0.00    0.00    0.51  40.10


avg-cpu:  %user   %nice %system %iowait  %steal   %idle
          49.10    0.00   36.12    0.00    0.00   14.77

Device            r/s     rkB/s   rrqm/s  %rrqm r_await rareq-sz     w/s     wkB/s   wrqm/s  %wrqm w_await wareq-sz     d/s     dkB/s   drqm/s  %drqm d_await dareq-sz     f/s f_await  aqu-sz  %util
nvme0n1p3     8168.00  32672.00     0.00   0.00    0.06     4.00    0.00      0.00     0.00   0.00    0.00     0.00    0.00      0.00     0.00   0.00    0.00     0.00    0.00    0.00    0.50  39.00
nvme0n1p4     6743.00  26972.00     0.00   0.00    0.06     4.00    0.00      0.00     0.00   0.00    0.00     0.00    0.00      0.00     0.00   0.00    0.00     0.00    0.00    0.00    0.41  33.30
nvme0n1p5     10350.00  41400.00     0.00   0.00    0.06     4.00    0.00      0.00     0.00   0.00    0.00     0.00    0.00      0.00     0.00   0.00    0.00     0.00    0.00    0.00    0.63  44.70


avg-cpu:  %user   %nice %system %iowait  %steal   %idle
          48.46    0.00   35.38    0.09    0.00   16.07

Device            r/s     rkB/s   rrqm/s  %rrqm r_await rareq-sz     w/s     wkB/s   wrqm/s  %wrqm w_await wareq-sz     d/s     dkB/s   drqm/s  %drqm d_await dareq-sz     f/s f_await  aqu-sz  %util
nvme0n1p3     7504.00  30016.00     0.00   0.00    0.06     4.00    0.00      0.00     0.00   0.00    0.00     0.00    0.00      0.00     0.00   0.00    0.00     0.00    0.00    0.00    0.47  37.20
nvme0n1p4     6499.00  25996.00     0.00   0.00    0.06     4.00    0.00      0.00     0.00   0.00    0.00     0.00    0.00      0.00     0.00   0.00    0.00     0.00    0.00    0.00    0.40  33.60
nvme0n1p5     9677.00  38708.00     0.00   0.00    0.06     4.00    0.00      0.00     0.00   0.00    0.00     0.00    0.00      0.00     0.00   0.00    0.00     0.00    0.00    0.00    0.60  47.90


avg-cpu:  %user   %nice %system %iowait  %steal   %idle
          47.18    0.00   36.43    0.00    0.00   16.38

Device            r/s     rkB/s   rrqm/s  %rrqm r_await rareq-sz     w/s     wkB/s   wrqm/s  %wrqm w_await wareq-sz     d/s     dkB/s   drqm/s  %drqm d_await dareq-sz     f/s f_await  aqu-sz  %util
nvme0n1p3     8034.00  32136.00     0.00   0.00    0.06     4.00    0.00      0.00     0.00   0.00    0.00     0.00    0.00      0.00     0.00   0.00    0.00     0.00    0.00    0.00    0.50  38.80
nvme0n1p4     6853.00  27412.00     0.00   0.00    0.06     4.00    0.00      0.00     0.00   0.00    0.00     0.00    0.00      0.00     0.00   0.00    0.00     0.00    0.00    0.00    0.42  35.80
nvme0n1p5     10517.00  42068.00     0.00   0.00    0.06     4.00    0.00      0.00     0.00   0.00    0.00     0.00    0.00      0.00     0.00   0.00    0.00     0.00    0.00    0.00    0.65  47.80


avg-cpu:  %user   %nice %system %iowait  %steal   %idle
          58.67    0.00   25.96    0.00    0.00   15.37

Device            r/s     rkB/s   rrqm/s  %rrqm r_await rareq-sz     w/s     wkB/s   wrqm/s  %wrqm w_await wareq-sz     d/s     dkB/s   drqm/s  %drqm d_await dareq-sz     f/s f_await  aqu-sz  %util
nvme0n1p3     6448.00  25792.00     0.00   0.00    0.06     4.00    0.00      0.00     0.00   0.00    0.00     0.00    0.00      0.00     0.00   0.00    0.00     0.00    0.00    0.00    0.41  31.80
nvme0n1p4     5311.00  21244.00     0.00   0.00    0.06     4.00    0.00      0.00     0.00   0.00    0.00     0.00    0.00      0.00     0.00   0.00    0.00     0.00    0.00    0.00    0.33  26.40
nvme0n1p5     8092.00  32368.00     0.00   0.00    0.06     4.00    0.00      0.00     0.00   0.00    0.00     0.00    0.00      0.00     0.00   0.00    0.00     0.00    0.00    0.00    0.51  37.10


avg-cpu:  %user   %nice %system %iowait  %steal   %idle
          51.75    0.00   32.25    0.09    0.00   15.91

Device            r/s     rkB/s   rrqm/s  %rrqm r_await rareq-sz     w/s     wkB/s   wrqm/s  %wrqm w_await wareq-sz     d/s     dkB/s   drqm/s  %drqm d_await dareq-sz     f/s f_await  aqu-sz  %util
nvme0n1p3     6983.00  27932.00     0.00   0.00    0.06     4.00    0.00      0.00     0.00   0.00    0.00     0.00    0.00      0.00     0.00   0.00    0.00     0.00    0.00    0.00    0.43  33.90
nvme0n1p4     5984.00  23936.00     0.00   0.00    0.06     4.00    0.00      0.00     0.00   0.00    0.00     0.00    0.00      0.00     0.00   0.00    0.00     0.00    0.00    0.00    0.37  28.10
nvme0n1p5     9203.00  36812.00     0.00   0.00    0.06     4.00    0.00      0.00     0.00   0.00    0.00     0.00    0.00      0.00     0.00   0.00    0.00     0.00    0.00    0.00    0.57  41.90


avg-cpu:  %user   %nice %system %iowait  %steal   %idle
          47.50    0.00   37.49    0.00    0.00   15.01

Device            r/s     rkB/s   rrqm/s  %rrqm r_await rareq-sz     w/s     wkB/s   wrqm/s  %wrqm w_await wareq-sz     d/s     dkB/s   drqm/s  %drqm d_await dareq-sz     f/s f_await  aqu-sz  %util
nvme0n1p3     8750.00  35000.00     0.00   0.00    0.06     4.00    0.00      0.00     0.00   0.00    0.00     0.00    0.00      0.00     0.00   0.00    0.00     0.00    0.00    0.00    0.54  42.70
nvme0n1p4     7068.00  28272.00     0.00   0.00    0.06     4.00    0.00      0.00     0.00   0.00    0.00     0.00    0.00      0.00     0.00   0.00    0.00     0.00    0.00    0.00    0.43  36.30
nvme0n1p5     10935.00  43740.00     0.00   0.00    0.06     4.00    0.00      0.00     0.00   0.00    0.00     0.00    0.00      0.00     0.00   0.00    0.00     0.00    0.00    0.00    0.67  49.70


avg-cpu:  %user   %nice %system %iowait  %steal   %idle
          46.42    0.00   38.48    0.00    0.00   15.10

Device            r/s     rkB/s   rrqm/s  %rrqm r_await rareq-sz     w/s     wkB/s   wrqm/s  %wrqm w_await wareq-sz     d/s     dkB/s   drqm/s  %drqm d_await dareq-sz     f/s f_await  aqu-sz  %util
nvme0n1p3     7789.00  31156.00     0.00   0.00    0.06     4.00    0.00      0.00     0.00   0.00    0.00     0.00    0.00      0.00     0.00   0.00    0.00     0.00    0.00    0.00    0.48  38.40
nvme0n1p4     6642.00  26568.00     0.00   0.00    0.06     4.00    0.00      0.00     0.00   0.00    0.00     0.00    0.00      0.00     0.00   0.00    0.00     0.00    0.00    0.00    0.41  32.60
nvme0n1p5     10111.00  40444.00     0.00   0.00    0.06     4.00    0.00      0.00     0.00   0.00    0.00     0.00    0.00      0.00     0.00   0.00    0.00     0.00    0.00    0.00    0.62  47.40


avg-cpu:  %user   %nice %system %iowait  %steal   %idle
          44.40    0.00   40.58    0.00    0.00   15.03

Device            r/s     rkB/s   rrqm/s  %rrqm r_await rareq-sz     w/s     wkB/s   wrqm/s  %wrqm w_await wareq-sz     d/s     dkB/s   drqm/s  %drqm d_await dareq-sz     f/s f_await  aqu-sz  %util
nvme0n1p3     8623.00  34492.00     0.00   0.00    0.06     4.00    0.00      0.00     0.00   0.00    0.00     0.00    0.00      0.00     0.00   0.00    0.00     0.00    0.00    0.00    0.53  40.30
nvme0n1p4     7115.00  28460.00     0.00   0.00    0.06     4.00    0.00      0.00     0.00   0.00    0.00     0.00    0.00      0.00     0.00   0.00    0.00     0.00    0.00    0.00    0.43  36.20
nvme0n1p5     11007.00  44028.00     0.00   0.00    0.06     4.00    0.00      0.00     0.00   0.00    0.00     0.00    0.00      0.00     0.00   0.00    0.00     0.00    0.00    0.00    0.68  52.40


avg-cpu:  %user   %nice %system %iowait  %steal   %idle
          51.66    0.00   33.28    0.00    0.00   15.06

Device            r/s     rkB/s   rrqm/s  %rrqm r_await rareq-sz     w/s     wkB/s   wrqm/s  %wrqm w_await wareq-sz     d/s     dkB/s   drqm/s  %drqm d_await dareq-sz     f/s f_await  aqu-sz  %util
nvme0n1p3     7059.00  28236.00     0.00   0.00    0.06     4.00    0.00      0.00     0.00   0.00    0.00     0.00    0.00      0.00     0.00   0.00    0.00     0.00    0.00    0.00    0.44  33.50
nvme0n1p4     5960.00  23840.00     0.00   0.00    0.06     4.00    0.00      0.00     0.00   0.00    0.00     0.00    0.00      0.00     0.00   0.00    0.00     0.00    0.00    0.00    0.37  30.30
nvme0n1p5     9314.00  37256.00     0.00   0.00    0.06     4.00    0.00      0.00     0.00   0.00    0.00     0.00    0.00      0.00     0.00   0.00    0.00     0.00    0.00    0.00    0.58  42.80


avg-cpu:  %user   %nice %system %iowait  %steal   %idle
          47.37    0.00   37.27    0.08    0.00   15.28

Device            r/s     rkB/s   rrqm/s  %rrqm r_await rareq-sz     w/s     wkB/s   wrqm/s  %wrqm w_await wareq-sz     d/s     dkB/s   drqm/s  %drqm d_await dareq-sz     f/s f_await  aqu-sz  %util
nvme0n1p3     8135.00  32540.00     0.00   0.00    0.06     4.00    0.00      0.00     0.00   0.00    0.00     0.00    0.00      0.00     0.00   0.00    0.00     0.00    0.00    0.00    0.50  39.60
nvme0n1p4     6750.00  27000.00     0.00   0.00    0.06     4.00    0.00      0.00     0.00   0.00    0.00     0.00    0.00      0.00     0.00   0.00    0.00     0.00    0.00    0.00    0.41  33.00
nvme0n1p5     10236.00  40944.00     0.00   0.00    0.06     4.00    0.00      0.00     0.00   0.00    0.00     0.00    0.00      0.00     0.00   0.00    0.00     0.00    0.00    0.00    0.64  47.60


avg-cpu:  %user   %nice %system %iowait  %steal   %idle
          47.01    0.00   35.58    0.00    0.00   17.41

Device            r/s     rkB/s   rrqm/s  %rrqm r_await rareq-sz     w/s     wkB/s   wrqm/s  %wrqm w_await wareq-sz     d/s     dkB/s   drqm/s  %drqm d_await dareq-sz     f/s f_await  aqu-sz  %util
nvme0n1p3     7464.00  29856.00     0.00   0.00    0.06     4.00    0.00      0.00     0.00   0.00    0.00     0.00    0.00      0.00     0.00   0.00    0.00     0.00    0.00    0.00    0.47  34.80
nvme0n1p4     6239.00  24956.00     0.00   0.00    0.06     4.00    0.00      0.00     0.00   0.00    0.00     0.00    0.00      0.00     0.00   0.00    0.00     0.00    0.00    0.00    0.39  31.10
nvme0n1p5     9757.00  39028.00     0.00   0.00    0.06     4.00    0.00      0.00     0.00   0.00    0.00     0.00    0.00      0.00     0.00   0.00    0.00     0.00    0.00    0.00    0.61  44.40


avg-cpu:  %user   %nice %system %iowait  %steal   %idle
          44.13    0.00   39.20    0.00    0.00   16.67

Device            r/s     rkB/s   rrqm/s  %rrqm r_await rareq-sz     w/s     wkB/s   wrqm/s  %wrqm w_await wareq-sz     d/s     dkB/s   drqm/s  %drqm d_await dareq-sz     f/s f_await  aqu-sz  %util
nvme0n1p3     7942.00  31768.00     0.00   0.00    0.06     4.00    0.00      0.00     0.00   0.00    0.00     0.00    0.00      0.00     0.00   0.00    0.00     0.00    0.00    0.00    0.49  41.10
nvme0n1p4     6423.00  25692.00     0.00   0.00    0.06     4.00    0.00      0.00     0.00   0.00    0.00     0.00    0.00      0.00     0.00   0.00    0.00     0.00    0.00    0.00    0.39  33.10
nvme0n1p5     10202.00  40808.00     0.00   0.00    0.06     4.00    0.00      0.00     0.00   0.00    0.00     0.00    0.00      0.00     0.00   0.00    0.00     0.00    0.00    0.00    0.63  46.10


avg-cpu:  %user   %nice %system %iowait  %steal   %idle
          46.62    0.00   37.55    0.09    0.00   15.74

Device            r/s     rkB/s   rrqm/s  %rrqm r_await rareq-sz     w/s     wkB/s   wrqm/s  %wrqm w_await wareq-sz     d/s     dkB/s   drqm/s  %drqm d_await dareq-sz     f/s f_await  aqu-sz  %util
nvme0n1p3     8437.00  33748.00     0.00   0.00    0.06     4.00    0.00      0.00     0.00   0.00    0.00     0.00    0.00      0.00     0.00   0.00    0.00     0.00    0.00    0.00    0.52  42.70
nvme0n1p4     6837.00  27348.00     0.00   0.00    0.06     4.00    0.00      0.00     0.00   0.00    0.00     0.00    0.00      0.00     0.00   0.00    0.00     0.00    0.00    0.00    0.41  35.70
nvme0n1p5     10655.00  42620.00     0.00   0.00    0.06     4.00    0.00      0.00     0.00   0.00    0.00     0.00    0.00      0.00     0.00   0.00    0.00     0.00    0.00    0.00    0.65  46.50


avg-cpu:  %user   %nice %system %iowait  %steal   %idle
          47.84    0.00   36.66    0.00    0.00   15.50

Device            r/s     rkB/s   rrqm/s  %rrqm r_await rareq-sz     w/s     wkB/s   wrqm/s  %wrqm w_await wareq-sz     d/s     dkB/s   drqm/s  %drqm d_await dareq-sz     f/s f_await  aqu-sz  %util
nvme0n1p3     8253.00  33012.00     0.00   0.00    0.06     4.00    0.00      0.00     0.00   0.00    0.00     0.00    0.00      0.00     0.00   0.00    0.00     0.00    0.00    0.00    0.51  40.60
nvme0n1p4     6895.00  27580.00     0.00   0.00    0.06     4.00    0.00      0.00     0.00   0.00    0.00     0.00    0.00      0.00     0.00   0.00    0.00     0.00    0.00    0.00    0.42  33.20
nvme0n1p5     10711.00  42844.00     0.00   0.00    0.06     4.00    0.00      0.00     0.00   0.00    0.00     0.00    0.00      0.00     0.00   0.00    0.00     0.00    0.00    0.00    0.66  46.80


avg-cpu:  %user   %nice %system %iowait  %steal   %idle
          51.15    0.00   32.31    0.00    0.00   16.54

Device            r/s     rkB/s   rrqm/s  %rrqm r_await rareq-sz     w/s     wkB/s   wrqm/s  %wrqm w_await wareq-sz     d/s     dkB/s   drqm/s  %drqm d_await dareq-sz     f/s f_await  aqu-sz  %util
nvme0n1p3     7402.00  29608.00     0.00   0.00    0.06     4.00    0.00      0.00     0.00   0.00    0.00     0.00    0.00      0.00     0.00   0.00    0.00     0.00    0.00    0.00    0.46  34.50
nvme0n1p4     6232.00  24928.00     0.00   0.00    0.06     4.00    0.00      0.00     0.00   0.00    0.00     0.00    0.00      0.00     0.00   0.00    0.00     0.00    0.00    0.00    0.38  33.80
nvme0n1p5     9524.00  38096.00     0.00   0.00    0.06     4.00    0.00      0.00     0.00   0.00    0.00     0.00    0.00      0.00     0.00   0.00    0.00     0.00    0.00    0.00    0.59  43.70


avg-cpu:  %user   %nice %system %iowait  %steal   %idle
          42.50    0.00   36.54    0.09    0.00   20.87

Device            r/s     rkB/s   rrqm/s  %rrqm r_await rareq-sz     w/s     wkB/s   wrqm/s  %wrqm w_await wareq-sz     d/s     dkB/s   drqm/s  %drqm d_await dareq-sz     f/s f_await  aqu-sz  %util
nvme0n1p3     7811.00  31244.00     0.00   0.00    0.06     4.00    0.00      0.00     0.00   0.00    0.00     0.00    0.00      0.00     0.00   0.00    0.00     0.00    0.00    0.00    0.48  37.50
nvme0n1p4     6357.00  25428.00     0.00   0.00    0.06     4.00    0.00      0.00     0.00   0.00    0.00     0.00    0.00      0.00     0.00   0.00    0.00     0.00    0.00    0.00    0.39  30.50
nvme0n1p5     9642.00  38568.00     0.00   0.00    0.06     4.00    0.00      0.00     0.00   0.00    0.00     0.00    0.00      0.00     0.00   0.00    0.00     0.00    0.00    0.00    0.59  44.60


avg-cpu:  %user   %nice %system %iowait  %steal   %idle
          12.98    0.00    1.62    0.09    0.00   85.31

Device            r/s     rkB/s   rrqm/s  %rrqm r_await rareq-sz     w/s     wkB/s   wrqm/s  %wrqm w_await wareq-sz     d/s     dkB/s   drqm/s  %drqm d_await dareq-sz     f/s f_await  aqu-sz  %util
nvme0n1p3        0.00      0.00     0.00   0.00    0.00     0.00    0.00      0.00     0.00   0.00    0.00     0.00    0.00      0.00     0.00   0.00    0.00     0.00    0.00    0.00    0.00   0.00
nvme0n1p4        0.00      0.00     0.00   0.00    0.00     0.00    0.00      0.00     0.00   0.00    0.00     0.00    0.00      0.00     0.00   0.00    0.00     0.00    0.00    0.00    0.00   0.00
nvme0n1p5        0.00      0.00     0.00   0.00    0.00     0.00    0.00      0.00     0.00   0.00    0.00     0.00    0.00      0.00     0.00   0.00    0.00     0.00    0.00    0.00    0.00   0.00


avg-cpu:  %user   %nice %system %iowait  %steal   %idle
          11.69    0.00    1.37    0.00    0.00   86.95

Device            r/s     rkB/s   rrqm/s  %rrqm r_await rareq-sz     w/s     wkB/s   wrqm/s  %wrqm w_await wareq-sz     d/s     dkB/s   drqm/s  %drqm d_await dareq-sz     f/s f_await  aqu-sz  %util
nvme0n1p3        0.00      0.00     0.00   0.00    0.00     0.00    0.00      0.00     0.00   0.00    0.00     0.00    0.00      0.00     0.00   0.00    0.00     0.00    0.00    0.00    0.00   0.00
nvme0n1p4        0.00      0.00     0.00   0.00    0.00     0.00    0.00      0.00     0.00   0.00    0.00     0.00    0.00      0.00     0.00   0.00    0.00     0.00    0.00    0.00    0.00   0.00
nvme0n1p5        0.00      0.00     0.00   0.00    0.00     0.00    0.00      0.00     0.00   0.00    0.00     0.00    0.00      0.00     0.00   0.00    0.00     0.00    0.00    0.00    0.00   0.00


avg-cpu:  %user   %nice %system %iowait  %steal   %idle
          16.23    0.00    2.73    0.09    0.00   80.96

Device            r/s     rkB/s   rrqm/s  %rrqm r_await rareq-sz     w/s     wkB/s   wrqm/s  %wrqm w_await wareq-sz     d/s     dkB/s   drqm/s  %drqm d_await dareq-sz     f/s f_await  aqu-sz  %util
nvme0n1p3        0.00      0.00     0.00   0.00    0.00     0.00    0.00      0.00     0.00   0.00    0.00     0.00    0.00      0.00     0.00   0.00    0.00     0.00    0.00    0.00    0.00   0.00
nvme0n1p4        0.00      0.00     0.00   0.00    0.00     0.00    0.00      0.00     0.00   0.00    0.00     0.00    0.00      0.00     0.00   0.00    0.00     0.00    0.00    0.00    0.00   0.00
nvme0n1p5        0.00      0.00     0.00   0.00    0.00     0.00    0.00      0.00     0.00   0.00    0.00     0.00    0.00      0.00     0.00   0.00    0.00     0.00    0.00    0.00    0.00   0.00


avg-cpu:  %user   %nice %system %iowait  %steal   %idle
          42.83    0.00   12.12    0.94    0.00   44.11

Device            r/s     rkB/s   rrqm/s  %rrqm r_await rareq-sz     w/s     wkB/s   wrqm/s  %wrqm w_await wareq-sz     d/s     dkB/s   drqm/s  %drqm d_await dareq-sz     f/s f_await  aqu-sz  %util
nvme0n1p3        0.00      0.00     0.00   0.00    0.00     0.00 3322.00 346204.00     0.00   0.00    0.20   104.22    0.00      0.00     0.00   0.00    0.00     0.00    0.00    0.00    0.65  16.60
nvme0n1p4        0.00      0.00     0.00   0.00    0.00     0.00 3337.00 347104.00     0.00   0.00    0.20   104.02    0.00      0.00     0.00   0.00    0.00     0.00    0.00    0.00    0.66  19.40
nvme0n1p5        0.00      0.00     0.00   0.00    0.00     0.00 3401.00 346692.00     0.00   0.00    0.18   101.94    0.00      0.00     0.00   0.00    0.00     0.00    0.00    0.00    0.60  20.00


avg-cpu:  %user   %nice %system %iowait  %steal   %idle
          61.72    0.00   18.28    1.81    0.00   18.19

Device            r/s     rkB/s   rrqm/s  %rrqm r_await rareq-sz     w/s     wkB/s   wrqm/s  %wrqm w_await wareq-sz     d/s     dkB/s   drqm/s  %drqm d_await dareq-sz     f/s f_await  aqu-sz  %util
nvme0n1p3        0.00      0.00     0.00   0.00    0.00     0.00 6206.00 648800.00     2.00   0.03    0.22   104.54    0.00      0.00     0.00   0.00    0.00     0.00    0.00    0.00    1.38  35.70
nvme0n1p4        0.00      0.00     0.00   0.00    0.00     0.00 6302.00 654036.00     1.00   0.02    0.22   103.78    0.00      0.00     0.00   0.00    0.00     0.00    0.00    0.00    1.38  38.20
nvme0n1p5        0.00      0.00     0.00   0.00    0.00     0.00 6219.00 650356.00     1.00   0.02    0.20   104.58    0.00      0.00     0.00   0.00    0.00     0.00    0.00    0.00    1.26  37.80


avg-cpu:  %user   %nice %system %iowait  %steal   %idle
          63.56    0.00   18.22    1.47    0.00   16.75

Device            r/s     rkB/s   rrqm/s  %rrqm r_await rareq-sz     w/s     wkB/s   wrqm/s  %wrqm w_await wareq-sz     d/s     dkB/s   drqm/s  %drqm d_await dareq-sz     f/s f_await  aqu-sz  %util
nvme0n1p3        0.00      0.00     0.00   0.00    0.00     0.00 6071.00 638424.00     1.00   0.02    0.20   105.16    0.00      0.00     0.00   0.00    0.00     0.00    0.00    0.00    1.22  34.90
nvme0n1p4        0.00      0.00     0.00   0.00    0.00     0.00 6099.00 630404.00     1.00   0.02    0.20   103.36    0.00      0.00     0.00   0.00    0.00     0.00    0.00    0.00    1.22  35.30
nvme0n1p5        0.00      0.00     0.00   0.00    0.00     0.00 5997.00 635260.00     0.00   0.00    0.21   105.93    0.00      0.00     0.00   0.00    0.00     0.00    0.00    0.00    1.27  35.90


avg-cpu:  %user   %nice %system %iowait  %steal   %idle
          62.90    0.00   18.68    1.46    0.00   16.97

Device            r/s     rkB/s   rrqm/s  %rrqm r_await rareq-sz     w/s     wkB/s   wrqm/s  %wrqm w_await wareq-sz     d/s     dkB/s   drqm/s  %drqm d_await dareq-sz     f/s f_await  aqu-sz  %util
nvme0n1p3        0.00      0.00     0.00   0.00    0.00     0.00 5980.00 631576.00     1.00   0.02    0.23   105.61    0.00      0.00     0.00   0.00    0.00     0.00    0.00    0.00    1.37  33.90
nvme0n1p4        0.00      0.00     0.00   0.00    0.00     0.00 6079.00 631420.00     0.00   0.00    0.21   103.87    0.00      0.00     0.00   0.00    0.00     0.00    0.00    0.00    1.30  38.20
nvme0n1p5        0.00      0.00     0.00   0.00    0.00     0.00 6008.00 633296.00     0.00   0.00    0.22   105.41    0.00      0.00     0.00   0.00    0.00     0.00    0.00    0.00    1.31  34.90


avg-cpu:  %user   %nice %system %iowait  %steal   %idle
          59.20    0.00   19.19    1.82    0.00   19.79

Device            r/s     rkB/s   rrqm/s  %rrqm r_await rareq-sz     w/s     wkB/s   wrqm/s  %wrqm w_await wareq-sz     d/s     dkB/s   drqm/s  %drqm d_await dareq-sz     f/s f_await  aqu-sz  %util
nvme0n1p3        0.00      0.00     0.00   0.00    0.00     0.00 6231.00 653556.00     0.00   0.00    0.23   104.89    0.00      0.00     0.00   0.00    0.00     0.00    0.00    0.00    1.43  37.70
nvme0n1p4        0.00      0.00     0.00   0.00    0.00     0.00 6283.00 659076.00     0.00   0.00    0.25   104.90    0.00      0.00     0.00   0.00    0.00     0.00    0.00    0.00    1.55  37.90
nvme0n1p5        0.00      0.00     0.00   0.00    0.00     0.00 6297.00 657060.00     2.00   0.03    0.26   104.34    0.00      0.00     0.00   0.00    0.00     0.00    0.00    0.00    1.61  38.80


avg-cpu:  %user   %nice %system %iowait  %steal   %idle
          62.36    0.00   18.26    1.72    0.00   17.66

Device            r/s     rkB/s   rrqm/s  %rrqm r_await rareq-sz     w/s     wkB/s   wrqm/s  %wrqm w_await wareq-sz     d/s     dkB/s   drqm/s  %drqm d_await dareq-sz     f/s f_await  aqu-sz  %util
nvme0n1p3        0.00      0.00     0.00   0.00    0.00     0.00 5822.77 618728.71     1.98   0.03    0.23   106.26    0.00      0.00     0.00   0.00    0.00     0.00    0.00    0.00    1.37  34.55
nvme0n1p4        0.00      0.00     0.00   0.00    0.00     0.00 5827.72 612760.40     0.00   0.00    0.23   105.15    0.00      0.00     0.00   0.00    0.00     0.00    0.00    0.00    1.33  37.82
nvme0n1p5        0.00      0.00     0.00   0.00    0.00     0.00 5819.80 613738.61     0.99   0.02    0.23   105.46    0.00      0.00     0.00   0.00    0.00     0.00    0.00    0.00    1.36  36.53


avg-cpu:  %user   %nice %system %iowait  %steal   %idle
          64.58    0.00   16.72    1.54    0.00   17.15

Device            r/s     rkB/s   rrqm/s  %rrqm r_await rareq-sz     w/s     wkB/s   wrqm/s  %wrqm w_await wareq-sz     d/s     dkB/s   drqm/s  %drqm d_await dareq-sz     f/s f_await  aqu-sz  %util
nvme0n1p3        0.00      0.00     0.00   0.00    0.00     0.00 5507.00 573660.00     1.00   0.02    0.20   104.17    0.00      0.00     0.00   0.00    0.00     0.00    0.00    0.00    1.13  30.60
nvme0n1p4        0.00      0.00     0.00   0.00    0.00     0.00 5580.00 575788.00     2.00   0.04    0.18   103.19    0.00      0.00     0.00   0.00    0.00     0.00    0.00    0.00    1.01  31.70
nvme0n1p5        0.00      0.00     0.00   0.00    0.00     0.00 5548.00 577764.00     1.00   0.02    0.19   104.14    0.00      0.00     0.00   0.00    0.00     0.00    0.00    0.00    1.06  30.30


avg-cpu:  %user   %nice %system %iowait  %steal   %idle
          63.09    0.00   17.77    1.37    0.00   17.77

Device            r/s     rkB/s   rrqm/s  %rrqm r_await rareq-sz     w/s     wkB/s   wrqm/s  %wrqm w_await wareq-sz     d/s     dkB/s   drqm/s  %drqm d_await dareq-sz     f/s f_await  aqu-sz  %util
nvme0n1p3        0.00      0.00     0.00   0.00    0.00     0.00 5788.00 604540.00     1.00   0.02    0.22   104.45    0.00      0.00     0.00   0.00    0.00     0.00    0.00    0.00    1.29  34.60
nvme0n1p4        0.00      0.00     0.00   0.00    0.00     0.00 5797.00 607568.00     0.00   0.00    0.22   104.81    0.00      0.00     0.00   0.00    0.00     0.00    0.00    0.00    1.30  36.90
nvme0n1p5        0.00      0.00     0.00   0.00    0.00     0.00 5704.00 603380.00     0.00   0.00    0.24   105.78    0.00      0.00     0.00   0.00    0.00     0.00    0.00    0.00    1.36  34.60


avg-cpu:  %user   %nice %system %iowait  %steal   %idle
          62.97    0.00   19.16    1.55    0.00   16.32

Device            r/s     rkB/s   rrqm/s  %rrqm r_await rareq-sz     w/s     wkB/s   wrqm/s  %wrqm w_await wareq-sz     d/s     dkB/s   drqm/s  %drqm d_await dareq-sz     f/s f_await  aqu-sz  %util
nvme0n1p3        0.00      0.00     0.00   0.00    0.00     0.00 5906.00 616892.00     4.00   0.07    0.20   104.45    0.00      0.00     0.00   0.00    0.00     0.00    0.00    0.00    1.21  34.10
nvme0n1p4        0.00      0.00     0.00   0.00    0.00     0.00 5782.00 613604.00     1.00   0.02    0.20   106.12    0.00      0.00     0.00   0.00    0.00     0.00    0.00    0.00    1.15  35.00
nvme0n1p5        0.00      0.00     0.00   0.00    0.00     0.00 5899.00 617876.00     0.00   0.00    0.22   104.74    0.00      0.00     0.00   0.00    0.00     0.00    0.00    0.00    1.29  36.60


avg-cpu:  %user   %nice %system %iowait  %steal   %idle
          50.56    0.00   15.60    5.23    0.00   28.62

Device            r/s     rkB/s   rrqm/s  %rrqm r_await rareq-sz     w/s     wkB/s   wrqm/s  %wrqm w_await wareq-sz     d/s     dkB/s   drqm/s  %drqm d_await dareq-sz     f/s f_await  aqu-sz  %util
nvme0n1p3        0.00      0.00     0.00   0.00    0.00     0.00 4264.00 461884.00     0.00   0.00    1.52   108.32    0.00      0.00     0.00   0.00    0.00     0.00    0.00    0.00    6.49  64.30
nvme0n1p4        0.00      0.00     0.00   0.00    0.00     0.00 4284.00 461520.00     0.00   0.00    0.93   107.73    0.00      0.00     0.00   0.00    0.00     0.00    0.00    0.00    4.00  65.10
nvme0n1p5        0.00      0.00     0.00   0.00    0.00     0.00 4192.00 458980.00     0.00   0.00    1.32   109.49    0.00      0.00     0.00   0.00    0.00     0.00    0.00    0.00    5.54  65.10


avg-cpu:  %user   %nice %system %iowait  %steal   %idle
          44.40    0.00   13.45    7.41    0.00   34.74

Device            r/s     rkB/s   rrqm/s  %rrqm r_await rareq-sz     w/s     wkB/s   wrqm/s  %wrqm w_await wareq-sz     d/s     dkB/s   drqm/s  %drqm d_await dareq-sz     f/s f_await  aqu-sz  %util
nvme0n1p3        0.00      0.00     0.00   0.00    0.00     0.00 2920.00 330408.00     0.00   0.00    1.65   113.15    0.00      0.00     0.00   0.00    0.00     0.00    0.00    0.00    4.81  82.70
nvme0n1p4        0.00      0.00     0.00   0.00    0.00     0.00 2930.00 330792.00     0.00   0.00    1.35   112.90    0.00      0.00     0.00   0.00    0.00     0.00    0.00    0.00    3.95  80.50
nvme0n1p5        0.00      0.00     0.00   0.00    0.00     0.00 2933.00 331168.00     0.00   0.00    1.54   112.91    0.00      0.00     0.00   0.00    0.00     0.00    0.00    0.00    4.52  82.50


avg-cpu:  %user   %nice %system %iowait  %steal   %idle
          50.82    0.00   11.61    7.82    0.00   29.75

Device            r/s     rkB/s   rrqm/s  %rrqm r_await rareq-sz     w/s     wkB/s   wrqm/s  %wrqm w_await wareq-sz     d/s     dkB/s   drqm/s  %drqm d_await dareq-sz     f/s f_await  aqu-sz  %util
nvme0n1p3        0.00      0.00     0.00   0.00    0.00     0.00 3424.00 391796.00     0.00   0.00    1.19   114.43    0.00      0.00     0.00   0.00    0.00     0.00    0.00    0.00    4.07  85.80
nvme0n1p4        0.00      0.00     0.00   0.00    0.00     0.00 3427.00 391784.00     0.00   0.00    1.17   114.32    0.00      0.00     0.00   0.00    0.00     0.00    0.00    0.00    3.99  85.70
nvme0n1p5        0.00      0.00     0.00   0.00    0.00     0.00 3406.00 389716.00     0.00   0.00    1.39   114.42    0.00      0.00     0.00   0.00    0.00     0.00    0.00    0.00    4.74  82.10


avg-cpu:  %user   %nice %system %iowait  %steal   %idle
          45.24    0.00   10.63   10.12    0.00   34.01

Device            r/s     rkB/s   rrqm/s  %rrqm r_await rareq-sz     w/s     wkB/s   wrqm/s  %wrqm w_await wareq-sz     d/s     dkB/s   drqm/s  %drqm d_await dareq-sz     f/s f_await  aqu-sz  %util
nvme0n1p3        0.00      0.00     0.00   0.00    0.00     0.00 2761.00 313640.00     0.00   0.00    2.27   113.60    0.00      0.00     0.00   0.00    0.00     0.00    0.00    0.00    6.26  88.30
nvme0n1p4        0.00      0.00     0.00   0.00    0.00     0.00 2775.00 314440.00     1.00   0.04    2.92   113.31    0.00      0.00     0.00   0.00    0.00     0.00    0.00    0.00    8.09  88.60
nvme0n1p5        0.00      0.00     0.00   0.00    0.00     0.00 2732.00 313612.00     0.00   0.00    2.49   114.79    0.00      0.00     0.00   0.00    0.00     0.00    0.00    0.00    6.80  93.30


avg-cpu:  %user   %nice %system %iowait  %steal   %idle
          51.32    0.00   12.62    8.01    0.00   28.05

Device            r/s     rkB/s   rrqm/s  %rrqm r_await rareq-sz     w/s     wkB/s   wrqm/s  %wrqm w_await wareq-sz     d/s     dkB/s   drqm/s  %drqm d_await dareq-sz     f/s f_await  aqu-sz  %util
nvme0n1p3        0.00      0.00     0.00   0.00    0.00     0.00 3472.00 390388.00     1.00   0.03    1.08   112.44    0.00      0.00     0.00   0.00    0.00     0.00    0.00    0.00    3.76  78.10
nvme0n1p4        0.00      0.00     0.00   0.00    0.00     0.00 3455.00 390068.00     0.00   0.00    1.06   112.90    0.00      0.00     0.00   0.00    0.00     0.00    0.00    0.00    3.67  80.10
nvme0n1p5        0.00      0.00     0.00   0.00    0.00     0.00 3511.00 390960.00     0.00   0.00    2.06   111.35    0.00      0.00     0.00   0.00    0.00     0.00    0.00    0.00    7.25  79.60


avg-cpu:  %user   %nice %system %iowait  %steal   %idle
          52.65    0.00   13.01    6.68    0.00   27.65

Device            r/s     rkB/s   rrqm/s  %rrqm r_await rareq-sz     w/s     wkB/s   wrqm/s  %wrqm w_await wareq-sz     d/s     dkB/s   drqm/s  %drqm d_await dareq-sz     f/s f_await  aqu-sz  %util
nvme0n1p3        0.00      0.00     0.00   0.00    0.00     0.00 3826.00 426420.00     0.00   0.00    1.13   111.45    0.00      0.00     0.00   0.00    0.00     0.00    0.00    0.00    4.33  76.00
nvme0n1p4        0.00      0.00     0.00   0.00    0.00     0.00 3850.00 428976.00     0.00   0.00    1.01   111.42    0.00      0.00     0.00   0.00    0.00     0.00    0.00    0.00    3.89  74.70
nvme0n1p5        0.00      0.00     0.00   0.00    0.00     0.00 3891.00 431092.00     0.00   0.00    1.07   110.79    0.00      0.00     0.00   0.00    0.00     0.00    0.00    0.00    4.17  75.00


avg-cpu:  %user   %nice %system %iowait  %steal   %idle
          45.05    0.00   13.18    9.22    0.00   32.56

Device            r/s     rkB/s   rrqm/s  %rrqm r_await rareq-sz     w/s     wkB/s   wrqm/s  %wrqm w_await wareq-sz     d/s     dkB/s   drqm/s  %drqm d_await dareq-sz     f/s f_await  aqu-sz  %util
nvme0n1p3        0.00      0.00     0.00   0.00    0.00     0.00 3000.00 340420.00     0.00   0.00    1.48   113.47    0.00      0.00     0.00   0.00    0.00     0.00    0.00    0.00    4.45  83.20
nvme0n1p4        0.00      0.00     0.00   0.00    0.00     0.00 2985.00 339640.00     0.00   0.00    1.85   113.78    0.00      0.00     0.00   0.00    0.00     0.00    0.00    0.00    5.51  84.40
nvme0n1p5        0.00      0.00     0.00   0.00    0.00     0.00 2951.00 336928.00     0.00   0.00    1.80   114.17    0.00      0.00     0.00   0.00    0.00     0.00    0.00    0.00    5.32  84.40


avg-cpu:  %user   %nice %system %iowait  %steal   %idle
          46.31    0.00   15.09    7.37    0.00   31.22

Device            r/s     rkB/s   rrqm/s  %rrqm r_await rareq-sz     w/s     wkB/s   wrqm/s  %wrqm w_await wareq-sz     d/s     dkB/s   drqm/s  %drqm d_await dareq-sz     f/s f_await  aqu-sz  %util
nvme0n1p3        0.00      0.00     0.00   0.00    0.00     0.00 3175.00 357940.00     0.00   0.00    0.92   112.74    0.00      0.00     0.00   0.00    0.00     0.00    0.00    0.00    2.93  78.00
nvme0n1p4        0.00      0.00     0.00   0.00    0.00     0.00 3174.00 356432.00     0.00   0.00    1.36   112.30    0.00      0.00     0.00   0.00    0.00     0.00    0.00    0.00    4.31  79.50
nvme0n1p5        0.00      0.00     0.00   0.00    0.00     0.00 3194.00 355316.00     0.00   0.00    1.66   111.24    0.00      0.00     0.00   0.00    0.00     0.00    0.00    0.00    5.29  78.60


avg-cpu:  %user   %nice %system %iowait  %steal   %idle
          46.51    0.00   15.27    7.77    0.00   30.46

Device            r/s     rkB/s   rrqm/s  %rrqm r_await rareq-sz     w/s     wkB/s   wrqm/s  %wrqm w_await wareq-sz     d/s     dkB/s   drqm/s  %drqm d_await dareq-sz     f/s f_await  aqu-sz  %util
nvme0n1p3        0.00      0.00     0.00   0.00    0.00     0.00 3519.00 391980.00     0.00   0.00    1.08   111.39    0.00      0.00     0.00   0.00    0.00     0.00    0.00    0.00    3.80  75.10
nvme0n1p4        0.00      0.00     0.00   0.00    0.00     0.00 3571.00 396488.00     0.00   0.00    1.13   111.03    0.00      0.00     0.00   0.00    0.00     0.00    0.00    0.00    4.02  77.60
nvme0n1p5        0.00      0.00     0.00   0.00    0.00     0.00 3612.00 402240.00     0.00   0.00    1.24   111.36    0.00      0.00     0.00   0.00    0.00     0.00    0.00    0.00    4.47  78.20


avg-cpu:  %user   %nice %system %iowait  %steal   %idle
          40.00    0.00   13.30    9.01    0.00   37.68

Device            r/s     rkB/s   rrqm/s  %rrqm r_await rareq-sz     w/s     wkB/s   wrqm/s  %wrqm w_await wareq-sz     d/s     dkB/s   drqm/s  %drqm d_await dareq-sz     f/s f_await  aqu-sz  %util
nvme0n1p3        0.00      0.00     0.00   0.00    0.00     0.00 3411.00 384652.00     0.00   0.00    2.17   112.77    0.00      0.00     0.00   0.00    0.00     0.00    0.00    0.00    7.40  82.90
nvme0n1p4        0.00      0.00     0.00   0.00    0.00     0.00 3375.00 379540.00     0.00   0.00    1.25   112.46    0.00      0.00     0.00   0.00    0.00     0.00    0.00    0.00    4.21  86.40
nvme0n1p5        0.00      0.00     0.00   0.00    0.00     0.00 3314.00 377428.00     0.00   0.00    1.90   113.89    0.00      0.00     0.00   0.00    0.00     0.00    0.00    0.00    6.31  85.90


avg-cpu:  %user   %nice %system %iowait  %steal   %idle
          40.99    0.00   14.21    9.01    0.00   35.79

Device            r/s     rkB/s   rrqm/s  %rrqm r_await rareq-sz     w/s     wkB/s   wrqm/s  %wrqm w_await wareq-sz     d/s     dkB/s   drqm/s  %drqm d_await dareq-sz     f/s f_await  aqu-sz  %util
nvme0n1p3        0.00      0.00     0.00   0.00    0.00     0.00 3135.00 355848.00     0.00   0.00    1.09   113.51    0.00      0.00     0.00   0.00    0.00     0.00    0.00    0.00    3.42  82.90
nvme0n1p4        0.00      0.00     0.00   0.00    0.00     0.00 3160.00 357920.00     0.00   0.00    1.57   113.27    0.00      0.00     0.00   0.00    0.00     0.00    0.00    0.00    4.97  83.50
nvme0n1p5        0.00      0.00     0.00   0.00    0.00     0.00 3142.00 354864.00     0.00   0.00    1.31   112.94    0.00      0.00     0.00   0.00    0.00     0.00    0.00    0.00    4.13  82.80


avg-cpu:  %user   %nice %system %iowait  %steal   %idle
          39.25    0.00   13.05    8.96    0.00   38.73

Device            r/s     rkB/s   rrqm/s  %rrqm r_await rareq-sz     w/s     wkB/s   wrqm/s  %wrqm w_await wareq-sz     d/s     dkB/s   drqm/s  %drqm d_await dareq-sz     f/s f_await  aqu-sz  %util
nvme0n1p3        0.00      0.00     0.00   0.00    0.00     0.00 2426.00 276660.00     0.00   0.00    2.30   114.04    0.00      0.00     0.00   0.00    0.00     0.00    0.00    0.00    5.58  84.90
nvme0n1p4        0.00      0.00     0.00   0.00    0.00     0.00 2456.00 279724.00     0.00   0.00    3.02   113.89    0.00      0.00     0.00   0.00    0.00     0.00    0.00    0.00    7.42  84.50
nvme0n1p5        0.00      0.00     0.00   0.00    0.00     0.00 2446.00 278448.00     0.00   0.00    1.98   113.84    0.00      0.00     0.00   0.00    0.00     0.00    0.00    0.00    4.85  86.40


avg-cpu:  %user   %nice %system %iowait  %steal   %idle
          39.91    0.00   12.81   10.74    0.00   36.54

Device            r/s     rkB/s   rrqm/s  %rrqm r_await rareq-sz     w/s     wkB/s   wrqm/s  %wrqm w_await wareq-sz     d/s     dkB/s   drqm/s  %drqm d_await dareq-sz     f/s f_await  aqu-sz  %util
nvme0n1p3        0.00      0.00     0.00   0.00    0.00     0.00 2516.00 283888.00     0.00   0.00    1.19   112.83    0.00      0.00     0.00   0.00    0.00     0.00    0.00    0.00    2.99  79.50
nvme0n1p4        0.00      0.00     0.00   0.00    0.00     0.00 2504.00 282840.00     0.00   0.00    1.07   112.96    0.00      0.00     0.00   0.00    0.00     0.00    0.00    0.00    2.69  79.50
nvme0n1p5        0.00      0.00     0.00   0.00    0.00     0.00 2523.00 286296.00     1.00   0.04    1.20   113.47    0.00      0.00     0.00   0.00    0.00     0.00    0.00    0.00    3.02  80.70


avg-cpu:  %user   %nice %system %iowait  %steal   %idle
          38.02    0.00   12.93    9.74    0.00   39.31

Device            r/s     rkB/s   rrqm/s  %rrqm r_await rareq-sz     w/s     wkB/s   wrqm/s  %wrqm w_await wareq-sz     d/s     dkB/s   drqm/s  %drqm d_await dareq-sz     f/s f_await  aqu-sz  %util
nvme0n1p3        0.00      0.00     0.00   0.00    0.00     0.00 2591.00 291096.00     0.00   0.00    2.26   112.35    0.00      0.00     0.00   0.00    0.00     0.00    0.00    0.00    5.86  83.60
nvme0n1p4        0.00      0.00     0.00   0.00    0.00     0.00 2572.00 290332.00     0.00   0.00    1.72   112.88    0.00      0.00     0.00   0.00    0.00     0.00    0.00    0.00    4.42  84.20
nvme0n1p5        0.00      0.00     0.00   0.00    0.00     0.00 2570.00 290076.00     0.00   0.00    2.11   112.87    0.00      0.00     0.00   0.00    0.00     0.00    0.00    0.00    5.43  85.60


avg-cpu:  %user   %nice %system %iowait  %steal   %idle
          42.20    0.00   14.73    8.23    0.00   34.84

Device            r/s     rkB/s   rrqm/s  %rrqm r_await rareq-sz     w/s     wkB/s   wrqm/s  %wrqm w_await wareq-sz     d/s     dkB/s   drqm/s  %drqm d_await dareq-sz     f/s f_await  aqu-sz  %util
nvme0n1p3        0.00      0.00     0.00   0.00    0.00     0.00 2909.00 329112.00     0.00   0.00    1.60   113.14    0.00      0.00     0.00   0.00    0.00     0.00    0.00    0.00    4.64  81.90
nvme0n1p4        0.00      0.00     0.00   0.00    0.00     0.00 2869.00 323736.00     0.00   0.00    1.55   112.84    0.00      0.00     0.00   0.00    0.00     0.00    0.00    0.00    4.45  81.10
nvme0n1p5        0.00      0.00     0.00   0.00    0.00     0.00 2881.00 324008.00     0.00   0.00    2.49   112.46    0.00      0.00     0.00   0.00    0.00     0.00    0.00    0.00    7.16  81.90


avg-cpu:  %user   %nice %system %iowait  %steal   %idle
          42.20    0.00   14.30    8.10    0.00   35.40

Device            r/s     rkB/s   rrqm/s  %rrqm r_await rareq-sz     w/s     wkB/s   wrqm/s  %wrqm w_await wareq-sz     d/s     dkB/s   drqm/s  %drqm d_await dareq-sz     f/s f_await  aqu-sz  %util
nvme0n1p3        0.00      0.00     0.00   0.00    0.00     0.00 2986.00 337860.00     0.00   0.00    2.12   113.15    0.00      0.00     0.00   0.00    0.00     0.00    0.00    0.00    6.34  81.60
nvme0n1p4        0.00      0.00     0.00   0.00    0.00     0.00 3009.00 341424.00     0.00   0.00    1.85   113.47    0.00      0.00     0.00   0.00    0.00     0.00    0.00    0.00    5.58  83.60
nvme0n1p5        0.00      0.00     0.00   0.00    0.00     0.00 3002.00 342428.00     0.00   0.00    2.41   114.07    0.00      0.00     0.00   0.00    0.00     0.00    0.00    0.00    7.25  82.00


avg-cpu:  %user   %nice %system %iowait  %steal   %idle
          34.85    0.00   10.64   10.13    0.00   44.38

Device            r/s     rkB/s   rrqm/s  %rrqm r_await rareq-sz     w/s     wkB/s   wrqm/s  %wrqm w_await wareq-sz     d/s     dkB/s   drqm/s  %drqm d_await dareq-sz     f/s f_await  aqu-sz  %util
nvme0n1p3        0.00      0.00     0.00   0.00    0.00     0.00 1875.00 214404.00     0.00   0.00    3.98   114.35    0.00      0.00     0.00   0.00    0.00     0.00    0.00    0.00    7.47  88.80
nvme0n1p4        0.00      0.00     0.00   0.00    0.00     0.00 1902.00 215972.00     0.00   0.00    3.33   113.55    0.00      0.00     0.00   0.00    0.00     0.00    0.00    0.00    6.33  87.40
nvme0n1p5        0.00      0.00     0.00   0.00    0.00     0.00 1911.00 219032.00     0.00   0.00    3.04   114.62    0.00      0.00     0.00   0.00    0.00     0.00    0.00    0.00    5.81  88.60


avg-cpu:  %user   %nice %system %iowait  %steal   %idle
          41.90    0.00   15.00    8.10    0.00   35.00

Device            r/s     rkB/s   rrqm/s  %rrqm r_await rareq-sz     w/s     wkB/s   wrqm/s  %wrqm w_await wareq-sz     d/s     dkB/s   drqm/s  %drqm d_await dareq-sz     f/s f_await  aqu-sz  %util
nvme0n1p3        0.00      0.00     0.00   0.00    0.00     0.00 3471.00 394416.00     0.00   0.00    1.32   113.63    0.00      0.00     0.00   0.00    0.00     0.00    0.00    0.00    4.58  79.70
nvme0n1p4        0.00      0.00     0.00   0.00    0.00     0.00 3520.00 395024.00     0.00   0.00    1.37   112.22    0.00      0.00     0.00   0.00    0.00     0.00    0.00    0.00    4.81  80.40
nvme0n1p5        0.00      0.00     0.00   0.00    0.00     0.00 3463.00 387816.00     0.00   0.00    1.11   111.99    0.00      0.00     0.00   0.00    0.00     0.00    0.00    0.00    3.83  81.10


avg-cpu:  %user   %nice %system %iowait  %steal   %idle
          40.28    0.00   13.34   10.24    0.00   36.14

Device            r/s     rkB/s   rrqm/s  %rrqm r_await rareq-sz     w/s     wkB/s   wrqm/s  %wrqm w_await wareq-sz     d/s     dkB/s   drqm/s  %drqm d_await dareq-sz     f/s f_await  aqu-sz  %util
nvme0n1p3        0.00      0.00     0.00   0.00    0.00     0.00 2741.00 308088.00     0.00   0.00    1.26   112.40    0.00      0.00     0.00   0.00    0.00     0.00    0.00    0.00    3.45  73.80
nvme0n1p4        0.00      0.00     0.00   0.00    0.00     0.00 2703.00 303472.00     0.00   0.00    1.16   112.27    0.00      0.00     0.00   0.00    0.00     0.00    0.00    0.00    3.13  83.20
nvme0n1p5        0.00      0.00     0.00   0.00    0.00     0.00 2750.00 309616.00     0.00   0.00    1.88   112.59    0.00      0.00     0.00   0.00    0.00     0.00    0.00    0.00    5.17  81.30


avg-cpu:  %user   %nice %system %iowait  %steal   %idle
          38.29    0.00   13.25    9.74    0.00   38.72

Device            r/s     rkB/s   rrqm/s  %rrqm r_await rareq-sz     w/s     wkB/s   wrqm/s  %wrqm w_await wareq-sz     d/s     dkB/s   drqm/s  %drqm d_await dareq-sz     f/s f_await  aqu-sz  %util
nvme0n1p3        0.00      0.00     0.00   0.00    0.00     0.00 2817.00 320616.00     0.00   0.00    2.00   113.81    0.00      0.00     0.00   0.00    0.00     0.00    0.00    0.00    5.63  92.30
nvme0n1p4        0.00      0.00     0.00   0.00    0.00     0.00 2832.00 323932.00     0.00   0.00    1.86   114.38    0.00      0.00     0.00   0.00    0.00     0.00    0.00    0.00    5.26  83.80
nvme0n1p5        0.00      0.00     0.00   0.00    0.00     0.00 2812.00 318836.00     0.00   0.00    2.37   113.38    0.00      0.00     0.00   0.00    0.00     0.00    0.00    0.00    6.65  85.30


avg-cpu:  %user   %nice %system %iowait  %steal   %idle
          45.78    0.00   13.36    8.88    0.00   31.98

Device            r/s     rkB/s   rrqm/s  %rrqm r_await rareq-sz     w/s     wkB/s   wrqm/s  %wrqm w_await wareq-sz     d/s     dkB/s   drqm/s  %drqm d_await dareq-sz     f/s f_await  aqu-sz  %util
nvme0n1p3        0.00      0.00     0.00   0.00    0.00     0.00 3074.00 349912.00     0.00   0.00    1.54   113.83    0.00      0.00     0.00   0.00    0.00     0.00    0.00    0.00    4.75  80.80
nvme0n1p4        0.00      0.00     0.00   0.00    0.00     0.00 3074.00 348628.00     0.00   0.00    2.21   113.41    0.00      0.00     0.00   0.00    0.00     0.00    0.00    0.00    6.78  81.80
nvme0n1p5        0.00      0.00     0.00   0.00    0.00     0.00 3088.00 350704.00     0.00   0.00    1.99   113.57    0.00      0.00     0.00   0.00    0.00     0.00    0.00    0.00    6.14  81.80


avg-cpu:  %user   %nice %system %iowait  %steal   %idle
          42.78    0.00   14.77    8.45    0.00   33.99

Device            r/s     rkB/s   rrqm/s  %rrqm r_await rareq-sz     w/s     wkB/s   wrqm/s  %wrqm w_await wareq-sz     d/s     dkB/s   drqm/s  %drqm d_await dareq-sz     f/s f_await  aqu-sz  %util
nvme0n1p3        0.00      0.00     0.00   0.00    0.00     0.00 3145.00 357888.00     0.00   0.00    1.69   113.80    0.00      0.00     0.00   0.00    0.00     0.00    0.00    0.00    5.32  85.50
nvme0n1p4        0.00      0.00     0.00   0.00    0.00     0.00 3114.00 357340.00     0.00   0.00    1.51   114.75    0.00      0.00     0.00   0.00    0.00     0.00    0.00    0.00    4.69  84.80
nvme0n1p5        0.00      0.00     0.00   0.00    0.00     0.00 3118.00 355812.00     0.00   0.00    1.83   114.12    0.00      0.00     0.00   0.00    0.00     0.00    0.00    0.00    5.69  85.50


avg-cpu:  %user   %nice %system %iowait  %steal   %idle
          43.89    0.00   15.52    7.55    0.00   33.04

Device            r/s     rkB/s   rrqm/s  %rrqm r_await rareq-sz     w/s     wkB/s   wrqm/s  %wrqm w_await wareq-sz     d/s     dkB/s   drqm/s  %drqm d_await dareq-sz     f/s f_await  aqu-sz  %util
nvme0n1p3        0.00      0.00     0.00   0.00    0.00     0.00 2966.00 336312.00     0.00   0.00    1.29   113.39    0.00      0.00     0.00   0.00    0.00     0.00    0.00    0.00    3.83  78.80
nvme0n1p4        0.00      0.00     0.00   0.00    0.00     0.00 3010.00 341920.00     0.00   0.00    1.13   113.59    0.00      0.00     0.00   0.00    0.00     0.00    0.00    0.00    3.41  79.10
nvme0n1p5        0.00      0.00     0.00   0.00    0.00     0.00 3037.00 341224.00     0.00   0.00    1.27   112.36    0.00      0.00     0.00   0.00    0.00     0.00    0.00    0.00    3.86  80.90


avg-cpu:  %user   %nice %system %iowait  %steal   %idle
          43.79    0.00   14.83    8.28    0.00   33.10

Device            r/s     rkB/s   rrqm/s  %rrqm r_await rareq-sz     w/s     wkB/s   wrqm/s  %wrqm w_await wareq-sz     d/s     dkB/s   drqm/s  %drqm d_await dareq-sz     f/s f_await  aqu-sz  %util
nvme0n1p3        0.00      0.00     0.00   0.00    0.00     0.00 3031.00 339464.00     0.00   0.00    1.51   112.00    0.00      0.00     0.00   0.00    0.00     0.00    0.00    0.00    4.59  79.70
nvme0n1p4        0.00      0.00     0.00   0.00    0.00     0.00 2969.00 334272.00     0.00   0.00    1.49   112.59    0.00      0.00     0.00   0.00    0.00     0.00    0.00    0.00    4.44  80.50
nvme0n1p5        0.00      0.00     0.00   0.00    0.00     0.00 2964.00 336564.00     0.00   0.00    1.66   113.55    0.00      0.00     0.00   0.00    0.00     0.00    0.00    0.00    4.91  80.90


avg-cpu:  %user   %nice %system %iowait  %steal   %idle
          40.12    0.00   13.52    8.98    0.00   37.38

Device            r/s     rkB/s   rrqm/s  %rrqm r_await rareq-sz     w/s     wkB/s   wrqm/s  %wrqm w_await wareq-sz     d/s     dkB/s   drqm/s  %drqm d_await dareq-sz     f/s f_await  aqu-sz  %util
nvme0n1p3        0.00      0.00     0.00   0.00    0.00     0.00 2952.00 334264.00     0.00   0.00    1.36   113.23    0.00      0.00     0.00   0.00    0.00     0.00    0.00    0.00    4.02  83.10
nvme0n1p4        0.00      0.00     0.00   0.00    0.00     0.00 2948.00 336280.00     0.00   0.00    1.64   114.07    0.00      0.00     0.00   0.00    0.00     0.00    0.00    0.00    4.84  85.70
nvme0n1p5        0.00      0.00     0.00   0.00    0.00     0.00 2965.00 335284.00     0.00   0.00    1.80   113.08    0.00      0.00     0.00   0.00    0.00     0.00    0.00    0.00    5.35  85.50


avg-cpu:  %user   %nice %system %iowait  %steal   %idle
          42.55    0.00   13.61    9.04    0.00   34.80

Device            r/s     rkB/s   rrqm/s  %rrqm r_await rareq-sz     w/s     wkB/s   wrqm/s  %wrqm w_await wareq-sz     d/s     dkB/s   drqm/s  %drqm d_await dareq-sz     f/s f_await  aqu-sz  %util
nvme0n1p3        0.00      0.00     0.00   0.00    0.00     0.00 3023.00 344656.00     0.00   0.00    1.26   114.01    0.00      0.00     0.00   0.00    0.00     0.00    0.00    0.00    3.80  82.90
nvme0n1p4        0.00      0.00     0.00   0.00    0.00     0.00 3028.00 344540.00     0.00   0.00    2.30   113.78    0.00      0.00     0.00   0.00    0.00     0.00    0.00    0.00    6.97  83.40
nvme0n1p5        0.00      0.00     0.00   0.00    0.00     0.00 3025.00 342748.00     0.00   0.00    1.88   113.31    0.00      0.00     0.00   0.00    0.00     0.00    0.00    0.00    5.69  83.60


avg-cpu:  %user   %nice %system %iowait  %steal   %idle
          39.79    0.00   12.75    9.22    0.00   38.24

Device            r/s     rkB/s   rrqm/s  %rrqm r_await rareq-sz     w/s     wkB/s   wrqm/s  %wrqm w_await wareq-sz     d/s     dkB/s   drqm/s  %drqm d_await dareq-sz     f/s f_await  aqu-sz  %util
nvme0n1p3        0.00      0.00     0.00   0.00    0.00     0.00 2263.00 258132.00     0.00   0.00    2.83   114.07    0.00      0.00     0.00   0.00    0.00     0.00    0.00    0.00    6.41  81.50
nvme0n1p4        0.00      0.00     0.00   0.00    0.00     0.00 2281.00 259180.00     0.00   0.00    1.64   113.63    0.00      0.00     0.00   0.00    0.00     0.00    0.00    0.00    3.75  83.10
nvme0n1p5        0.00      0.00     0.00   0.00    0.00     0.00 2302.00 260980.00     0.00   0.00    1.39   113.37    0.00      0.00     0.00   0.00    0.00     0.00    0.00    0.00    3.20  82.80


avg-cpu:  %user   %nice %system %iowait  %steal   %idle
          44.10    0.00   15.07    8.18    0.00   32.64

Device            r/s     rkB/s   rrqm/s  %rrqm r_await rareq-sz     w/s     wkB/s   wrqm/s  %wrqm w_await wareq-sz     d/s     dkB/s   drqm/s  %drqm d_await dareq-sz     f/s f_await  aqu-sz  %util
nvme0n1p3        0.00      0.00     0.00   0.00    0.00     0.00 2755.00 309608.00     0.00   0.00    1.38   112.38    0.00      0.00     0.00   0.00    0.00     0.00    0.00    0.00    3.81  80.50
nvme0n1p4        0.00      0.00     0.00   0.00    0.00     0.00 2736.00 308572.00     0.00   0.00    1.60   112.78    0.00      0.00     0.00   0.00    0.00     0.00    0.00    0.00    4.38  80.00
nvme0n1p5        0.00      0.00     0.00   0.00    0.00     0.00 2732.00 308556.00     0.00   0.00    1.70   112.94    0.00      0.00     0.00   0.00    0.00     0.00    0.00    0.00    4.65  79.70


avg-cpu:  %user   %nice %system %iowait  %steal   %idle
          44.02    0.00   14.47    7.28    0.00   34.23

Device            r/s     rkB/s   rrqm/s  %rrqm r_await rareq-sz     w/s     wkB/s   wrqm/s  %wrqm w_await wareq-sz     d/s     dkB/s   drqm/s  %drqm d_await dareq-sz     f/s f_await  aqu-sz  %util
nvme0n1p3        0.00      0.00     0.00   0.00    0.00     0.00 3104.00 346688.00     0.00   0.00    1.41   111.69    0.00      0.00     0.00   0.00    0.00     0.00    0.00    0.00    4.37  78.90
nvme0n1p4        0.00      0.00     0.00   0.00    0.00     0.00 3108.00 345680.00     0.00   0.00    1.45   111.22    0.00      0.00     0.00   0.00    0.00     0.00    0.00    0.00    4.51  78.60
nvme0n1p5        0.00      0.00     0.00   0.00    0.00     0.00 3071.00 344612.00     0.00   0.00    1.64   112.21    0.00      0.00     0.00   0.00    0.00     0.00    0.00    0.00    5.03  78.90


avg-cpu:  %user   %nice %system %iowait  %steal   %idle
          41.34    0.00   11.63    9.39    0.00   37.64

Device            r/s     rkB/s   rrqm/s  %rrqm r_await rareq-sz     w/s     wkB/s   wrqm/s  %wrqm w_await wareq-sz     d/s     dkB/s   drqm/s  %drqm d_await dareq-sz     f/s f_await  aqu-sz  %util
nvme0n1p3        0.00      0.00     0.00   0.00    0.00     0.00 2416.00 278916.00     0.00   0.00    2.38   115.45    0.00      0.00     0.00   0.00    0.00     0.00    0.00    0.00    5.75  91.50
nvme0n1p4        0.00      0.00     0.00   0.00    0.00     0.00 2424.00 277652.00     0.00   0.00    2.57   114.54    0.00      0.00     0.00   0.00    0.00     0.00    0.00    0.00    6.23  90.50
nvme0n1p5        0.00      0.00     0.00   0.00    0.00     0.00 2428.00 279692.00     0.00   0.00    2.55   115.19    0.00      0.00     0.00   0.00    0.00     0.00    0.00    0.00    6.19  91.40


avg-cpu:  %user   %nice %system %iowait  %steal   %idle
          40.75    0.00   11.82   10.19    0.00   37.24

Device            r/s     rkB/s   rrqm/s  %rrqm r_await rareq-sz     w/s     wkB/s   wrqm/s  %wrqm w_await wareq-sz     d/s     dkB/s   drqm/s  %drqm d_await dareq-sz     f/s f_await  aqu-sz  %util
nvme0n1p3        0.00      0.00     0.00   0.00    0.00     0.00 2201.00 252696.00     0.00   0.00    3.52   114.81    0.00      0.00     0.00   0.00    0.00     0.00    0.00    0.00    7.74  90.00
nvme0n1p4        0.00      0.00     0.00   0.00    0.00     0.00 2206.00 252952.00     0.00   0.00    3.61   114.67    0.00      0.00     0.00   0.00    0.00     0.00    0.00    0.00    7.97  90.30
nvme0n1p5        0.00      0.00     0.00   0.00    0.00     0.00 2207.00 254736.00     0.00   0.00    3.00   115.42    0.00      0.00     0.00   0.00    0.00     0.00    0.00    0.00    6.62  89.90


avg-cpu:  %user   %nice %system %iowait  %steal   %idle
          44.50    0.00   14.52    8.08    0.00   32.90

Device            r/s     rkB/s   rrqm/s  %rrqm r_await rareq-sz     w/s     wkB/s   wrqm/s  %wrqm w_await wareq-sz     d/s     dkB/s   drqm/s  %drqm d_await dareq-sz     f/s f_await  aqu-sz  %util
nvme0n1p3        0.00      0.00     0.00   0.00    0.00     0.00 2456.00 270596.00     0.00   0.00    1.61   110.18    0.00      0.00     0.00   0.00    0.00     0.00    0.00    0.00    3.96  77.90
nvme0n1p4        0.00      0.00     0.00   0.00    0.00     0.00 2437.00 271572.00     0.00   0.00    1.55   111.44    0.00      0.00     0.00   0.00    0.00     0.00    0.00    0.00    3.79  77.40
nvme0n1p5        0.00      0.00     0.00   0.00    0.00     0.00 2409.00 267744.00     0.00   0.00    1.67   111.14    0.00      0.00     0.00   0.00    0.00     0.00    0.00    0.00    4.03  75.70


avg-cpu:  %user   %nice %system %iowait  %steal   %idle
          45.10    0.00   14.60    9.11    0.00   31.19

Device            r/s     rkB/s   rrqm/s  %rrqm r_await rareq-sz     w/s     wkB/s   wrqm/s  %wrqm w_await wareq-sz     d/s     dkB/s   drqm/s  %drqm d_await dareq-sz     f/s f_await  aqu-sz  %util
nvme0n1p3        0.00      0.00     0.00   0.00    0.00     0.00 2945.00 330168.00     0.00   0.00    1.12   112.11    0.00      0.00     0.00   0.00    0.00     0.00    0.00    0.00    3.29  76.50
nvme0n1p4        0.00      0.00     0.00   0.00    0.00     0.00 2932.00 330172.00     0.00   0.00    0.98   112.61    0.00      0.00     0.00   0.00    0.00     0.00    0.00    0.00    2.88  78.70
nvme0n1p5        0.00      0.00     0.00   0.00    0.00     0.00 2936.00 330156.00     0.00   0.00    1.05   112.45    0.00      0.00     0.00   0.00    0.00     0.00    0.00    0.00    3.09  76.60


avg-cpu:  %user   %nice %system %iowait  %steal   %idle
          47.16    0.00   14.40    6.90    0.00   31.55

Device            r/s     rkB/s   rrqm/s  %rrqm r_await rareq-sz     w/s     wkB/s   wrqm/s  %wrqm w_await wareq-sz     d/s     dkB/s   drqm/s  %drqm d_await dareq-sz     f/s f_await  aqu-sz  %util
nvme0n1p3        0.00      0.00     0.00   0.00    0.00     0.00 2552.00 289036.00     1.00   0.04    2.27   113.26    0.00      0.00     0.00   0.00    0.00     0.00    0.00    0.00    5.80  78.20
nvme0n1p4        0.00      0.00     0.00   0.00    0.00     0.00 2592.00 289080.00     0.00   0.00    2.04   111.53    0.00      0.00     0.00   0.00    0.00     0.00    0.00    0.00    5.28  81.00
nvme0n1p5        0.00      0.00     0.00   0.00    0.00     0.00 2579.00 292116.00     0.00   0.00    1.57   113.27    0.00      0.00     0.00   0.00    0.00     0.00    0.00    0.00    4.06  79.00


avg-cpu:  %user   %nice %system %iowait  %steal   %idle
          46.50    0.00   11.32    9.85    0.00   32.32

Device            r/s     rkB/s   rrqm/s  %rrqm r_await rareq-sz     w/s     wkB/s   wrqm/s  %wrqm w_await wareq-sz     d/s     dkB/s   drqm/s  %drqm d_await dareq-sz     f/s f_await  aqu-sz  %util
nvme0n1p3        0.00      0.00     0.00   0.00    0.00     0.00 2305.00 260212.00     0.00   0.00    2.10   112.89    0.00      0.00     0.00   0.00    0.00     0.00    0.00    0.00    4.85  83.10
nvme0n1p4        0.00      0.00     0.00   0.00    0.00     0.00 2299.00 261232.00     0.00   0.00    2.16   113.63    0.00      0.00     0.00   0.00    0.00     0.00    0.00    0.00    4.97  81.50
nvme0n1p5        0.00      0.00     0.00   0.00    0.00     0.00 2252.00 257732.00     0.00   0.00    1.58   114.45    0.00      0.00     0.00   0.00    0.00     0.00    0.00    0.00    3.56  82.70


avg-cpu:  %user   %nice %system %iowait  %steal   %idle
          47.03    0.00   15.93    7.32    0.00   29.72

Device            r/s     rkB/s   rrqm/s  %rrqm r_await rareq-sz     w/s     wkB/s   wrqm/s  %wrqm w_await wareq-sz     d/s     dkB/s   drqm/s  %drqm d_await dareq-sz     f/s f_await  aqu-sz  %util
nvme0n1p3        0.00      0.00     0.00   0.00    0.00     0.00 2694.00 306720.00     0.00   0.00    1.35   113.85    0.00      0.00     0.00   0.00    0.00     0.00    0.00    0.00    3.65  77.20
nvme0n1p4        0.00      0.00     0.00   0.00    0.00     0.00 2687.00 304416.00     0.00   0.00    1.52   113.29    0.00      0.00     0.00   0.00    0.00     0.00    0.00    0.00    4.08  78.90
nvme0n1p5        0.00      0.00     0.00   0.00    0.00     0.00 2693.00 305828.00     0.00   0.00    1.32   113.56    0.00      0.00     0.00   0.00    0.00     0.00    0.00    0.00    3.57  79.10


avg-cpu:  %user   %nice %system %iowait  %steal   %idle
          48.17    0.00   10.91    7.33    0.00   33.59

Device            r/s     rkB/s   rrqm/s  %rrqm r_await rareq-sz     w/s     wkB/s   wrqm/s  %wrqm w_await wareq-sz     d/s     dkB/s   drqm/s  %drqm d_await dareq-sz     f/s f_await  aqu-sz  %util
nvme0n1p3        0.00      0.00     0.00   0.00    0.00     0.00 2582.00 292864.00     0.00   0.00    3.39   113.43    0.00      0.00     0.00   0.00    0.00     0.00    0.00    0.00    8.76  82.00
nvme0n1p4        0.00      0.00     0.00   0.00    0.00     0.00 2634.00 296596.00     0.00   0.00    3.18   112.60    0.00      0.00     0.00   0.00    0.00     0.00    0.00    0.00    8.37  83.60
nvme0n1p5        0.00      0.00     0.00   0.00    0.00     0.00 2572.00 290036.00     0.00   0.00    1.83   112.77    0.00      0.00     0.00   0.00    0.00     0.00    0.00    0.00    4.70  82.00


avg-cpu:  %user   %nice %system %iowait  %steal   %idle
          53.77    0.00    8.99    7.19    0.00   30.05

Device            r/s     rkB/s   rrqm/s  %rrqm r_await rareq-sz     w/s     wkB/s   wrqm/s  %wrqm w_await wareq-sz     d/s     dkB/s   drqm/s  %drqm d_await dareq-sz     f/s f_await  aqu-sz  %util
nvme0n1p3        0.00      0.00     0.00   0.00    0.00     0.00 2316.00 264272.00     0.00   0.00    2.21   114.11    0.00      0.00     0.00   0.00    0.00     0.00    0.00    0.00    5.12  87.10
nvme0n1p4        0.00      0.00     0.00   0.00    0.00     0.00 2289.00 260816.00     0.00   0.00    2.68   113.94    0.00      0.00     0.00   0.00    0.00     0.00    0.00    0.00    6.13  88.20
nvme0n1p5        0.00      0.00     0.00   0.00    0.00     0.00 2371.00 268436.00     0.00   0.00    2.17   113.22    0.00      0.00     0.00   0.00    0.00     0.00    0.00    0.00    5.15  86.20


avg-cpu:  %user   %nice %system %iowait  %steal   %idle
          50.21    0.00   10.66    8.53    0.00   30.61

Device            r/s     rkB/s   rrqm/s  %rrqm r_await rareq-sz     w/s     wkB/s   wrqm/s  %wrqm w_await wareq-sz     d/s     dkB/s   drqm/s  %drqm d_await dareq-sz     f/s f_await  aqu-sz  %util
nvme0n1p3        0.00      0.00     0.00   0.00    0.00     0.00 2711.00 309548.00     0.00   0.00    1.64   114.18    0.00      0.00     0.00   0.00    0.00     0.00    0.00    0.00    4.45  88.20
nvme0n1p4        0.00      0.00     0.00   0.00    0.00     0.00 2724.00 312104.00     0.00   0.00    2.09   114.58    0.00      0.00     0.00   0.00    0.00     0.00    0.00    0.00    5.68  86.90
nvme0n1p5        0.00      0.00     0.00   0.00    0.00     0.00 2723.00 310060.00     0.00   0.00    3.07   113.87    0.00      0.00     0.00   0.00    0.00     0.00    0.00    0.00    8.36  87.20


avg-cpu:  %user   %nice %system %iowait  %steal   %idle
          41.48    0.00    8.09    9.11    0.00   41.31

Device            r/s     rkB/s   rrqm/s  %rrqm r_await rareq-sz     w/s     wkB/s   wrqm/s  %wrqm w_await wareq-sz     d/s     dkB/s   drqm/s  %drqm d_await dareq-sz     f/s f_await  aqu-sz  %util
nvme0n1p3        0.00      0.00     0.00   0.00    0.00     0.00 2339.00 265356.00     0.00   0.00    2.48   113.45    0.00      0.00     0.00   0.00    0.00     0.00    0.00    0.00    5.80  88.70
nvme0n1p4        0.00      0.00     0.00   0.00    0.00     0.00 2347.00 260832.00     0.00   0.00    4.00   111.13    0.00      0.00     0.00   0.00    0.00     0.00    0.00    0.00    9.39  89.90
nvme0n1p5        0.00      0.00     0.00   0.00    0.00     0.00 2334.00 263200.00     1.00   0.04    4.52   112.77    0.00      0.00     0.00   0.00    0.00     0.00    0.00    0.00   10.55  86.90


avg-cpu:  %user   %nice %system %iowait  %steal   %idle
          48.16    0.00    9.48   10.08    0.00   32.28

Device            r/s     rkB/s   rrqm/s  %rrqm r_await rareq-sz     w/s     wkB/s   wrqm/s  %wrqm w_await wareq-sz     d/s     dkB/s   drqm/s  %drqm d_await dareq-sz     f/s f_await  aqu-sz  %util
nvme0n1p3        0.00      0.00     0.00   0.00    0.00     0.00 2502.00 284868.00     0.00   0.00    3.10   113.86    0.00      0.00     0.00   0.00    0.00     0.00    0.00    0.00    7.76  89.10
nvme0n1p4        0.00      0.00     0.00   0.00    0.00     0.00 2552.00 287980.00     0.00   0.00    2.53   112.84    0.00      0.00     0.00   0.00    0.00     0.00    0.00    0.00    6.46  88.70
nvme0n1p5        0.00      0.00     0.00   0.00    0.00     0.00 2517.00 287544.00     0.00   0.00    2.26   114.24    0.00      0.00     0.00   0.00    0.00     0.00    0.00    0.00    5.68  88.90


avg-cpu:  %user   %nice %system %iowait  %steal   %idle
          39.67    0.00   11.65   10.71    0.00   37.96

Device            r/s     rkB/s   rrqm/s  %rrqm r_await rareq-sz     w/s     wkB/s   wrqm/s  %wrqm w_await wareq-sz     d/s     dkB/s   drqm/s  %drqm d_await dareq-sz     f/s f_await  aqu-sz  %util
nvme0n1p3        0.00      0.00     0.00   0.00    0.00     0.00 2299.00 264652.00     0.00   0.00    2.12   115.12    0.00      0.00     0.00   0.00    0.00     0.00    0.00    0.00    4.88  88.50
nvme0n1p4        0.00      0.00     0.00   0.00    0.00     0.00 2314.00 264296.00     0.00   0.00    2.61   114.22    0.00      0.00     0.00   0.00    0.00     0.00    0.00    0.00    6.03  87.90
nvme0n1p5        0.00      0.00     0.00   0.00    0.00     0.00 2304.00 263264.00     0.00   0.00    1.90   114.26    0.00      0.00     0.00   0.00    0.00     0.00    0.00    0.00    4.38  90.00


avg-cpu:  %user   %nice %system %iowait  %steal   %idle
          39.76    0.00   10.50   11.27    0.00   38.47

Device            r/s     rkB/s   rrqm/s  %rrqm r_await rareq-sz     w/s     wkB/s   wrqm/s  %wrqm w_await wareq-sz     d/s     dkB/s   drqm/s  %drqm d_await dareq-sz     f/s f_await  aqu-sz  %util
nvme0n1p3        0.00      0.00     0.00   0.00    0.00     0.00 2036.00 232800.00     0.00   0.00    4.08   114.34    0.00      0.00     0.00   0.00    0.00     0.00    0.00    0.00    8.30  88.20
nvme0n1p4        0.00      0.00     0.00   0.00    0.00     0.00 2034.00 231392.00     0.00   0.00    3.53   113.76    0.00      0.00     0.00   0.00    0.00     0.00    0.00    0.00    7.18  87.50
nvme0n1p5        0.00      0.00     0.00   0.00    0.00     0.00 1996.00 228296.00     0.00   0.00    3.50   114.38    0.00      0.00     0.00   0.00    0.00     0.00    0.00    0.00    6.98  86.80


avg-cpu:  %user   %nice %system %iowait  %steal   %idle
          41.62    0.00   14.19    8.00    0.00   36.20

Device            r/s     rkB/s   rrqm/s  %rrqm r_await rareq-sz     w/s     wkB/s   wrqm/s  %wrqm w_await wareq-sz     d/s     dkB/s   drqm/s  %drqm d_await dareq-sz     f/s f_await  aqu-sz  %util
nvme0n1p3        0.00      0.00     0.00   0.00    0.00     0.00 2754.00 312160.00     0.00   0.00    1.16   113.35    0.00      0.00     0.00   0.00    0.00     0.00    0.00    0.00    3.21  79.90
nvme0n1p4        0.00      0.00     0.00   0.00    0.00     0.00 2782.00 313720.00     0.00   0.00    2.04   112.77    0.00      0.00     0.00   0.00    0.00     0.00    0.00    0.00    5.67  78.20
nvme0n1p5        0.00      0.00     0.00   0.00    0.00     0.00 2814.00 316800.00     0.00   0.00    1.82   112.58    0.00      0.00     0.00   0.00    0.00     0.00    0.00    0.00    5.12  78.20


avg-cpu:  %user   %nice %system %iowait  %steal   %idle
          40.58    0.00   13.67    7.14    0.00   38.61

Device            r/s     rkB/s   rrqm/s  %rrqm r_await rareq-sz     w/s     wkB/s   wrqm/s  %wrqm w_await wareq-sz     d/s     dkB/s   drqm/s  %drqm d_await dareq-sz     f/s f_await  aqu-sz  %util
nvme0n1p3        0.00      0.00     0.00   0.00    0.00     0.00 2420.00 275368.00     0.00   0.00    2.18   113.79    0.00      0.00     0.00   0.00    0.00     0.00    0.00    0.00    5.28  85.80
nvme0n1p4        0.00      0.00     0.00   0.00    0.00     0.00 2414.00 274076.00     0.00   0.00    2.51   113.54    0.00      0.00     0.00   0.00    0.00     0.00    0.00    0.00    6.07  85.10
nvme0n1p5        0.00      0.00     0.00   0.00    0.00     0.00 2417.00 275624.00     0.00   0.00    2.96   114.04    0.00      0.00     0.00   0.00    0.00     0.00    0.00    0.00    7.15  86.20


avg-cpu:  %user   %nice %system %iowait  %steal   %idle
          33.85    0.00   10.14   10.91    0.00   45.10

Device            r/s     rkB/s   rrqm/s  %rrqm r_await rareq-sz     w/s     wkB/s   wrqm/s  %wrqm w_await wareq-sz     d/s     dkB/s   drqm/s  %drqm d_await dareq-sz     f/s f_await  aqu-sz  %util
nvme0n1p3        0.00      0.00     0.00   0.00    0.00     0.00 1857.00 212980.00     0.00   0.00    3.56   114.69    0.00      0.00     0.00   0.00    0.00     0.00    0.00    0.00    6.61  89.00
nvme0n1p4        0.00      0.00     0.00   0.00    0.00     0.00 1854.00 212332.00     0.00   0.00    5.15   114.53    0.00      0.00     0.00   0.00    0.00     0.00    0.00    0.00    9.56  88.80
nvme0n1p5        0.00      0.00     0.00   0.00    0.00     0.00 1852.00 210804.00     0.00   0.00    4.78   113.83    0.00      0.00     0.00   0.00    0.00     0.00    0.00    0.00    8.86  89.40


avg-cpu:  %user   %nice %system %iowait  %steal   %idle
          46.90    0.00   13.17   10.62    0.00   29.31

Device            r/s     rkB/s   rrqm/s  %rrqm r_await rareq-sz     w/s     wkB/s   wrqm/s  %wrqm w_await wareq-sz     d/s     dkB/s   drqm/s  %drqm d_await dareq-sz     f/s f_await  aqu-sz  %util
nvme0n1p3        0.00      0.00     0.00   0.00    0.00     0.00 2913.00 329012.00     0.00   0.00    0.92   112.95    0.00      0.00     0.00   0.00    0.00     0.00    0.00    0.00    2.69  78.20
nvme0n1p4        0.00      0.00     0.00   0.00    0.00     0.00 2920.00 329788.00     0.00   0.00    2.20   112.94    0.00      0.00     0.00   0.00    0.00     0.00    0.00    0.00    6.43  77.50
nvme0n1p5        0.00      0.00     0.00   0.00    0.00     0.00 2922.00 331440.00     1.00   0.03    2.10   113.43    0.00      0.00     0.00   0.00    0.00     0.00    0.00    0.00    6.13  74.00


avg-cpu:  %user   %nice %system %iowait  %steal   %idle
          38.26    0.00   11.23   10.19    0.00   40.33

Device            r/s     rkB/s   rrqm/s  %rrqm r_await rareq-sz     w/s     wkB/s   wrqm/s  %wrqm w_await wareq-sz     d/s     dkB/s   drqm/s  %drqm d_await dareq-sz     f/s f_await  aqu-sz  %util
nvme0n1p3        0.00      0.00     0.00   0.00    0.00     0.00 2261.00 261148.00     0.00   0.00    3.04   115.50    0.00      0.00     0.00   0.00    0.00     0.00    0.00    0.00    6.88  91.30
nvme0n1p4        0.00      0.00     0.00   0.00    0.00     0.00 2270.00 262572.00     0.00   0.00    3.22   115.67    0.00      0.00     0.00   0.00    0.00     0.00    0.00    0.00    7.30  91.30
nvme0n1p5        0.00      0.00     0.00   0.00    0.00     0.00 2276.00 261948.00     0.00   0.00    2.99   115.09    0.00      0.00     0.00   0.00    0.00     0.00    0.00    0.00    6.79  91.80


avg-cpu:  %user   %nice %system %iowait  %steal   %idle
          43.10    0.00   14.05    8.15    0.00   34.69

Device            r/s     rkB/s   rrqm/s  %rrqm r_await rareq-sz     w/s     wkB/s   wrqm/s  %wrqm w_await wareq-sz     d/s     dkB/s   drqm/s  %drqm d_await dareq-sz     f/s f_await  aqu-sz  %util
nvme0n1p3        0.00      0.00     0.00   0.00    0.00     0.00 2738.00 308584.00     0.00   0.00    1.69   112.70    0.00      0.00     0.00   0.00    0.00     0.00    0.00    0.00    4.64  79.20
nvme0n1p4        0.00      0.00     0.00   0.00    0.00     0.00 2734.00 305552.00     0.00   0.00    2.04   111.76    0.00      0.00     0.00   0.00    0.00     0.00    0.00    0.00    5.58  81.80
nvme0n1p5        0.00      0.00     0.00   0.00    0.00     0.00 2719.00 302476.00     0.00   0.00    2.04   111.25    0.00      0.00     0.00   0.00    0.00     0.00    0.00    0.00    5.54  82.00


avg-cpu:  %user   %nice %system %iowait  %steal   %idle
          41.34    0.00   14.38    8.61    0.00   35.66

Device            r/s     rkB/s   rrqm/s  %rrqm r_await rareq-sz     w/s     wkB/s   wrqm/s  %wrqm w_await wareq-sz     d/s     dkB/s   drqm/s  %drqm d_await dareq-sz     f/s f_await  aqu-sz  %util
nvme0n1p3        0.00      0.00     0.00   0.00    0.00     0.00 2868.00 322972.00     0.00   0.00    1.13   112.61    0.00      0.00     0.00   0.00    0.00     0.00    0.00    0.00    3.25  79.20
nvme0n1p4        0.00      0.00     0.00   0.00    0.00     0.00 2868.00 321976.00     0.00   0.00    1.41   112.26    0.00      0.00     0.00   0.00    0.00     0.00    0.00    0.00    4.04  79.50
nvme0n1p5        0.00      0.00     0.00   0.00    0.00     0.00 2907.00 327088.00     0.00   0.00    1.33   112.52    0.00      0.00     0.00   0.00    0.00     0.00    0.00    0.00    3.87  79.10


avg-cpu:  %user   %nice %system %iowait  %steal   %idle
          44.68    0.00   10.98    7.98    0.00   36.36

Device            r/s     rkB/s   rrqm/s  %rrqm r_await rareq-sz     w/s     wkB/s   wrqm/s  %wrqm w_await wareq-sz     d/s     dkB/s   drqm/s  %drqm d_await dareq-sz     f/s f_await  aqu-sz  %util
nvme0n1p3        0.00      0.00     0.00   0.00    0.00     0.00 2436.00 275636.00     0.00   0.00    2.22   113.15    0.00      0.00     0.00   0.00    0.00     0.00    0.00    0.00    5.41  79.80
nvme0n1p4        0.00      0.00     0.00   0.00    0.00     0.00 2453.00 277684.00     0.00   0.00    1.69   113.20    0.00      0.00     0.00   0.00    0.00     0.00    0.00    0.00    4.14  80.10
nvme0n1p5        0.00      0.00     0.00   0.00    0.00     0.00 2436.00 272560.00     0.00   0.00    1.88   111.89    0.00      0.00     0.00   0.00    0.00     0.00    0.00    0.00    4.58  81.90


avg-cpu:  %user   %nice %system %iowait  %steal   %idle
          26.02    0.00    6.66    2.82    0.00   64.51

Device            r/s     rkB/s   rrqm/s  %rrqm r_await rareq-sz     w/s     wkB/s   wrqm/s  %wrqm w_await wareq-sz     d/s     dkB/s   drqm/s  %drqm d_await dareq-sz     f/s f_await  aqu-sz  %util
nvme0n1p3        0.00      0.00     0.00   0.00    0.00     0.00 1224.00 133804.00     0.00   0.00    1.63   109.32    0.00      0.00     0.00   0.00    0.00     0.00    0.00    0.00    2.00  31.20
nvme0n1p4        0.00      0.00     0.00   0.00    0.00     0.00 1254.00 134868.00     0.00   0.00    1.85   107.55    0.00      0.00     0.00   0.00    0.00     0.00    0.00    0.00    2.32  30.50
nvme0n1p5        0.00      0.00     0.00   0.00    0.00     0.00 1240.00 136868.00     0.00   0.00    2.05   110.38    0.00      0.00     0.00   0.00    0.00     0.00    0.00    0.00    2.55  30.90


avg-cpu:  %user   %nice %system %iowait  %steal   %idle
           8.50    0.00    1.11    0.09    0.00   90.31

Device            r/s     rkB/s   rrqm/s  %rrqm r_await rareq-sz     w/s     wkB/s   wrqm/s  %wrqm w_await wareq-sz     d/s     dkB/s   drqm/s  %drqm d_await dareq-sz     f/s f_await  aqu-sz  %util
nvme0n1p3        0.00      0.00     0.00   0.00    0.00     0.00    0.00      0.00     0.00   0.00    0.00     0.00    0.00      0.00     0.00   0.00    0.00     0.00    0.00    0.00    0.00   0.00
nvme0n1p4        0.00      0.00     0.00   0.00    0.00     0.00    0.00      0.00     0.00   0.00    0.00     0.00    0.00      0.00     0.00   0.00    0.00     0.00    0.00    0.00    0.00   0.00
nvme0n1p5        0.00      0.00     0.00   0.00    0.00     0.00    0.00      0.00     0.00   0.00    0.00     0.00    0.00      0.00     0.00   0.00    0.00     0.00    0.00    0.00    0.00   0.00


avg-cpu:  %user   %nice %system %iowait  %steal   %idle
           8.41    0.00    0.68    0.08    0.00   90.82

Device            r/s     rkB/s   rrqm/s  %rrqm r_await rareq-sz     w/s     wkB/s   wrqm/s  %wrqm w_await wareq-sz     d/s     dkB/s   drqm/s  %drqm d_await dareq-sz     f/s f_await  aqu-sz  %util
nvme0n1p3        0.00      0.00     0.00   0.00    0.00     0.00    0.00      0.00     0.00   0.00    0.00     0.00    0.00      0.00     0.00   0.00    0.00     0.00    0.00    0.00    0.00   0.00
nvme0n1p4        0.00      0.00     0.00   0.00    0.00     0.00    0.00      0.00     0.00   0.00    0.00     0.00    0.00      0.00     0.00   0.00    0.00     0.00    0.00    0.00    0.00   0.00
nvme0n1p5        0.00      0.00     0.00   0.00    0.00     0.00    0.00      0.00     0.00   0.00    0.00     0.00    0.00      0.00     0.00   0.00    0.00     0.00    0.00    0.00    0.00   0.00


avg-cpu:  %user   %nice %system %iowait  %steal   %idle
          12.81    0.00    2.71    0.17    0.00   84.31

Device            r/s     rkB/s   rrqm/s  %rrqm r_await rareq-sz     w/s     wkB/s   wrqm/s  %wrqm w_await wareq-sz     d/s     dkB/s   drqm/s  %drqm d_await dareq-sz     f/s f_await  aqu-sz  %util
nvme0n1p3        0.00      0.00     0.00   0.00    0.00     0.00    0.00      0.00     0.00   0.00    0.00     0.00    0.00      0.00     0.00   0.00    0.00     0.00    0.00    0.00    0.00   0.00
nvme0n1p4        0.00      0.00     0.00   0.00    0.00     0.00    0.00      0.00     0.00   0.00    0.00     0.00    0.00      0.00     0.00   0.00    0.00     0.00    0.00    0.00    0.00   0.00
nvme0n1p5        0.00      0.00     0.00   0.00    0.00     0.00    0.00      0.00     0.00   0.00    0.00     0.00    0.00      0.00     0.00   0.00    0.00     0.00    0.00    0.00    0.00   0.00


avg-cpu:  %user   %nice %system %iowait  %steal   %idle
          41.10    0.00   12.67    0.09    0.00   46.15

Device            r/s     rkB/s   rrqm/s  %rrqm r_await rareq-sz     w/s     wkB/s   wrqm/s  %wrqm w_await wareq-sz     d/s     dkB/s   drqm/s  %drqm d_await dareq-sz     f/s f_await  aqu-sz  %util
nvme0n1p3     3964.00 452608.00     0.00   0.00    0.23   114.18    0.00      0.00     0.00   0.00    0.00     0.00    0.00      0.00     0.00   0.00    0.00     0.00    0.00    0.00    0.93  18.60
nvme0n1p4     2890.00 331776.00     0.00   0.00    0.24   114.80    0.00      0.00     0.00   0.00    0.00     0.00    0.00      0.00     0.00   0.00    0.00     0.00    0.00    0.00    0.71  17.00
nvme0n1p5     5893.00 674176.00     0.00   0.00    0.23   114.40    0.00      0.00     0.00   0.00    0.00     0.00    0.00      0.00     0.00   0.00    0.00     0.00    0.00    0.00    1.37  27.20


avg-cpu:  %user   %nice %system %iowait  %steal   %idle
          48.05    0.00   16.62    0.09    0.00   35.24

Device            r/s     rkB/s   rrqm/s  %rrqm r_await rareq-sz     w/s     wkB/s   wrqm/s  %wrqm w_await wareq-sz     d/s     dkB/s   drqm/s  %drqm d_await dareq-sz     f/s f_await  aqu-sz  %util
nvme0n1p3     6128.00 720896.00     0.00   0.00    0.25   117.64    0.00      0.00     0.00   0.00    0.00     0.00    0.00      0.00     0.00   0.00    0.00     0.00    0.00    0.00    1.52  28.80
nvme0n1p4     4633.00 545792.00     0.00   0.00    0.25   117.81    0.00      0.00     0.00   0.00    0.00     0.00    0.00      0.00     0.00   0.00    0.00     0.00    0.00    0.00    1.18  24.70
nvme0n1p5     8215.00 964224.00     0.00   0.00    0.24   117.37    0.00      0.00     0.00   0.00    0.00     0.00    0.00      0.00     0.00   0.00    0.00     0.00    0.00    0.00    2.01  38.60


avg-cpu:  %user   %nice %system %iowait  %steal   %idle
          45.53    0.00   16.16    0.09    0.00   38.23

Device            r/s     rkB/s   rrqm/s  %rrqm r_await rareq-sz     w/s     wkB/s   wrqm/s  %wrqm w_await wareq-sz     d/s     dkB/s   drqm/s  %drqm d_await dareq-sz     f/s f_await  aqu-sz  %util
nvme0n1p3     6220.00 731136.00     0.00   0.00    0.25   117.55    0.00      0.00     0.00   0.00    0.00     0.00    0.00      0.00     0.00   0.00    0.00     0.00    0.00    0.00    1.55  27.10
nvme0n1p4     4896.00 579584.00     0.00   0.00    0.26   118.38    0.00      0.00     0.00   0.00    0.00     0.00    0.00      0.00     0.00   0.00    0.00     0.00    0.00    0.00    1.25  26.20
nvme0n1p5     8580.00 999424.00     0.00   0.00    0.24   116.48    0.00      0.00     0.00   0.00    0.00     0.00    0.00      0.00     0.00   0.00    0.00     0.00    0.00    0.00    2.08  41.70


avg-cpu:  %user   %nice %system %iowait  %steal   %idle
          52.84    0.00   15.66    0.00    0.00   31.50

Device            r/s     rkB/s   rrqm/s  %rrqm r_await rareq-sz     w/s     wkB/s   wrqm/s  %wrqm w_await wareq-sz     d/s     dkB/s   drqm/s  %drqm d_await dareq-sz     f/s f_await  aqu-sz  %util
nvme0n1p3     5800.00 691200.00     0.00   0.00    0.25   119.17    0.00      0.00     0.00   0.00    0.00     0.00    0.00      0.00     0.00   0.00    0.00     0.00    0.00    0.00    1.46  25.20
nvme0n1p4     4322.00 513024.00     0.00   0.00    0.25   118.70    0.00      0.00     0.00   0.00    0.00     0.00    0.00      0.00     0.00   0.00    0.00     0.00    0.00    0.00    1.08  23.80
nvme0n1p5     7858.00 925696.00     0.00   0.00    0.24   117.80    0.00      0.00     0.00   0.00    0.00     0.00    0.00      0.00     0.00   0.00    0.00     0.00    0.00    0.00    1.89  36.10


avg-cpu:  %user   %nice %system %iowait  %steal   %idle
          51.07    0.00   17.28    0.09    0.00   31.57

Device            r/s     rkB/s   rrqm/s  %rrqm r_await rareq-sz     w/s     wkB/s   wrqm/s  %wrqm w_await wareq-sz     d/s     dkB/s   drqm/s  %drqm d_await dareq-sz     f/s f_await  aqu-sz  %util
nvme0n1p3     6001.00 705536.00     0.00   0.00    0.25   117.57    0.00      0.00     0.00   0.00    0.00     0.00    0.00      0.00     0.00   0.00    0.00     0.00    0.00    0.00    1.51  26.50
nvme0n1p4     4575.00 540672.00     0.00   0.00    0.24   118.18    0.00      0.00     0.00   0.00    0.00     0.00    0.00      0.00     0.00   0.00    0.00     0.00    0.00    0.00    1.12  22.90
nvme0n1p5     8288.00 970752.00     0.00   0.00    0.24   117.13    0.00      0.00     0.00   0.00    0.00     0.00    0.00      0.00     0.00   0.00    0.00     0.00    0.00    0.00    1.99  40.10


avg-cpu:  %user   %nice %system %iowait  %steal   %idle
          50.04    0.00   17.51    0.09    0.00   32.37

Device            r/s     rkB/s   rrqm/s  %rrqm r_await rareq-sz     w/s     wkB/s   wrqm/s  %wrqm w_await wareq-sz     d/s     dkB/s   drqm/s  %drqm d_await dareq-sz     f/s f_await  aqu-sz  %util
nvme0n1p3     6167.00 730112.00     0.00   0.00    0.25   118.39    0.00      0.00     0.00   0.00    0.00     0.00    0.00      0.00     0.00   0.00    0.00     0.00    0.00    0.00    1.55  28.70
nvme0n1p4     4571.00 536576.00     0.00   0.00    0.25   117.39    0.00      0.00     0.00   0.00    0.00     0.00    0.00      0.00     0.00   0.00    0.00     0.00    0.00    0.00    1.13  24.10
nvme0n1p5     8279.00 967552.00     0.00   0.00    0.24   116.87    0.00      0.00     0.00   0.00    0.00     0.00    0.00      0.00     0.00   0.00    0.00     0.00    0.00    0.00    2.01  38.00


avg-cpu:  %user   %nice %system %iowait  %steal   %idle
          46.59    0.00   17.55    0.00    0.00   35.86

Device            r/s     rkB/s   rrqm/s  %rrqm r_await rareq-sz     w/s     wkB/s   wrqm/s  %wrqm w_await wareq-sz     d/s     dkB/s   drqm/s  %drqm d_await dareq-sz     f/s f_await  aqu-sz  %util
nvme0n1p3     6308.00 744448.00     0.00   0.00    0.25   118.02    0.00      0.00     0.00   0.00    0.00     0.00    0.00      0.00     0.00   0.00    0.00     0.00    0.00    0.00    1.60  29.50
nvme0n1p4     4918.00 581632.00     0.00   0.00    0.25   118.27    0.00      0.00     0.00   0.00    0.00     0.00    0.00      0.00     0.00   0.00    0.00     0.00    0.00    0.00    1.24  26.10
nvme0n1p5     8897.00 1031296.00     0.00   0.00    0.25   115.92    0.00      0.00     0.00   0.00    0.00     0.00    0.00      0.00     0.00   0.00    0.00     0.00    0.00    0.00    2.20  44.10


avg-cpu:  %user   %nice %system %iowait  %steal   %idle
          46.91    0.00   17.27    0.09    0.00   35.74

Device            r/s     rkB/s   rrqm/s  %rrqm r_await rareq-sz     w/s     wkB/s   wrqm/s  %wrqm w_await wareq-sz     d/s     dkB/s   drqm/s  %drqm d_await dareq-sz     f/s f_await  aqu-sz  %util
nvme0n1p3     6257.00 738304.00     0.00   0.00    0.25   118.00    0.00      0.00     0.00   0.00    0.00     0.00    0.00      0.00     0.00   0.00    0.00     0.00    0.00    0.00    1.55  30.00
nvme0n1p4     4606.00 542720.00     0.00   0.00    0.26   117.83    0.00      0.00     0.00   0.00    0.00     0.00    0.00      0.00     0.00   0.00    0.00     0.00    0.00    0.00    1.20  25.30
nvme0n1p5     8549.00 995328.00     0.00   0.00    0.25   116.43    0.00      0.00     0.00   0.00    0.00     0.00    0.00      0.00     0.00   0.00    0.00     0.00    0.00    0.00    2.10  40.10


avg-cpu:  %user   %nice %system %iowait  %steal   %idle
          45.20    0.00   17.11    0.00    0.00   37.68

Device            r/s     rkB/s   rrqm/s  %rrqm r_await rareq-sz     w/s     wkB/s   wrqm/s  %wrqm w_await wareq-sz     d/s     dkB/s   drqm/s  %drqm d_await dareq-sz     f/s f_await  aqu-sz  %util
nvme0n1p3     5933.00 699392.00     0.00   0.00    0.25   117.88    0.00      0.00     0.00   0.00    0.00     0.00    0.00      0.00     0.00   0.00    0.00     0.00    0.00    0.00    1.48  29.60
nvme0n1p4     4595.00 545792.00     0.00   0.00    0.25   118.78    0.00      0.00     0.00   0.00    0.00     0.00    0.00      0.00     0.00   0.00    0.00     0.00    0.00    0.00    1.17  24.60
nvme0n1p5     8577.00 1000448.00     0.00   0.00    0.24   116.64    0.00      0.00     0.00   0.00    0.00     0.00    0.00      0.00     0.00   0.00    0.00     0.00    0.00    0.00    2.08  40.80


avg-cpu:  %user   %nice %system %iowait  %steal   %idle
          46.31    0.00   17.44    0.09    0.00   36.17

Device            r/s     rkB/s   rrqm/s  %rrqm r_await rareq-sz     w/s     wkB/s   wrqm/s  %wrqm w_await wareq-sz     d/s     dkB/s   drqm/s  %drqm d_await dareq-sz     f/s f_await  aqu-sz  %util
nvme0n1p3     6085.00 716800.00     0.00   0.00    0.25   117.80    0.00      0.00     0.00   0.00    0.00     0.00    0.00      0.00     0.00   0.00    0.00     0.00    0.00    0.00    1.52  27.70
nvme0n1p4     4916.00 581632.00     0.00   0.00    0.25   118.31    0.00      0.00     0.00   0.00    0.00     0.00    0.00      0.00     0.00   0.00    0.00     0.00    0.00    0.00    1.25  25.10
nvme0n1p5     8927.00 1040512.00     1.00   0.01    0.24   116.56    0.00      0.00     0.00   0.00    0.00     0.00    0.00      0.00     0.00   0.00    0.00     0.00    0.00    0.00    2.17  39.20


avg-cpu:  %user   %nice %system %iowait  %steal   %idle
          47.42    0.00   16.61    0.00    0.00   35.97

Device            r/s     rkB/s   rrqm/s  %rrqm r_await rareq-sz     w/s     wkB/s   wrqm/s  %wrqm w_await wareq-sz     d/s     dkB/s   drqm/s  %drqm d_await dareq-sz     f/s f_await  aqu-sz  %util
nvme0n1p3     6408.00 754688.00     0.00   0.00    0.26   117.77    0.00      0.00     0.00   0.00    0.00     0.00    0.00      0.00     0.00   0.00    0.00     0.00    0.00    0.00    1.64  26.80
nvme0n1p4     4714.00 557056.00     0.00   0.00    0.25   118.17    0.00      0.00     0.00   0.00    0.00     0.00    0.00      0.00     0.00   0.00    0.00     0.00    0.00    0.00    1.17  25.40
nvme0n1p5     8622.00 1006464.00     0.00   0.00    0.24   116.73    0.00      0.00     0.00   0.00    0.00     0.00    0.00      0.00     0.00   0.00    0.00     0.00    0.00    0.00    2.10  39.60


avg-cpu:  %user   %nice %system %iowait  %steal   %idle
          52.37    0.00   15.19    0.09    0.00   32.36

Device            r/s     rkB/s   rrqm/s  %rrqm r_await rareq-sz     w/s     wkB/s   wrqm/s  %wrqm w_await wareq-sz     d/s     dkB/s   drqm/s  %drqm d_await dareq-sz     f/s f_await  aqu-sz  %util
nvme0n1p3     5937.00 702464.00     0.00   0.00    0.25   118.32    0.00      0.00     0.00   0.00    0.00     0.00    0.00      0.00     0.00   0.00    0.00     0.00    0.00    0.00    1.47  26.50
nvme0n1p4     4421.00 525312.00     0.00   0.00    0.25   118.82    0.00      0.00     0.00   0.00    0.00     0.00    0.00      0.00     0.00   0.00    0.00     0.00    0.00    0.00    1.11  22.90
nvme0n1p5     8110.00 949248.00     0.00   0.00    0.24   117.05    0.00      0.00     0.00   0.00    0.00     0.00    0.00      0.00     0.00   0.00    0.00     0.00    0.00    0.00    1.96  40.60


avg-cpu:  %user   %nice %system %iowait  %steal   %idle
          45.90    0.00   17.43    0.09    0.00   36.58

Device            r/s     rkB/s   rrqm/s  %rrqm r_await rareq-sz     w/s     wkB/s   wrqm/s  %wrqm w_await wareq-sz     d/s     dkB/s   drqm/s  %drqm d_await dareq-sz     f/s f_await  aqu-sz  %util
nvme0n1p3     6646.00 781312.00     0.00   0.00    0.25   117.56    0.00      0.00     0.00   0.00    0.00     0.00    0.00      0.00     0.00   0.00    0.00     0.00    0.00    0.00    1.67  30.40
nvme0n1p4     4671.00 549888.00     0.00   0.00    0.24   117.72    0.00      0.00     0.00   0.00    0.00     0.00    0.00      0.00     0.00   0.00    0.00     0.00    0.00    0.00    1.13  24.60
nvme0n1p5     8961.00 1045504.00     0.00   0.00    0.24   116.67    0.00      0.00     0.00   0.00    0.00     0.00    0.00      0.00     0.00   0.00    0.00     0.00    0.00    0.00    2.18  45.00


avg-cpu:  %user   %nice %system %iowait  %steal   %idle
          46.03    0.00   16.41    0.09    0.00   37.48

Device            r/s     rkB/s   rrqm/s  %rrqm r_await rareq-sz     w/s     wkB/s   wrqm/s  %wrqm w_await wareq-sz     d/s     dkB/s   drqm/s  %drqm d_await dareq-sz     f/s f_await  aqu-sz  %util
nvme0n1p3     6160.00 727040.00     0.00   0.00    0.26   118.03    0.00      0.00     0.00   0.00    0.00     0.00    0.00      0.00     0.00   0.00    0.00     0.00    0.00    0.00    1.59  28.00
nvme0n1p4     4415.00 520192.00     0.00   0.00    0.25   117.82    0.00      0.00     0.00   0.00    0.00     0.00    0.00      0.00     0.00   0.00    0.00     0.00    0.00    0.00    1.11  24.30
nvme0n1p5     8418.00 982144.00     0.00   0.00    0.24   116.67    0.00      0.00     0.00   0.00    0.00     0.00    0.00      0.00     0.00   0.00    0.00     0.00    0.00    0.00    2.06  38.50


avg-cpu:  %user   %nice %system %iowait  %steal   %idle
          48.93    0.00   16.34    0.00    0.00   34.74

Device            r/s     rkB/s   rrqm/s  %rrqm r_await rareq-sz     w/s     wkB/s   wrqm/s  %wrqm w_await wareq-sz     d/s     dkB/s   drqm/s  %drqm d_await dareq-sz     f/s f_await  aqu-sz  %util
nvme0n1p3     6372.00 748544.00     0.00   0.00    0.25   117.47    0.00      0.00     0.00   0.00    0.00     0.00    0.00      0.00     0.00   0.00    0.00     0.00    0.00    0.00    1.57  31.60
nvme0n1p4     5156.00 609280.00     0.00   0.00    0.26   118.17    0.00      0.00     0.00   0.00    0.00     0.00    0.00      0.00     0.00   0.00    0.00     0.00    0.00    0.00    1.32  27.00
nvme0n1p5     8601.00 1009536.00     0.00   0.00    0.24   117.37    0.00      0.00     0.00   0.00    0.00     0.00    0.00      0.00     0.00   0.00    0.00     0.00    0.00    0.00    2.09  40.50


avg-cpu:  %user   %nice %system %iowait  %steal   %idle
          47.71    0.00   17.26    0.09    0.00   34.94

Device            r/s     rkB/s   rrqm/s  %rrqm r_await rareq-sz     w/s     wkB/s   wrqm/s  %wrqm w_await wareq-sz     d/s     dkB/s   drqm/s  %drqm d_await dareq-sz     f/s f_await  aqu-sz  %util
nvme0n1p3     6304.00 741376.00     0.00   0.00    0.26   117.60    0.00      0.00     0.00   0.00    0.00     0.00    0.00      0.00     0.00   0.00    0.00     0.00    0.00    0.00    1.61  29.10
nvme0n1p4     4772.00 565248.00     0.00   0.00    0.25   118.45    0.00      0.00     0.00   0.00    0.00     0.00    0.00      0.00     0.00   0.00    0.00     0.00    0.00    0.00    1.21  27.30
nvme0n1p5     8544.00 997632.00     0.00   0.00    0.24   116.76    0.00      0.00     0.00   0.00    0.00     0.00    0.00      0.00     0.00   0.00    0.00     0.00    0.00    0.00    2.08  39.90


avg-cpu:  %user   %nice %system %iowait  %steal   %idle
          56.93    0.00   15.60    0.00    0.00   27.47

Device            r/s     rkB/s   rrqm/s  %rrqm r_await rareq-sz     w/s     wkB/s   wrqm/s  %wrqm w_await wareq-sz     d/s     dkB/s   drqm/s  %drqm d_await dareq-sz     f/s f_await  aqu-sz  %util
nvme0n1p3     5382.18 643041.58     0.00   0.00    0.25   119.48    0.00      0.00     0.00   0.00    0.00     0.00    0.00      0.00     0.00   0.00    0.00     0.00    0.00    0.00    1.37  26.53
nvme0n1p4     4080.20 484625.74     0.00   0.00    0.25   118.78    0.00      0.00     0.00   0.00    0.00     0.00    0.00      0.00     0.00   0.00    0.00     0.00    0.00    0.00    1.03  22.18
nvme0n1p5     7558.42 891944.55     0.00   0.00    0.24   118.01    0.00      0.00     0.00   0.00    0.00     0.00    0.00      0.00     0.00   0.00    0.00     0.00    0.00    0.00    1.85  35.25


avg-cpu:  %user   %nice %system %iowait  %steal   %idle
          59.12    0.00   14.72    0.09    0.00   26.08

Device            r/s     rkB/s   rrqm/s  %rrqm r_await rareq-sz     w/s     wkB/s   wrqm/s  %wrqm w_await wareq-sz     d/s     dkB/s   drqm/s  %drqm d_await dareq-sz     f/s f_await  aqu-sz  %util
nvme0n1p3     5512.00 655104.00     0.00   0.00    0.25   118.85    0.00      0.00     0.00   0.00    0.00     0.00    0.00      0.00     0.00   0.00    0.00     0.00    0.00    0.00    1.38  27.10
nvme0n1p4     4119.00 494592.00     0.00   0.00    0.26   120.08    0.00      0.00     0.00   0.00    0.00     0.00    0.00      0.00     0.00   0.00    0.00     0.00    0.00    0.00    1.06  22.40
nvme0n1p5     7670.00 904192.00     0.00   0.00    0.24   117.89    0.00      0.00     0.00   0.00    0.00     0.00    0.00      0.00     0.00   0.00    0.00     0.00    0.00    0.00    1.86  36.30


avg-cpu:  %user   %nice %system %iowait  %steal   %idle
          59.48    0.00   14.76    0.09    0.00   25.67

Device            r/s     rkB/s   rrqm/s  %rrqm r_await rareq-sz     w/s     wkB/s   wrqm/s  %wrqm w_await wareq-sz     d/s     dkB/s   drqm/s  %drqm d_await dareq-sz     f/s f_await  aqu-sz  %util
nvme0n1p3     5546.00 664576.00     0.00   0.00    0.26   119.83    0.00      0.00     0.00   0.00    0.00     0.00    0.00      0.00     0.00   0.00    0.00     0.00    0.00    0.00    1.42  26.00
nvme0n1p4     4224.00 501760.00     0.00   0.00    0.26   118.79    0.00      0.00     0.00   0.00    0.00     0.00    0.00      0.00     0.00   0.00    0.00     0.00    0.00    0.00    1.10  24.10
nvme0n1p5     7625.00 901120.00     0.00   0.00    0.24   118.18    0.00      0.00     0.00   0.00    0.00     0.00    0.00      0.00     0.00   0.00    0.00     0.00    0.00    0.00    1.87  38.40


avg-cpu:  %user   %nice %system %iowait  %steal   %idle
          56.72    0.00   14.74    0.26    0.00   28.28

Device            r/s     rkB/s   rrqm/s  %rrqm r_await rareq-sz     w/s     wkB/s   wrqm/s  %wrqm w_await wareq-sz     d/s     dkB/s   drqm/s  %drqm d_await dareq-sz     f/s f_await  aqu-sz  %util
nvme0n1p3     5151.00 612352.00     0.00   0.00    0.31   118.88    0.00      0.00     0.00   0.00    0.00     0.00    0.00      0.00     0.00   0.00    0.00     0.00    0.00    0.00    1.60  28.40
nvme0n1p4     3799.00 455680.00     0.00   0.00    0.37   119.95    0.00      0.00     0.00   0.00    0.00     0.00    0.00      0.00     0.00   0.00    0.00     0.00    0.00    0.00    1.41  25.10
nvme0n1p5     7150.00 845824.00     0.00   0.00    0.31   118.30    0.00      0.00     0.00   0.00    0.00     0.00    0.00      0.00     0.00   0.00    0.00     0.00    0.00    0.00    2.24  36.00


avg-cpu:  %user   %nice %system %iowait  %steal   %idle
          55.25    0.00   15.75    0.00    0.00   29.00

Device            r/s     rkB/s   rrqm/s  %rrqm r_await rareq-sz     w/s     wkB/s   wrqm/s  %wrqm w_await wareq-sz     d/s     dkB/s   drqm/s  %drqm d_await dareq-sz     f/s f_await  aqu-sz  %util
nvme0n1p3     5674.00 674368.00     0.00   0.00    0.26   118.85    0.00      0.00     0.00   0.00    0.00     0.00    0.00      0.00     0.00   0.00    0.00     0.00    0.00    0.00    1.48  28.30
nvme0n1p4     4277.00 513024.00     0.00   0.00    0.25   119.95    0.00      0.00     0.00   0.00    0.00     0.00    0.00      0.00     0.00   0.00    0.00     0.00    0.00    0.00    1.06  22.70
nvme0n1p5     7849.00 926720.00     0.00   0.00    0.26   118.07    0.00      0.00     0.00   0.00    0.00     0.00    0.00      0.00     0.00   0.00    0.00     0.00    0.00    0.00    2.01  36.50


avg-cpu:  %user   %nice %system %iowait  %steal   %idle
          54.97    0.00   16.14    0.08    0.00   28.80

Device            r/s     rkB/s   rrqm/s  %rrqm r_await rareq-sz     w/s     wkB/s   wrqm/s  %wrqm w_await wareq-sz     d/s     dkB/s   drqm/s  %drqm d_await dareq-sz     f/s f_await  aqu-sz  %util
nvme0n1p3     5827.00 693696.00     0.00   0.00    0.25   119.05    0.00      0.00     0.00   0.00    0.00     0.00    0.00      0.00     0.00   0.00    0.00     0.00    0.00    0.00    1.48  27.40
nvme0n1p4     4474.00 532480.00     0.00   0.00    0.25   119.02    0.00      0.00     0.00   0.00    0.00     0.00    0.00      0.00     0.00   0.00    0.00     0.00    0.00    0.00    1.11  25.00
nvme0n1p5     8054.00 946176.00     0.00   0.00    0.24   117.48    0.00      0.00     0.00   0.00    0.00     0.00    0.00      0.00     0.00   0.00    0.00     0.00    0.00    0.00    1.95  36.50


avg-cpu:  %user   %nice %system %iowait  %steal   %idle
          49.19    0.00   17.16    0.00    0.00   33.65

Device            r/s     rkB/s   rrqm/s  %rrqm r_await rareq-sz     w/s     wkB/s   wrqm/s  %wrqm w_await wareq-sz     d/s     dkB/s   drqm/s  %drqm d_await dareq-sz     f/s f_await  aqu-sz  %util
nvme0n1p3     6434.00 759808.00     0.00   0.00    0.25   118.09    0.00      0.00     0.00   0.00    0.00     0.00    0.00      0.00     0.00   0.00    0.00     0.00    0.00    0.00    1.59  28.40
nvme0n1p4     4823.00 568320.00     0.00   0.00    0.25   117.84    0.00      0.00     0.00   0.00    0.00     0.00    0.00      0.00     0.00   0.00    0.00     0.00    0.00    0.00    1.22  24.80
nvme0n1p5     8673.00 1007616.00     0.00   0.00    0.24   116.18    0.00      0.00     0.00   0.00    0.00     0.00    0.00      0.00     0.00   0.00    0.00     0.00    0.00    0.00    2.11  40.60


avg-cpu:  %user   %nice %system %iowait  %steal   %idle
          44.18    0.00   17.69    0.09    0.00   38.05

Device            r/s     rkB/s   rrqm/s  %rrqm r_await rareq-sz     w/s     wkB/s   wrqm/s  %wrqm w_await wareq-sz     d/s     dkB/s   drqm/s  %drqm d_await dareq-sz     f/s f_await  aqu-sz  %util
nvme0n1p3     6594.00 775680.00     0.00   0.00    0.26   117.63    0.00      0.00     0.00   0.00    0.00     0.00    0.00      0.00     0.00   0.00    0.00     0.00    0.00    0.00    1.69  30.10
nvme0n1p4     5029.00 590848.00     0.00   0.00    0.25   117.49    0.00      0.00     0.00   0.00    0.00     0.00    0.00      0.00     0.00   0.00    0.00     0.00    0.00    0.00    1.24  25.30
nvme0n1p5     9119.00 1056256.00     0.00   0.00    0.24   115.83    0.00      0.00     0.00   0.00    0.00     0.00    0.00      0.00     0.00   0.00    0.00     0.00    0.00    0.00    2.21  43.40


avg-cpu:  %user   %nice %system %iowait  %steal   %idle
          45.38    0.00   17.46    0.00    0.00   37.17

Device            r/s     rkB/s   rrqm/s  %rrqm r_await rareq-sz     w/s     wkB/s   wrqm/s  %wrqm w_await wareq-sz     d/s     dkB/s   drqm/s  %drqm d_await dareq-sz     f/s f_await  aqu-sz  %util
nvme0n1p3     6482.00 761344.00     0.00   0.00    0.25   117.46    0.00      0.00     0.00   0.00    0.00     0.00    0.00      0.00     0.00   0.00    0.00     0.00    0.00    0.00    1.62  30.70
nvme0n1p4     4879.00 576512.00     0.00   0.00    0.25   118.16    0.00      0.00     0.00   0.00    0.00     0.00    0.00      0.00     0.00   0.00    0.00     0.00    0.00    0.00    1.22  25.80
nvme0n1p5     9158.00 1068416.00     0.00   0.00    0.24   116.66    0.00      0.00     0.00   0.00    0.00     0.00    0.00      0.00     0.00   0.00    0.00     0.00    0.00    0.00    2.20  45.10


avg-cpu:  %user   %nice %system %iowait  %steal   %idle
          51.12    0.00   16.95    0.09    0.00   31.84

Device            r/s     rkB/s   rrqm/s  %rrqm r_await rareq-sz     w/s     wkB/s   wrqm/s  %wrqm w_await wareq-sz     d/s     dkB/s   drqm/s  %drqm d_await dareq-sz     f/s f_await  aqu-sz  %util
nvme0n1p3     5769.00 679936.00     0.00   0.00    0.25   117.86    0.00      0.00     0.00   0.00    0.00     0.00    0.00      0.00     0.00   0.00    0.00     0.00    0.00    0.00    1.47  28.20
nvme0n1p4     4452.00 528384.00     0.00   0.00    0.25   118.68    0.00      0.00     0.00   0.00    0.00     0.00    0.00      0.00     0.00   0.00    0.00     0.00    0.00    0.00    1.12  24.10
nvme0n1p5     8212.00 962688.00     0.00   0.00    0.25   117.23    0.00      0.00     0.00   0.00    0.00     0.00    0.00      0.00     0.00   0.00    0.00     0.00    0.00    0.00    2.02  39.60


avg-cpu:  %user   %nice %system %iowait  %steal   %idle
          48.54    0.00   16.98    0.09    0.00   34.39

Device            r/s     rkB/s   rrqm/s  %rrqm r_await rareq-sz     w/s     wkB/s   wrqm/s  %wrqm w_await wareq-sz     d/s     dkB/s   drqm/s  %drqm d_await dareq-sz     f/s f_await  aqu-sz  %util
nvme0n1p3     6122.00 724992.00     0.00   0.00    0.25   118.42    0.00      0.00     0.00   0.00    0.00     0.00    0.00      0.00     0.00   0.00    0.00     0.00    0.00    0.00    1.55  31.50
nvme0n1p4     4893.00 577536.00     0.00   0.00    0.25   118.03    0.00      0.00     0.00   0.00    0.00     0.00    0.00      0.00     0.00   0.00    0.00     0.00    0.00    0.00    1.23  26.00
nvme0n1p5     8750.00 1021952.00     0.00   0.00    0.25   116.79    0.00      0.00     0.00   0.00    0.00     0.00    0.00      0.00     0.00   0.00    0.00     0.00    0.00    0.00    2.16  40.50


avg-cpu:  %user   %nice %system %iowait  %steal   %idle
          44.21    0.00   17.60    0.09    0.00   38.11

Device            r/s     rkB/s   rrqm/s  %rrqm r_await rareq-sz     w/s     wkB/s   wrqm/s  %wrqm w_await wareq-sz     d/s     dkB/s   drqm/s  %drqm d_await dareq-sz     f/s f_await  aqu-sz  %util
nvme0n1p3     6846.00 800768.00     0.00   0.00    0.25   116.97    0.00      0.00     0.00   0.00    0.00     0.00    0.00      0.00     0.00   0.00    0.00     0.00    0.00    0.00    1.74  33.00
nvme0n1p4     4841.00 569344.00     0.00   0.00    0.24   117.61    0.00      0.00     0.00   0.00    0.00     0.00    0.00      0.00     0.00   0.00    0.00     0.00    0.00    0.00    1.19  26.50
nvme0n1p5     9154.00 1067008.00     0.00   0.00    0.24   116.56    0.00      0.00     0.00   0.00    0.00     0.00    0.00      0.00     0.00   0.00    0.00     0.00    0.00    0.00    2.22  42.50


avg-cpu:  %user   %nice %system %iowait  %steal   %idle
          46.43    0.00   17.80    0.00    0.00   35.77

Device            r/s     rkB/s   rrqm/s  %rrqm r_await rareq-sz     w/s     wkB/s   wrqm/s  %wrqm w_await wareq-sz     d/s     dkB/s   drqm/s  %drqm d_await dareq-sz     f/s f_await  aqu-sz  %util
nvme0n1p3     6576.00 777088.00     0.00   0.00    0.25   118.17    0.00      0.00     0.00   0.00    0.00     0.00    0.00      0.00     0.00   0.00    0.00     0.00    0.00    0.00    1.65  31.30
nvme0n1p4     4681.00 551936.00     0.00   0.00    0.25   117.91    0.00      0.00     0.00   0.00    0.00     0.00    0.00      0.00     0.00   0.00    0.00     0.00    0.00    0.00    1.18  26.00
nvme0n1p5     8921.00 1040384.00     0.00   0.00    0.24   116.62    0.00      0.00     0.00   0.00    0.00     0.00    0.00      0.00     0.00   0.00    0.00     0.00    0.00    0.00    2.17  42.80


avg-cpu:  %user   %nice %system %iowait  %steal   %idle
          48.90    0.00   18.53    0.08    0.00   32.49

Device            r/s     rkB/s   rrqm/s  %rrqm r_await rareq-sz     w/s     wkB/s   wrqm/s  %wrqm w_await wareq-sz     d/s     dkB/s   drqm/s  %drqm d_await dareq-sz     f/s f_await  aqu-sz  %util
nvme0n1p3     6357.00 741504.00     0.00   0.00    0.25   116.64    0.00      0.00     0.00   0.00    0.00     0.00    0.00      0.00     0.00   0.00    0.00     0.00    0.00    0.00    1.59  27.30
nvme0n1p4     4868.00 577536.00     0.00   0.00    0.25   118.64    0.00      0.00     0.00   0.00    0.00     0.00    0.00      0.00     0.00   0.00    0.00     0.00    0.00    0.00    1.22  25.10
nvme0n1p5     8420.00 987584.00     0.00   0.00    0.25   117.29    0.00      0.00     0.00   0.00    0.00     0.00    0.00      0.00     0.00   0.00    0.00     0.00    0.00    0.00    2.07  37.30


avg-cpu:  %user   %nice %system %iowait  %steal   %idle
          47.39    0.00   18.91    0.08    0.00   33.61

Device            r/s     rkB/s   rrqm/s  %rrqm r_await rareq-sz     w/s     wkB/s   wrqm/s  %wrqm w_await wareq-sz     d/s     dkB/s   drqm/s  %drqm d_await dareq-sz     f/s f_await  aqu-sz  %util
nvme0n1p3     5948.00 699776.00     0.00   0.00    0.25   117.65    0.00      0.00     0.00   0.00    0.00     0.00    0.00      0.00     0.00   0.00    0.00     0.00    0.00    0.00    1.48  28.70
nvme0n1p4     4514.00 535552.00     0.00   0.00    0.25   118.64    0.00      0.00     0.00   0.00    0.00     0.00    0.00      0.00     0.00   0.00    0.00     0.00    0.00    0.00    1.12  23.40
nvme0n1p5     8245.00 964160.00     0.00   0.00    0.24   116.94    0.00      0.00     0.00   0.00    0.00     0.00    0.00      0.00     0.00   0.00    0.00     0.00    0.00    0.00    2.01  36.90


avg-cpu:  %user   %nice %system %iowait  %steal   %idle
          46.27    0.00   18.57    0.08    0.00   35.07

Device            r/s     rkB/s   rrqm/s  %rrqm r_await rareq-sz     w/s     wkB/s   wrqm/s  %wrqm w_await wareq-sz     d/s     dkB/s   drqm/s  %drqm d_await dareq-sz     f/s f_await  aqu-sz  %util
nvme0n1p3     6349.00 745088.00     0.00   0.00    0.26   117.36    0.00      0.00     0.00   0.00    0.00     0.00    0.00      0.00     0.00   0.00    0.00     0.00    0.00    0.00    1.62  29.30
nvme0n1p4     4813.00 569344.00     0.00   0.00    0.24   118.29    0.00      0.00     0.00   0.00    0.00     0.00    0.00      0.00     0.00   0.00    0.00     0.00    0.00    0.00    1.17  26.60
nvme0n1p5     8528.00 993280.00     0.00   0.00    0.24   116.47    0.00      0.00     0.00   0.00    0.00     0.00    0.00      0.00     0.00   0.00    0.00     0.00    0.00    0.00    2.08  39.50


avg-cpu:  %user   %nice %system %iowait  %steal   %idle
          48.26    0.00   18.27    0.00    0.00   33.47

Device            r/s     rkB/s   rrqm/s  %rrqm r_await rareq-sz     w/s     wkB/s   wrqm/s  %wrqm w_await wareq-sz     d/s     dkB/s   drqm/s  %drqm d_await dareq-sz     f/s f_await  aqu-sz  %util
nvme0n1p3     6457.00 761088.00     0.00   0.00    0.25   117.87    0.00      0.00     0.00   0.00    0.00     0.00    0.00      0.00     0.00   0.00    0.00     0.00    0.00    0.00    1.64  30.50
nvme0n1p4     4851.00 571392.00     0.00   0.00    0.25   117.79    0.00      0.00     0.00   0.00    0.00     0.00    0.00      0.00     0.00   0.00    0.00     0.00    0.00    0.00    1.20  25.20
nvme0n1p5     8751.00 1019904.00     0.00   0.00    0.24   116.55    0.00      0.00     0.00   0.00    0.00     0.00    0.00      0.00     0.00   0.00    0.00     0.00    0.00    0.00    2.11  41.80


avg-cpu:  %user   %nice %system %iowait  %steal   %idle
          49.16    0.00   16.97    0.08    0.00   33.78

Device            r/s     rkB/s   rrqm/s  %rrqm r_await rareq-sz     w/s     wkB/s   wrqm/s  %wrqm w_await wareq-sz     d/s     dkB/s   drqm/s  %drqm d_await dareq-sz     f/s f_await  aqu-sz  %util
nvme0n1p3     6304.00 742144.00     0.00   0.00    0.25   117.73    0.00      0.00     0.00   0.00    0.00     0.00    0.00      0.00     0.00   0.00    0.00     0.00    0.00    0.00    1.60  27.60
nvme0n1p4     4704.00 556032.00     0.00   0.00    0.26   118.20    0.00      0.00     0.00   0.00    0.00     0.00    0.00      0.00     0.00   0.00    0.00     0.00    0.00    0.00    1.22  26.40
nvme0n1p5     8750.00 1021952.00     0.00   0.00    0.24   116.79    0.00      0.00     0.00   0.00    0.00     0.00    0.00      0.00     0.00   0.00    0.00     0.00    0.00    0.00    2.12  39.40


avg-cpu:  %user   %nice %system %iowait  %steal   %idle
          49.63    0.00   16.57    0.08    0.00   33.72

Device            r/s     rkB/s   rrqm/s  %rrqm r_await rareq-sz     w/s     wkB/s   wrqm/s  %wrqm w_await wareq-sz     d/s     dkB/s   drqm/s  %drqm d_await dareq-sz     f/s f_await  aqu-sz  %util
nvme0n1p3     5899.00 697344.00     1.00   0.02    0.25   118.21    0.00      0.00     0.00   0.00    0.00     0.00    0.00      0.00     0.00   0.00    0.00     0.00    0.00    0.00    1.48  27.80
nvme0n1p4     4446.00 525312.00     0.00   0.00    0.26   118.15    0.00      0.00     0.00   0.00    0.00     0.00    0.00      0.00     0.00   0.00    0.00     0.00    0.00    0.00    1.16  23.60
nvme0n1p5     8263.00 964608.00     0.00   0.00    0.25   116.74    0.00      0.00     0.00   0.00    0.00     0.00    0.00      0.00     0.00   0.00    0.00     0.00    0.00    0.00    2.03  37.80


avg-cpu:  %user   %nice %system %iowait  %steal   %idle
          57.06    0.00   15.38    0.08    0.00   27.48

Device            r/s     rkB/s   rrqm/s  %rrqm r_await rareq-sz     w/s     wkB/s   wrqm/s  %wrqm w_await wareq-sz     d/s     dkB/s   drqm/s  %drqm d_await dareq-sz     f/s f_await  aqu-sz  %util
nvme0n1p3     5651.00 671744.00     0.00   0.00    0.25   118.87    0.00      0.00     0.00   0.00    0.00     0.00    0.00      0.00     0.00   0.00    0.00     0.00    0.00    0.00    1.44  26.10
nvme0n1p4     4253.00 505856.00     0.00   0.00    0.25   118.94    0.00      0.00     0.00   0.00    0.00     0.00    0.00      0.00     0.00   0.00    0.00     0.00    0.00    0.00    1.05  21.70
nvme0n1p5     7717.00 904832.00     0.00   0.00    0.24   117.25    0.00      0.00     0.00   0.00    0.00     0.00    0.00      0.00     0.00   0.00    0.00     0.00    0.00    0.00    1.89  36.40


avg-cpu:  %user   %nice %system %iowait  %steal   %idle
          48.36    0.00   17.27    0.00    0.00   34.38

Device            r/s     rkB/s   rrqm/s  %rrqm r_await rareq-sz     w/s     wkB/s   wrqm/s  %wrqm w_await wareq-sz     d/s     dkB/s   drqm/s  %drqm d_await dareq-sz     f/s f_await  aqu-sz  %util
nvme0n1p3     5958.00 700416.00     0.00   0.00    0.26   117.56    0.00      0.00     0.00   0.00    0.00     0.00    0.00      0.00     0.00   0.00    0.00     0.00    0.00    0.00    1.54  27.70
nvme0n1p4     4667.00 551936.00     0.00   0.00    0.30   118.26    0.00      0.00     0.00   0.00    0.00     0.00    0.00      0.00     0.00   0.00    0.00     0.00    0.00    0.00    1.39  25.80
nvme0n1p5     8804.00 1025408.00     0.00   0.00    0.28   116.47    0.00      0.00     0.00   0.00    0.00     0.00    0.00      0.00     0.00   0.00    0.00     0.00    0.00    0.00    2.45  42.30


avg-cpu:  %user   %nice %system %iowait  %steal   %idle
          50.08    0.00   16.50    0.08    0.00   33.33

Device            r/s     rkB/s   rrqm/s  %rrqm r_await rareq-sz     w/s     wkB/s   wrqm/s  %wrqm w_await wareq-sz     d/s     dkB/s   drqm/s  %drqm d_await dareq-sz     f/s f_await  aqu-sz  %util
nvme0n1p3     6156.00 724992.00     0.00   0.00    0.25   117.77    0.00      0.00     0.00   0.00    0.00     0.00    0.00      0.00     0.00   0.00    0.00     0.00    0.00    0.00    1.56  28.80
nvme0n1p4     4906.00 580608.00     0.00   0.00    0.25   118.35    0.00      0.00     0.00   0.00    0.00     0.00    0.00      0.00     0.00   0.00    0.00     0.00    0.00    0.00    1.24  25.30
nvme0n1p5     8675.00 1015808.00     0.00   0.00    0.25   117.10    0.00      0.00     0.00   0.00    0.00     0.00    0.00      0.00     0.00   0.00    0.00     0.00    0.00    0.00    2.13  41.90


avg-cpu:  %user   %nice %system %iowait  %steal   %idle
          48.64    0.00   15.88    0.00    0.00   35.48

Device            r/s     rkB/s   rrqm/s  %rrqm r_await rareq-sz     w/s     wkB/s   wrqm/s  %wrqm w_await wareq-sz     d/s     dkB/s   drqm/s  %drqm d_await dareq-sz     f/s f_await  aqu-sz  %util
nvme0n1p3     6103.00 719872.00     0.00   0.00    0.26   117.95    0.00      0.00     0.00   0.00    0.00     0.00    0.00      0.00     0.00   0.00    0.00     0.00    0.00    0.00    1.56  27.30
nvme0n1p4     4437.00 524288.00     0.00   0.00    0.25   118.16    0.00      0.00     0.00   0.00    0.00     0.00    0.00      0.00     0.00   0.00    0.00     0.00    0.00    0.00    1.12  23.40
nvme0n1p5     8321.00 967680.00     0.00   0.00    0.24   116.29    0.00      0.00     0.00   0.00    0.00     0.00    0.00      0.00     0.00   0.00    0.00     0.00    0.00    0.00    2.04  35.90


avg-cpu:  %user   %nice %system %iowait  %steal   %idle
          49.21    0.00   16.15    0.08    0.00   34.55

Device            r/s     rkB/s   rrqm/s  %rrqm r_await rareq-sz     w/s     wkB/s   wrqm/s  %wrqm w_await wareq-sz     d/s     dkB/s   drqm/s  %drqm d_await dareq-sz     f/s f_await  aqu-sz  %util
nvme0n1p3     6548.00 768000.00     0.00   0.00    0.25   117.29    0.00      0.00     0.00   0.00    0.00     0.00    0.00      0.00     0.00   0.00    0.00     0.00    0.00    0.00    1.66  30.60
nvme0n1p4     4736.00 559104.00     1.00   0.02    0.24   118.05    0.00      0.00     0.00   0.00    0.00     0.00    0.00      0.00     0.00   0.00    0.00     0.00    0.00    0.00    1.12  24.10
nvme0n1p5     8890.00 1039104.00     0.00   0.00    0.24   116.88    0.00      0.00     0.00   0.00    0.00     0.00    0.00      0.00     0.00   0.00    0.00     0.00    0.00    0.00    2.10  40.10


avg-cpu:  %user   %nice %system %iowait  %steal   %idle
          46.51    0.00   16.45    0.00    0.00   37.04

Device            r/s     rkB/s   rrqm/s  %rrqm r_await rareq-sz     w/s     wkB/s   wrqm/s  %wrqm w_await wareq-sz     d/s     dkB/s   drqm/s  %drqm d_await dareq-sz     f/s f_await  aqu-sz  %util
nvme0n1p3     6659.00 777600.00     0.00   0.00    0.25   116.77    0.00      0.00     0.00   0.00    0.00     0.00    0.00      0.00     0.00   0.00    0.00     0.00    0.00    0.00    1.67  29.50
nvme0n1p4     4643.00 546816.00     0.00   0.00    0.25   117.77    0.00      0.00     0.00   0.00    0.00     0.00    0.00      0.00     0.00   0.00    0.00     0.00    0.00    0.00    1.16  23.90
nvme0n1p5     8853.00 1033664.00     0.00   0.00    0.24   116.76    0.00      0.00     0.00   0.00    0.00     0.00    0.00      0.00     0.00   0.00    0.00     0.00    0.00    0.00    2.14  42.30


avg-cpu:  %user   %nice %system %iowait  %steal   %idle
          46.05    0.00   15.30    0.17    0.00   38.49

Device            r/s     rkB/s   rrqm/s  %rrqm r_await rareq-sz     w/s     wkB/s   wrqm/s  %wrqm w_await wareq-sz     d/s     dkB/s   drqm/s  %drqm d_await dareq-sz     f/s f_await  aqu-sz  %util
nvme0n1p3     6062.00 711296.00     0.00   0.00    0.27   117.34    0.00      0.00     0.00   0.00    0.00     0.00    0.00      0.00     0.00   0.00    0.00     0.00    0.00    0.00    1.63  26.20
nvme0n1p4     4705.00 553920.00     0.00   0.00    0.28   117.73    0.00      0.00     0.00   0.00    0.00     0.00    0.00      0.00     0.00   0.00    0.00     0.00    0.00    0.00    1.30  23.50
nvme0n1p5     8195.00 956224.00     0.00   0.00    0.25   116.68    0.00      0.00     0.00   0.00    0.00     0.00    0.00      0.00     0.00   0.00    0.00     0.00    0.00    0.00    2.05  39.40


avg-cpu:  %user   %nice %system %iowait  %steal   %idle
          55.82    0.00   14.14    0.08    0.00   29.96

Device            r/s     rkB/s   rrqm/s  %rrqm r_await rareq-sz     w/s     wkB/s   wrqm/s  %wrqm w_await wareq-sz     d/s     dkB/s   drqm/s  %drqm d_await dareq-sz     f/s f_await  aqu-sz  %util
nvme0n1p3     5477.00 644096.00     0.00   0.00    0.25   117.60    0.00      0.00     0.00   0.00    0.00     0.00    0.00      0.00     0.00   0.00    0.00     0.00    0.00    0.00    1.35  25.20
nvme0n1p4     3920.00 461888.00     0.00   0.00    0.25   117.83    0.00      0.00     0.00   0.00    0.00     0.00    0.00      0.00     0.00   0.00    0.00     0.00    0.00    0.00    0.97  22.40
nvme0n1p5     7596.00 890880.00     0.00   0.00    0.24   117.28    0.00      0.00     0.00   0.00    0.00     0.00    0.00      0.00     0.00   0.00    0.00     0.00    0.00    0.00    1.81  36.60


avg-cpu:  %user   %nice %system %iowait  %steal   %idle
          51.09    0.00   16.75    0.00    0.00   32.16

Device            r/s     rkB/s   rrqm/s  %rrqm r_await rareq-sz     w/s     wkB/s   wrqm/s  %wrqm w_await wareq-sz     d/s     dkB/s   drqm/s  %drqm d_await dareq-sz     f/s f_await  aqu-sz  %util
nvme0n1p3     6059.00 712704.00     0.00   0.00    0.25   117.63    0.00      0.00     0.00   0.00    0.00     0.00    0.00      0.00     0.00   0.00    0.00     0.00    0.00    0.00    1.51  26.20
nvme0n1p4     4827.00 574464.00     0.00   0.00    0.25   119.01    0.00      0.00     0.00   0.00    0.00     0.00    0.00      0.00     0.00   0.00    0.00     0.00    0.00    0.00    1.21  25.20
nvme0n1p5     8220.00 960576.00     0.00   0.00    0.24   116.86    0.00      0.00     0.00   0.00    0.00     0.00    0.00      0.00     0.00   0.00    0.00     0.00    0.00    0.00    2.00  39.60


avg-cpu:  %user   %nice %system %iowait  %steal   %idle
          47.95    0.00   16.60    0.08    0.00   35.37

Device            r/s     rkB/s   rrqm/s  %rrqm r_await rareq-sz     w/s     wkB/s   wrqm/s  %wrqm w_await wareq-sz     d/s     dkB/s   drqm/s  %drqm d_await dareq-sz     f/s f_await  aqu-sz  %util
nvme0n1p3     6439.00 753664.00     0.00   0.00    0.25   117.05    0.00      0.00     0.00   0.00    0.00     0.00    0.00      0.00     0.00   0.00    0.00     0.00    0.00    0.00    1.61  30.50
nvme0n1p4     4947.00 581632.00     0.00   0.00    0.25   117.57    0.00      0.00     0.00   0.00    0.00     0.00    0.00      0.00     0.00   0.00    0.00     0.00    0.00    0.00    1.23  26.30
nvme0n1p5     8807.00 1029056.00     0.00   0.00    0.24   116.85    0.00      0.00     0.00   0.00    0.00     0.00    0.00      0.00     0.00   0.00    0.00     0.00    0.00    0.00    2.14  39.80


avg-cpu:  %user   %nice %system %iowait  %steal   %idle
          47.59    0.00   17.14    0.00    0.00   35.27

Device            r/s     rkB/s   rrqm/s  %rrqm r_await rareq-sz     w/s     wkB/s   wrqm/s  %wrqm w_await wareq-sz     d/s     dkB/s   drqm/s  %drqm d_await dareq-sz     f/s f_await  aqu-sz  %util
nvme0n1p3     6569.00 774144.00     0.00   0.00    0.25   117.85    0.00      0.00     0.00   0.00    0.00     0.00    0.00      0.00     0.00   0.00    0.00     0.00    0.00    0.00    1.66  28.70
nvme0n1p4     4872.00 577536.00     0.00   0.00    0.25   118.54    0.00      0.00     0.00   0.00    0.00     0.00    0.00      0.00     0.00   0.00    0.00     0.00    0.00    0.00    1.21  26.20
nvme0n1p5     8858.00 1028736.00     0.00   0.00    0.24   116.14    0.00      0.00     0.00   0.00    0.00     0.00    0.00      0.00     0.00   0.00    0.00     0.00    0.00    0.00    2.13  43.60


avg-cpu:  %user   %nice %system %iowait  %steal   %idle
          53.67    0.00   15.44    0.08    0.00   30.80

Device            r/s     rkB/s   rrqm/s  %rrqm r_await rareq-sz     w/s     wkB/s   wrqm/s  %wrqm w_await wareq-sz     d/s     dkB/s   drqm/s  %drqm d_await dareq-sz     f/s f_await  aqu-sz  %util
nvme0n1p3     5845.00 689152.00     0.00   0.00    0.25   117.90    0.00      0.00     0.00   0.00    0.00     0.00    0.00      0.00     0.00   0.00    0.00     0.00    0.00    0.00    1.48  27.00
nvme0n1p4     4416.00 525440.00     0.00   0.00    0.26   118.99    0.00      0.00     0.00   0.00    0.00     0.00    0.00      0.00     0.00   0.00    0.00     0.00    0.00    0.00    1.13  22.10
nvme0n1p5     8029.00 944512.00     0.00   0.00    0.24   117.64    0.00      0.00     0.00   0.00    0.00     0.00    0.00      0.00     0.00   0.00    0.00     0.00    0.00    0.00    1.95  36.80


avg-cpu:  %user   %nice %system %iowait  %steal   %idle
          52.95    0.00   15.18    0.08    0.00   31.79

Device            r/s     rkB/s   rrqm/s  %rrqm r_await rareq-sz     w/s     wkB/s   wrqm/s  %wrqm w_await wareq-sz     d/s     dkB/s   drqm/s  %drqm d_await dareq-sz     f/s f_await  aqu-sz  %util
nvme0n1p3     5978.00 702464.00     0.00   0.00    0.27   117.51    0.00      0.00     0.00   0.00    0.00     0.00    0.00      0.00     0.00   0.00    0.00     0.00    0.00    0.00    1.59  26.40
nvme0n1p4     4589.00 538496.00     0.00   0.00    0.25   117.34    0.00      0.00     0.00   0.00    0.00     0.00    0.00      0.00     0.00   0.00    0.00     0.00    0.00    0.00    1.14  22.90
nvme0n1p5     8239.00 966656.00     0.00   0.00    0.25   117.33    0.00      0.00     0.00   0.00    0.00     0.00    0.00      0.00     0.00   0.00    0.00     0.00    0.00    0.00    2.08  38.10


avg-cpu:  %user   %nice %system %iowait  %steal   %idle
          48.44    0.00   17.38    0.08    0.00   34.09

Device            r/s     rkB/s   rrqm/s  %rrqm r_await rareq-sz     w/s     wkB/s   wrqm/s  %wrqm w_await wareq-sz     d/s     dkB/s   drqm/s  %drqm d_await dareq-sz     f/s f_await  aqu-sz  %util
nvme0n1p3     6197.00 733632.00     0.00   0.00    0.25   118.39    0.00      0.00     0.00   0.00    0.00     0.00    0.00      0.00     0.00   0.00    0.00     0.00    0.00    0.00    1.52  29.90
nvme0n1p4     4669.00 552960.00     0.00   0.00    0.25   118.43    0.00      0.00     0.00   0.00    0.00     0.00    0.00      0.00     0.00   0.00    0.00     0.00    0.00    0.00    1.17  24.00
nvme0n1p5     8849.00 1032192.00     0.00   0.00    0.24   116.65    0.00      0.00     0.00   0.00    0.00     0.00    0.00      0.00     0.00   0.00    0.00     0.00    0.00    0.00    2.15  42.00


avg-cpu:  %user   %nice %system %iowait  %steal   %idle
          52.04    0.00   15.73    0.00    0.00   32.23

Device            r/s     rkB/s   rrqm/s  %rrqm r_await rareq-sz     w/s     wkB/s   wrqm/s  %wrqm w_await wareq-sz     d/s     dkB/s   drqm/s  %drqm d_await dareq-sz     f/s f_await  aqu-sz  %util
nvme0n1p3     5785.00 687680.00     0.00   0.00    0.25   118.87    0.00      0.00     0.00   0.00    0.00     0.00    0.00      0.00     0.00   0.00    0.00     0.00    0.00    0.00    1.46  26.20
nvme0n1p4     4436.00 528000.00     0.00   0.00    0.25   119.03    0.00      0.00     0.00   0.00    0.00     0.00    0.00      0.00     0.00   0.00    0.00     0.00    0.00    0.00    1.13  21.40
nvme0n1p5     8315.00 975872.00     0.00   0.00    0.24   117.36    0.00      0.00     0.00   0.00    0.00     0.00    0.00      0.00     0.00   0.00    0.00     0.00    0.00    0.00    2.01  40.50


avg-cpu:  %user   %nice %system %iowait  %steal   %idle
          48.75    0.00   15.96    0.09    0.00   35.20

Device            r/s     rkB/s   rrqm/s  %rrqm r_await rareq-sz     w/s     wkB/s   wrqm/s  %wrqm w_await wareq-sz     d/s     dkB/s   drqm/s  %drqm d_await dareq-sz     f/s f_await  aqu-sz  %util
nvme0n1p3     5989.00 705536.00     0.00   0.00    0.25   117.81    0.00      0.00     0.00   0.00    0.00     0.00    0.00      0.00     0.00   0.00    0.00     0.00    0.00    0.00    1.49  29.60
nvme0n1p4     4733.00 561536.00     0.00   0.00    0.25   118.64    0.00      0.00     0.00   0.00    0.00     0.00    0.00      0.00     0.00   0.00    0.00     0.00    0.00    0.00    1.19  24.60
nvme0n1p5     8440.00 984064.00     0.00   0.00    0.24   116.60    0.00      0.00     0.00   0.00    0.00     0.00    0.00      0.00     0.00   0.00    0.00     0.00    0.00    0.00    2.02  39.20


avg-cpu:  %user   %nice %system %iowait  %steal   %idle
          52.64    0.00   15.05    0.09    0.00   32.23

Device            r/s     rkB/s   rrqm/s  %rrqm r_await rareq-sz     w/s     wkB/s   wrqm/s  %wrqm w_await wareq-sz     d/s     dkB/s   drqm/s  %drqm d_await dareq-sz     f/s f_await  aqu-sz  %util
nvme0n1p3     5858.00 689152.00     0.00   0.00    0.25   117.64    0.00      0.00     0.00   0.00    0.00     0.00    0.00      0.00     0.00   0.00    0.00     0.00    0.00    0.00    1.46  27.00
nvme0n1p4     4423.00 524288.00     0.00   0.00    0.26   118.54    0.00      0.00     0.00   0.00    0.00     0.00    0.00      0.00     0.00   0.00    0.00     0.00    0.00    0.00    1.15  23.20
nvme0n1p5     8124.00 948224.00     0.00   0.00    0.24   116.72    0.00      0.00     0.00   0.00    0.00     0.00    0.00      0.00     0.00   0.00    0.00     0.00    0.00    0.00    1.98  39.30


avg-cpu:  %user   %nice %system %iowait  %steal   %idle
          62.85    0.00   13.83    0.00    0.00   23.31

Device            r/s     rkB/s   rrqm/s  %rrqm r_await rareq-sz     w/s     wkB/s   wrqm/s  %wrqm w_await wareq-sz     d/s     dkB/s   drqm/s  %drqm d_await dareq-sz     f/s f_await  aqu-sz  %util
nvme0n1p3     5253.00 625664.00     0.00   0.00    0.25   119.11    0.00      0.00     0.00   0.00    0.00     0.00    0.00      0.00     0.00   0.00    0.00     0.00    0.00    0.00    1.32  24.80
nvme0n1p4     3727.00 448512.00     0.00   0.00    0.27   120.34    0.00      0.00     0.00   0.00    0.00     0.00    0.00      0.00     0.00   0.00    0.00     0.00    0.00    0.00    0.99  20.20
nvme0n1p5     6991.00 824320.00     0.00   0.00    0.25   117.91    0.00      0.00     0.00   0.00    0.00     0.00    0.00      0.00     0.00   0.00    0.00     0.00    0.00    0.00    1.73  36.10


avg-cpu:  %user   %nice %system %iowait  %steal   %idle
          58.12    0.00   14.62    0.09    0.00   27.18

Device            r/s     rkB/s   rrqm/s  %rrqm r_await rareq-sz     w/s     wkB/s   wrqm/s  %wrqm w_await wareq-sz     d/s     dkB/s   drqm/s  %drqm d_await dareq-sz     f/s f_await  aqu-sz  %util
nvme0n1p3     5591.00 663552.00     0.00   0.00    0.25   118.68    0.00      0.00     0.00   0.00    0.00     0.00    0.00      0.00     0.00   0.00    0.00     0.00    0.00    0.00    1.40  28.70
nvme0n1p4     4099.00 493568.00     0.00   0.00    0.24   120.41    0.00      0.00     0.00   0.00    0.00     0.00    0.00      0.00     0.00   0.00    0.00     0.00    0.00    0.00    1.00  22.20
nvme0n1p5     7636.00 902144.00     0.00   0.00    0.24   118.14    0.00      0.00     0.00   0.00    0.00     0.00    0.00      0.00     0.00   0.00    0.00     0.00    0.00    0.00    1.84  38.10


avg-cpu:  %user   %nice %system %iowait  %steal   %idle
          59.59    0.00   14.64    0.00    0.00   25.77

Device            r/s     rkB/s   rrqm/s  %rrqm r_await rareq-sz     w/s     wkB/s   wrqm/s  %wrqm w_await wareq-sz     d/s     dkB/s   drqm/s  %drqm d_await dareq-sz     f/s f_await  aqu-sz  %util
nvme0n1p3     5663.00 671744.00     0.00   0.00    0.25   118.62    0.00      0.00     0.00   0.00    0.00     0.00    0.00      0.00     0.00   0.00    0.00     0.00    0.00    0.00    1.43  26.50
nvme0n1p4     4224.00 507904.00     0.00   0.00    0.26   120.24    0.00      0.00     0.00   0.00    0.00     0.00    0.00      0.00     0.00   0.00    0.00     0.00    0.00    0.00    1.08  21.00
nvme0n1p5     7705.00 915968.00     0.00   0.00    0.24   118.88    0.00      0.00     0.00   0.00    0.00     0.00    0.00      0.00     0.00   0.00    0.00     0.00    0.00    0.00    1.88  36.30


avg-cpu:  %user   %nice %system %iowait  %steal   %idle
          61.40    0.00   14.60    0.00    0.00   24.00

Device            r/s     rkB/s   rrqm/s  %rrqm r_await rareq-sz     w/s     wkB/s   wrqm/s  %wrqm w_await wareq-sz     d/s     dkB/s   drqm/s  %drqm d_await dareq-sz     f/s f_await  aqu-sz  %util
nvme0n1p3     5401.00 647168.00     1.00   0.02    0.25   119.82    0.00      0.00     0.00   0.00    0.00     0.00    0.00      0.00     0.00   0.00    0.00     0.00    0.00    0.00    1.33  27.50
nvme0n1p4     3868.00 466944.00     0.00   0.00    0.25   120.72    0.00      0.00     0.00   0.00    0.00     0.00    0.00      0.00     0.00   0.00    0.00     0.00    0.00    0.00    0.98  19.60
nvme0n1p5     6955.00 822784.00     0.00   0.00    0.25   118.30    0.00      0.00     0.00   0.00    0.00     0.00    0.00      0.00     0.00   0.00    0.00     0.00    0.00    0.00    1.74  33.50


avg-cpu:  %user   %nice %system %iowait  %steal   %idle
          58.60    0.00   14.31    0.09    0.00   27.00

Device            r/s     rkB/s   rrqm/s  %rrqm r_await rareq-sz     w/s     wkB/s   wrqm/s  %wrqm w_await wareq-sz     d/s     dkB/s   drqm/s  %drqm d_await dareq-sz     f/s f_await  aqu-sz  %util
nvme0n1p3     5605.00 669696.00     0.00   0.00    0.25   119.48    0.00      0.00     0.00   0.00    0.00     0.00    0.00      0.00     0.00   0.00    0.00     0.00    0.00    0.00    1.40  25.90
nvme0n1p4     4228.00 505856.00     0.00   0.00    0.25   119.64    0.00      0.00     0.00   0.00    0.00     0.00    0.00      0.00     0.00   0.00    0.00     0.00    0.00    0.00    1.08  22.10
nvme0n1p5     7734.00 914432.00     0.00   0.00    0.24   118.24    0.00      0.00     0.00   0.00    0.00     0.00    0.00      0.00     0.00   0.00    0.00     0.00    0.00    0.00    1.89  37.10


avg-cpu:  %user   %nice %system %iowait  %steal   %idle
          58.18    0.00   13.88    0.00    0.00   27.93

Device            r/s     rkB/s   rrqm/s  %rrqm r_await rareq-sz     w/s     wkB/s   wrqm/s  %wrqm w_await wareq-sz     d/s     dkB/s   drqm/s  %drqm d_await dareq-sz     f/s f_await  aqu-sz  %util
nvme0n1p3     5354.00 637952.00     0.00   0.00    0.28   119.15    0.00      0.00     0.00   0.00    0.00     0.00    0.00      0.00     0.00   0.00    0.00     0.00    0.00    0.00    1.48  26.90
nvme0n1p4     4128.00 493568.00     0.00   0.00    0.26   119.57    0.00      0.00     0.00   0.00    0.00     0.00    0.00      0.00     0.00   0.00    0.00     0.00    0.00    0.00    1.08  22.60
nvme0n1p5     7370.00 871424.00     0.00   0.00    0.25   118.24    0.00      0.00     0.00   0.00    0.00     0.00    0.00      0.00     0.00   0.00    0.00     0.00    0.00    0.00    1.82  35.60


avg-cpu:  %user   %nice %system %iowait  %steal   %idle
          49.78    0.00   16.71    0.09    0.00   33.42

Device            r/s     rkB/s   rrqm/s  %rrqm r_await rareq-sz     w/s     wkB/s   wrqm/s  %wrqm w_await wareq-sz     d/s     dkB/s   drqm/s  %drqm d_await dareq-sz     f/s f_await  aqu-sz  %util
nvme0n1p3     6148.00 732160.00     0.00   0.00    0.25   119.09    0.00      0.00     0.00   0.00    0.00     0.00    0.00      0.00     0.00   0.00    0.00     0.00    0.00    0.00    1.56  30.40
nvme0n1p4     4792.00 566976.00     0.00   0.00    0.25   118.32    0.00      0.00     0.00   0.00    0.00     0.00    0.00      0.00     0.00   0.00    0.00     0.00    0.00    0.00    1.21  24.20
nvme0n1p5     9049.00 1063552.00     0.00   0.00    0.24   117.53    0.00      0.00     0.00   0.00    0.00     0.00    0.00      0.00     0.00   0.00    0.00     0.00    0.00    0.00    2.20  41.70


avg-cpu:  %user   %nice %system %iowait  %steal   %idle
          49.19    0.00   16.31    0.09    0.00   34.42

Device            r/s     rkB/s   rrqm/s  %rrqm r_await rareq-sz     w/s     wkB/s   wrqm/s  %wrqm w_await wareq-sz     d/s     dkB/s   drqm/s  %drqm d_await dareq-sz     f/s f_await  aqu-sz  %util
nvme0n1p3     6059.00 708608.00     0.00   0.00    0.25   116.95    0.00      0.00     0.00   0.00    0.00     0.00    0.00      0.00     0.00   0.00    0.00     0.00    0.00    0.00    1.49  29.30
nvme0n1p4     4721.00 561472.00     0.00   0.00    0.25   118.93    0.00      0.00     0.00   0.00    0.00     0.00    0.00      0.00     0.00   0.00    0.00     0.00    0.00    0.00    1.18  24.20
nvme0n1p5     8516.00 992640.00     0.00   0.00    0.24   116.56    0.00      0.00     0.00   0.00    0.00     0.00    0.00      0.00     0.00   0.00    0.00     0.00    0.00    0.00    2.07  38.60


avg-cpu:  %user   %nice %system %iowait  %steal   %idle
          19.95    0.00    5.58    0.17    0.00   74.30

Device            r/s     rkB/s   rrqm/s  %rrqm r_await rareq-sz     w/s     wkB/s   wrqm/s  %wrqm w_await wareq-sz     d/s     dkB/s   drqm/s  %drqm d_await dareq-sz     f/s f_await  aqu-sz  %util
nvme0n1p3     1861.00 220160.00     0.00   0.00    0.25   118.30    0.00      0.00     0.00   0.00    0.00     0.00    0.00      0.00     0.00   0.00    0.00     0.00    0.00    0.00    0.46   8.40
nvme0n1p4     1004.00 116736.00     0.00   0.00    0.24   116.27    0.00      0.00     0.00   0.00    0.00     0.00    0.00      0.00     0.00   0.00    0.00     0.00    0.00    0.00    0.24   4.60
nvme0n1p5     2089.00 245760.00     0.00   0.00    0.24   117.64    0.00      0.00     0.00   0.00    0.00     0.00    0.00      0.00     0.00   0.00    0.00     0.00    0.00    0.00    0.50   8.50


avg-cpu:  %user   %nice %system %iowait  %steal   %idle
          10.19    0.00    1.52    0.00    0.00   88.29

Device            r/s     rkB/s   rrqm/s  %rrqm r_await rareq-sz     w/s     wkB/s   wrqm/s  %wrqm w_await wareq-sz     d/s     dkB/s   drqm/s  %drqm d_await dareq-sz     f/s f_await  aqu-sz  %util
nvme0n1p3        0.00      0.00     0.00   0.00    0.00     0.00    0.00      0.00     0.00   0.00    0.00     0.00    0.00      0.00     0.00   0.00    0.00     0.00    0.00    0.00    0.00   0.00
nvme0n1p4        0.00      0.00     0.00   0.00    0.00     0.00    0.00      0.00     0.00   0.00    0.00     0.00    0.00      0.00     0.00   0.00    0.00     0.00    0.00    0.00    0.00   0.00
nvme0n1p5        0.00      0.00     0.00   0.00    0.00     0.00    0.00      0.00     0.00   0.00    0.00     0.00    0.00      0.00     0.00   0.00    0.00     0.00    0.00    0.00    0.00   0.00


avg-cpu:  %user   %nice %system %iowait  %steal   %idle
          10.80    0.00    1.18    0.08    0.00   87.93

Device            r/s     rkB/s   rrqm/s  %rrqm r_await rareq-sz     w/s     wkB/s   wrqm/s  %wrqm w_await wareq-sz     d/s     dkB/s   drqm/s  %drqm d_await dareq-sz     f/s f_await  aqu-sz  %util
nvme0n1p3        0.00      0.00     0.00   0.00    0.00     0.00    0.00      0.00     0.00   0.00    0.00     0.00    0.00      0.00     0.00   0.00    0.00     0.00    0.00    0.00    0.00   0.00
nvme0n1p4        0.00      0.00     0.00   0.00    0.00     0.00    0.00      0.00     0.00   0.00    0.00     0.00    0.00      0.00     0.00   0.00    0.00     0.00    0.00    0.00    0.00   0.00
nvme0n1p5        0.00      0.00     0.00   0.00    0.00     0.00    0.00      0.00     0.00   0.00    0.00     0.00    0.00      0.00     0.00   0.00    0.00     0.00    0.00    0.00    0.00   0.00

